ISO-10303-21;
HEADER;
FILE_DESCRIPTION(('Open CASCADE Model'),'2;1');
FILE_NAME('Open CASCADE Shape Model','2026-09-16T13:36:52',('Author'),(
    'Open CASCADE'),'Open CASCADE STEP processor 7.9','Open CASCADE 7.9'
  ,'Unknown');
FILE_SCHEMA(('AUTOMOTIVE_DESIGN { 1 0 10303 214 1 1 1 1 }'));
ENDSEC;
DATA;
#1 = APPLICATION_PROTOCOL_DEFINITION('international standard',
  'automotive_design',2000,#2);
#2 = APPLICATION_CONTEXT(
  'core data for automotive mechanical design processes');
#3 = SHAPE_DEFINITION_REPRESENTATION(#4,#10);
#4 = PRODUCT_DEFINITION_SHAPE('','',#5);
#5 = PRODUCT_DEFINITION('design','',#6,#9);
#6 = PRODUCT_DEFINITION_FORMATION('','',#7);
#7 = PRODUCT('Open CASCADE STEP translator 7.9 1',
  'Open CASCADE STEP translator 7.9 1','',(#8));
#8 = PRODUCT_CONTEXT('',#2,'mechanical');
#9 = PRODUCT_DEFINITION_CONTEXT('part definition',#2,'design');
#10 = ADVANCED_BREP_SHAPE_REPRESENTATION('',(#11,#15),#11517);
#11 = AXIS2_PLACEMENT_3D('',#12,#13,#14);
#12 = CARTESIAN_POINT('',(0.,0.,0.));
#13 = DIRECTION('',(0.,0.,1.));
#14 = DIRECTION('',(1.,0.,-0.));
#15 = MANIFOLD_SOLID_BREP('',#16);
#16 = CLOSED_SHELL('',(#17,#2726,#3464,#3773,#3822,#4763,#4789,#4838,
    #4886,#4912,#4939,#4987,#5014,#5063,#5089,#5138,#5186,#5212,#5239,
    #5287,#5314,#5363,#5389,#5438,#5486,#5512,#5539,#5587,#5614,#5663,
    #5689,#5738,#5786,#5812,#5839,#5887,#5914,#5990,#6037,#6084,#6116,
    #6192,#6239,#6286,#6318,#6394,#6441,#6488,#6520,#6596,#6643,#6690,
    #6722,#6798,#6845,#6892,#6924,#7000,#7047,#7094,#7126,#7202,#7249,
    #7296,#7328,#7404,#7451,#7498,#7530,#7606,#7653,#7700,#7732,#7808,
    #7855,#7902,#7934,#8010,#8057,#8111,#8136,#8184,#8233,#8260,#8266,
    #8274,#8282,#8290,#8298,#8353,#8408,#8463,#8536,#9305,#9691,#9719,
    #9751,#9783,#9838,#9865,#9892,#9919,#9946,#9993,#10093,#10193,#10200
    ,#10227,#10235,#10243,#10251,#10259,#10314,#10369,#10424,#10471,
    #10518,#10570,#10622,#10649,#10676,#10723,#10775,#10822,#10849,
    #10901,#10928,#10983,#10987,#10991,#10995,#11000,#11085,#11092,
    #11141,#11169,#11176,#11183,#11188,#11195,#11200,#11205,#11254,
    #11303,#11365,#11369,#11376,#11383,#11387,#11391,#11395,#11399,
    #11454,#11509,#11513));
#17 = ADVANCED_FACE('',(#18,#1286,#1406,#1526,#1646,#1766,#1886,#2006,
    #2126,#2246,#2366,#2486,#2606),#33,.T.);
#18 = FACE_BOUND('',#19,.F.);
#19 = EDGE_LOOP('',(#20,#56,#82,#115,#141,#174,#207,#233,#261,#287,#320,
    #353,#379,#407,#433,#466,#499,#525,#553,#579,#612,#645,#671,#699,
    #720,#744,#770,#803,#836,#862,#886,#912,#945,#978,#1004,#1028,#1054,
    #1087,#1120,#1146,#1170,#1196,#1229,#1262));
#20 = ORIENTED_EDGE('',*,*,#21,.F.);
#21 = EDGE_CURVE('',#22,#24,#26,.T.);
#22 = VERTEX_POINT('',#23);
#23 = CARTESIAN_POINT('',(-38.82009788756,63.,3.));
#24 = VERTEX_POINT('',#25);
#25 = CARTESIAN_POINT('',(-62.79929742003,39.143942616323,3.));
#26 = SURFACE_CURVE('',#27,(#32,#44),.PCURVE_S1.);
#27 = CIRCLE('',#28,74.);
#28 = AXIS2_PLACEMENT_3D('',#29,#30,#31);
#29 = CARTESIAN_POINT('',(0.,0.,3.));
#30 = DIRECTION('',(0.,0.,1.));
#31 = DIRECTION('',(-0.5245959174,0.851351351351,0.));
#32 = PCURVE('',#33,#38);
#33 = CYLINDRICAL_SURFACE('',#34,74.);
#34 = AXIS2_PLACEMENT_3D('',#35,#36,#37);
#35 = CARTESIAN_POINT('',(0.,0.,3.));
#36 = DIRECTION('',(-0.,-0.,-1.));
#37 = DIRECTION('',(1.,0.,0.));
#38 = DEFINITIONAL_REPRESENTATION('',(#39),#43);
#39 = LINE('',#40,#41);
#40 = CARTESIAN_POINT('',(-2.12303673374,0.));
#41 = VECTOR('',#42,1.);
#42 = DIRECTION('',(-1.,0.));
#43 = ( GEOMETRIC_REPRESENTATION_CONTEXT(2) 
PARAMETRIC_REPRESENTATION_CONTEXT() REPRESENTATION_CONTEXT('2D SPACE',''
  ) );
#44 = PCURVE('',#45,#50);
#45 = PLANE('',#46);
#46 = AXIS2_PLACEMENT_3D('',#47,#48,#49);
#47 = CARTESIAN_POINT('',(-4.730603701758E-15,6.440411965619E-15,3.));
#48 = DIRECTION('',(0.,0.,1.));
#49 = DIRECTION('',(1.,0.,-0.));
#50 = DEFINITIONAL_REPRESENTATION('',(#51),#55);
#51 = CIRCLE('',#52,74.);
#52 = AXIS2_PLACEMENT_2D('',#53,#54);
#53 = CARTESIAN_POINT('',(4.730603701758E-15,-6.440411965619E-15));
#54 = DIRECTION('',(-0.5245959174,0.851351351351));
#55 = ( GEOMETRIC_REPRESENTATION_CONTEXT(2) 
PARAMETRIC_REPRESENTATION_CONTEXT() REPRESENTATION_CONTEXT('2D SPACE',''
  ) );
#56 = ORIENTED_EDGE('',*,*,#57,.F.);
#57 = EDGE_CURVE('',#58,#22,#60,.T.);
#58 = VERTEX_POINT('',#59);
#59 = CARTESIAN_POINT('',(-38.82009788756,63.,68.));
#60 = SURFACE_CURVE('',#61,(#65,#71),.PCURVE_S1.);
#61 = LINE('',#62,#63);
#62 = CARTESIAN_POINT('',(-38.82009788756,63.,3.));
#63 = VECTOR('',#64,1.);
#64 = DIRECTION('',(-0.,-0.,-1.));
#65 = PCURVE('',#33,#66);
#66 = DEFINITIONAL_REPRESENTATION('',(#67),#70);
#67 = B_SPLINE_CURVE_WITH_KNOTS('',1,(#68,#69),.UNSPECIFIED.,.F.,.F.,(2,
    2),(-65.,-0.),.PIECEWISE_BEZIER_KNOTS.);
#68 = CARTESIAN_POINT('',(-2.12303673374,-65.));
#69 = CARTESIAN_POINT('',(-2.12303673374,0.));
#70 = ( GEOMETRIC_REPRESENTATION_CONTEXT(2) 
PARAMETRIC_REPRESENTATION_CONTEXT() REPRESENTATION_CONTEXT('2D SPACE',''
  ) );
#71 = PCURVE('',#72,#77);
#72 = PLANE('',#73);
#73 = AXIS2_PLACEMENT_3D('',#74,#75,#76);
#74 = CARTESIAN_POINT('',(-85.,63.,-2.));
#75 = DIRECTION('',(0.,1.,0.));
#76 = DIRECTION('',(0.,0.,1.));
#77 = DEFINITIONAL_REPRESENTATION('',(#78),#81);
#78 = B_SPLINE_CURVE_WITH_KNOTS('',1,(#79,#80),.UNSPECIFIED.,.F.,.F.,(2,
    2),(-65.0000006,5.999999999062E-07),.PIECEWISE_BEZIER_KNOTS.);
#79 = CARTESIAN_POINT('',(70.0000006,46.179902112437));
#80 = CARTESIAN_POINT('',(4.9999994,46.179902112437));
#81 = ( GEOMETRIC_REPRESENTATION_CONTEXT(2) 
PARAMETRIC_REPRESENTATION_CONTEXT() REPRESENTATION_CONTEXT('2D SPACE',''
  ) );
#82 = ORIENTED_EDGE('',*,*,#83,.F.);
#83 = EDGE_CURVE('',#84,#58,#86,.T.);
#84 = VERTEX_POINT('',#85);
#85 = CARTESIAN_POINT('',(-50.52826540131,54.063799307249,68.));
#86 = SURFACE_CURVE('',#87,(#92,#99),.PCURVE_S1.);
#87 = CIRCLE('',#88,74.);
#88 = AXIS2_PLACEMENT_3D('',#89,#90,#91);
#89 = CARTESIAN_POINT('',(0.,0.,68.));
#90 = DIRECTION('',(0.,0.,-1.));
#91 = DIRECTION('',(0.5245959174,0.851351351351,0.));
#92 = PCURVE('',#33,#93);
#93 = DEFINITIONAL_REPRESENTATION('',(#94),#98);
#94 = LINE('',#95,#96);
#95 = CARTESIAN_POINT('',(-7.301741227029,-65.));
#96 = VECTOR('',#97,1.);
#97 = DIRECTION('',(1.,-0.));
#98 = ( GEOMETRIC_REPRESENTATION_CONTEXT(2) 
PARAMETRIC_REPRESENTATION_CONTEXT() REPRESENTATION_CONTEXT('2D SPACE',''
  ) );
#99 = PCURVE('',#100,#105);
#100 = PLANE('',#101);
#101 = AXIS2_PLACEMENT_3D('',#102,#103,#104);
#102 = CARTESIAN_POINT('',(-4.730603701758E-15,6.440411965619E-15,68.));
#103 = DIRECTION('',(0.,0.,1.));
#104 = DIRECTION('',(1.,0.,-0.));
#105 = DEFINITIONAL_REPRESENTATION('',(#106),#114);
#106 = ( BOUNDED_CURVE() B_SPLINE_CURVE(2,(#107,#108,#109,#110,#111,#112
,#113),.UNSPECIFIED.,.T.,.F.) B_SPLINE_CURVE_WITH_KNOTS((1,2,2,2,2,1),(
    -2.094395102393,0.,2.094395102393,4.188790204786,6.28318530718,
8.377580409573),.UNSPECIFIED.) CURVE() GEOMETRIC_REPRESENTATION_ITEM() 
RATIONAL_B_SPLINE_CURVE((1.,0.5,1.,0.5,1.,0.5,1.)) REPRESENTATION_ITEM(
  '') );
#107 = CARTESIAN_POINT('',(38.820097887563,63.));
#108 = CARTESIAN_POINT('',(147.9392987644,-4.238381896057));
#109 = CARTESIAN_POINT('',(35.149551494638,-65.11919094802));
#110 = CARTESIAN_POINT('',(-77.64019577512,-126.));
#111 = CARTESIAN_POINT('',(-73.9696493822,2.119190948028));
#112 = CARTESIAN_POINT('',(-70.29910298927,130.23838189605));
#113 = CARTESIAN_POINT('',(38.820097887563,63.));
#114 = ( GEOMETRIC_REPRESENTATION_CONTEXT(2) 
PARAMETRIC_REPRESENTATION_CONTEXT() REPRESENTATION_CONTEXT('2D SPACE',''
  ) );
#115 = ORIENTED_EDGE('',*,*,#116,.T.);
#116 = EDGE_CURVE('',#84,#117,#119,.T.);
#117 = VERTEX_POINT('',#118);
#118 = CARTESIAN_POINT('',(-50.52826540131,54.063799307247,59.));
#119 = SURFACE_CURVE('',#120,(#124,#130),.PCURVE_S1.);
#120 = LINE('',#121,#122);
#121 = CARTESIAN_POINT('',(-50.52826540131,54.063799307247,3.));
#122 = VECTOR('',#123,1.);
#123 = DIRECTION('',(-0.,-0.,-1.));
#124 = PCURVE('',#33,#125);
#125 = DEFINITIONAL_REPRESENTATION('',(#126),#129);
#126 = B_SPLINE_CURVE_WITH_KNOTS('',1,(#127,#128),.UNSPECIFIED.,.F.,.F.,
  (2,2),(-65.0000006,-55.1),.PIECEWISE_BEZIER_KNOTS.);
#127 = CARTESIAN_POINT('',(-2.322404276619,-65.0000006));
#128 = CARTESIAN_POINT('',(-2.322404276619,-55.1));
#129 = ( GEOMETRIC_REPRESENTATION_CONTEXT(2) 
PARAMETRIC_REPRESENTATION_CONTEXT() REPRESENTATION_CONTEXT('2D SPACE',''
  ) );
#130 = PCURVE('',#131,#136);
#131 = PLANE('',#132);
#132 = AXIS2_PLACEMENT_3D('',#133,#134,#135);
#133 = CARTESIAN_POINT('',(-42.77996026178,46.315494167719,59.));
#134 = DIRECTION('',(-0.707106781187,-0.707106781187,0.));
#135 = DIRECTION('',(0.,0.,1.));
#136 = DEFINITIONAL_REPRESENTATION('',(#137),#140);
#137 = B_SPLINE_CURVE_WITH_KNOTS('',1,(#138,#139),.UNSPECIFIED.,.F.,.F.,
  (2,2),(-65.0000006,-55.1),.PIECEWISE_BEZIER_KNOTS.);
#138 = CARTESIAN_POINT('',(9.0000006,10.957758213726));
#139 = CARTESIAN_POINT('',(-0.9,10.957758213726));
#140 = ( GEOMETRIC_REPRESENTATION_CONTEXT(2) 
PARAMETRIC_REPRESENTATION_CONTEXT() REPRESENTATION_CONTEXT('2D SPACE',''
  ) );
#141 = ORIENTED_EDGE('',*,*,#142,.F.);
#142 = EDGE_CURVE('',#143,#117,#145,.T.);
#143 = VERTEX_POINT('',#144);
#144 = CARTESIAN_POINT('',(-52.3259018078,52.325901807805,59.));
#145 = SURFACE_CURVE('',#146,(#151,#158),.PCURVE_S1.);
#146 = CIRCLE('',#147,74.);
#147 = AXIS2_PLACEMENT_3D('',#148,#149,#150);
#148 = CARTESIAN_POINT('',(0.,0.,59.));
#149 = DIRECTION('',(0.,0.,-1.));
#150 = DIRECTION('',(1.,0.,0.));
#151 = PCURVE('',#33,#152);
#152 = DEFINITIONAL_REPRESENTATION('',(#153),#157);
#153 = LINE('',#154,#155);
#154 = CARTESIAN_POINT('',(-6.28318530718,-56.));
#155 = VECTOR('',#156,1.);
#156 = DIRECTION('',(1.,-0.));
#157 = ( GEOMETRIC_REPRESENTATION_CONTEXT(2) 
PARAMETRIC_REPRESENTATION_CONTEXT() REPRESENTATION_CONTEXT('2D SPACE',''
  ) );
#158 = PCURVE('',#159,#164);
#159 = PLANE('',#160);
#160 = AXIS2_PLACEMENT_3D('',#161,#162,#163);
#161 = CARTESIAN_POINT('',(-42.77996026178,46.315494167719,59.));
#162 = DIRECTION('',(0.,0.,1.));
#163 = DIRECTION('',(-0.707106781187,0.707106781187,0.));
#164 = DEFINITIONAL_REPRESENTATION('',(#165),#173);
#165 = ( BOUNDED_CURVE() B_SPLINE_CURVE(2,(#166,#167,#168,#169,#170,#171
,#172),.UNSPECIFIED.,.T.,.F.) B_SPLINE_CURVE_WITH_KNOTS((1,2,2,2,2,1),(
    -2.094395102393,0.,2.094395102393,4.188790204786,6.28318530718,
8.377580409573),.UNSPECIFIED.) CURVE() GEOMETRIC_REPRESENTATION_ITEM() 
RATIONAL_B_SPLINE_CURVE((1.,0.5,1.,0.5,1.,0.5,1.)) REPRESENTATION_ITEM(
  '') );
#166 = CARTESIAN_POINT('',(-115.3259018078,-49.8259018078));
#167 = CARTESIAN_POINT('',(-205.9570222907,40.805218675173));
#168 = CARTESIAN_POINT('',(-82.15260933758,73.978511145391));
#169 = CARTESIAN_POINT('',(41.651803615609,107.1518036156));
#170 = CARTESIAN_POINT('',(8.478511145391,-16.65260933758));
#171 = CARTESIAN_POINT('',(-24.69478132482,-140.4570222907));
#172 = CARTESIAN_POINT('',(-115.3259018078,-49.8259018078));
#173 = ( GEOMETRIC_REPRESENTATION_CONTEXT(2) 
PARAMETRIC_REPRESENTATION_CONTEXT() REPRESENTATION_CONTEXT('2D SPACE',''
  ) );
#174 = ORIENTED_EDGE('',*,*,#175,.F.);
#175 = EDGE_CURVE('',#176,#143,#178,.T.);
#176 = VERTEX_POINT('',#177);
#177 = CARTESIAN_POINT('',(-54.06379930724,50.528265401315,59.));
#178 = SURFACE_CURVE('',#179,(#184,#191),.PCURVE_S1.);
#179 = CIRCLE('',#180,74.);
#180 = AXIS2_PLACEMENT_3D('',#181,#182,#183);
#181 = CARTESIAN_POINT('',(0.,0.,59.));
#182 = DIRECTION('',(0.,0.,-1.));
#183 = DIRECTION('',(1.,0.,0.));
#184 = PCURVE('',#33,#185);
#185 = DEFINITIONAL_REPRESENTATION('',(#186),#190);
#186 = LINE('',#187,#188);
#187 = CARTESIAN_POINT('',(-6.28318530718,-56.));
#188 = VECTOR('',#189,1.);
#189 = DIRECTION('',(1.,-0.));
#190 = ( GEOMETRIC_REPRESENTATION_CONTEXT(2) 
PARAMETRIC_REPRESENTATION_CONTEXT() REPRESENTATION_CONTEXT('2D SPACE',''
  ) );
#191 = PCURVE('',#192,#197);
#192 = PLANE('',#193);
#193 = AXIS2_PLACEMENT_3D('',#194,#195,#196);
#194 = CARTESIAN_POINT('',(-42.77996026178,46.315494167719,59.));
#195 = DIRECTION('',(0.,0.,1.));
#196 = DIRECTION('',(-0.707106781187,0.707106781187,0.));
#197 = DEFINITIONAL_REPRESENTATION('',(#198),#206);
#198 = ( BOUNDED_CURVE() B_SPLINE_CURVE(2,(#199,#200,#201,#202,#203,#204
,#205),.UNSPECIFIED.,.T.,.F.) B_SPLINE_CURVE_WITH_KNOTS((1,2,2,2,2,1),(
    -2.094395102393,0.,2.094395102393,4.188790204786,6.28318530718,
8.377580409573),.UNSPECIFIED.) CURVE() GEOMETRIC_REPRESENTATION_ITEM() 
RATIONAL_B_SPLINE_CURVE((1.,0.5,1.,0.5,1.,0.5,1.)) REPRESENTATION_ITEM(
  '') );
#199 = CARTESIAN_POINT('',(-115.3259018078,-49.8259018078));
#200 = CARTESIAN_POINT('',(-205.9570222907,40.805218675173));
#201 = CARTESIAN_POINT('',(-82.15260933758,73.978511145391));
#202 = CARTESIAN_POINT('',(41.651803615609,107.1518036156));
#203 = CARTESIAN_POINT('',(8.478511145391,-16.65260933758));
#204 = CARTESIAN_POINT('',(-24.69478132482,-140.4570222907));
#205 = CARTESIAN_POINT('',(-115.3259018078,-49.8259018078));
#206 = ( GEOMETRIC_REPRESENTATION_CONTEXT(2) 
PARAMETRIC_REPRESENTATION_CONTEXT() REPRESENTATION_CONTEXT('2D SPACE',''
  ) );
#207 = ORIENTED_EDGE('',*,*,#208,.F.);
#208 = EDGE_CURVE('',#209,#176,#211,.T.);
#209 = VERTEX_POINT('',#210);
#210 = CARTESIAN_POINT('',(-54.06379930724,50.528265401313,68.));
#211 = SURFACE_CURVE('',#212,(#216,#222),.PCURVE_S1.);
#212 = LINE('',#213,#214);
#213 = CARTESIAN_POINT('',(-54.06379930724,50.528265401315,3.));
#214 = VECTOR('',#215,1.);
#215 = DIRECTION('',(-0.,-0.,-1.));
#216 = PCURVE('',#33,#217);
#217 = DEFINITIONAL_REPRESENTATION('',(#218),#221);
#218 = B_SPLINE_CURVE_WITH_KNOTS('',1,(#219,#220),.UNSPECIFIED.,.F.,.F.,
  (2,2),(-65.0000006,-55.1),.PIECEWISE_BEZIER_KNOTS.);
#219 = CARTESIAN_POINT('',(-2.389984703766,-65.0000006));
#220 = CARTESIAN_POINT('',(-2.389984703766,-55.1));
#221 = ( GEOMETRIC_REPRESENTATION_CONTEXT(2) 
PARAMETRIC_REPRESENTATION_CONTEXT() REPRESENTATION_CONTEXT('2D SPACE',''
  ) );
#222 = PCURVE('',#223,#228);
#223 = PLANE('',#224);
#224 = AXIS2_PLACEMENT_3D('',#225,#226,#227);
#225 = CARTESIAN_POINT('',(-46.31549416771,42.779960261786,59.));
#226 = DIRECTION('',(-0.707106781187,-0.707106781187,0.));
#227 = DIRECTION('',(0.,0.,1.));
#228 = DEFINITIONAL_REPRESENTATION('',(#229),#232);
#229 = B_SPLINE_CURVE_WITH_KNOTS('',1,(#230,#231),.UNSPECIFIED.,.F.,.F.,
  (2,2),(-65.0000006,-55.1),.PIECEWISE_BEZIER_KNOTS.);
#230 = CARTESIAN_POINT('',(9.0000006,10.957758213726));
#231 = CARTESIAN_POINT('',(-0.9,10.957758213726));
#232 = ( GEOMETRIC_REPRESENTATION_CONTEXT(2) 
PARAMETRIC_REPRESENTATION_CONTEXT() REPRESENTATION_CONTEXT('2D SPACE',''
  ) );
#233 = ORIENTED_EDGE('',*,*,#234,.F.);
#234 = EDGE_CURVE('',#235,#209,#237,.T.);
#235 = VERTEX_POINT('',#236);
#236 = CARTESIAN_POINT('',(-54.06379930724,-50.52826540131,68.));
#237 = SURFACE_CURVE('',#238,(#243,#250),.PCURVE_S1.);
#238 = CIRCLE('',#239,74.);
#239 = AXIS2_PLACEMENT_3D('',#240,#241,#242);
#240 = CARTESIAN_POINT('',(0.,0.,68.));
#241 = DIRECTION('',(0.,0.,-1.));
#242 = DIRECTION('',(0.5245959174,0.851351351351,0.));
#243 = PCURVE('',#33,#244);
#244 = DEFINITIONAL_REPRESENTATION('',(#245),#249);
#245 = LINE('',#246,#247);
#246 = CARTESIAN_POINT('',(-7.301741227029,-65.));
#247 = VECTOR('',#248,1.);
#248 = DIRECTION('',(1.,-0.));
#249 = ( GEOMETRIC_REPRESENTATION_CONTEXT(2) 
PARAMETRIC_REPRESENTATION_CONTEXT() REPRESENTATION_CONTEXT('2D SPACE',''
  ) );
#250 = PCURVE('',#100,#251);
#251 = DEFINITIONAL_REPRESENTATION('',(#252),#260);
#252 = ( BOUNDED_CURVE() B_SPLINE_CURVE(2,(#253,#254,#255,#256,#257,#258
,#259),.UNSPECIFIED.,.T.,.F.) B_SPLINE_CURVE_WITH_KNOTS((1,2,2,2,2,1),(
    -2.094395102393,0.,2.094395102393,4.188790204786,6.28318530718,
8.377580409573),.UNSPECIFIED.) CURVE() GEOMETRIC_REPRESENTATION_ITEM() 
RATIONAL_B_SPLINE_CURVE((1.,0.5,1.,0.5,1.,0.5,1.)) REPRESENTATION_ITEM(
  '') );
#253 = CARTESIAN_POINT('',(38.820097887563,63.));
#254 = CARTESIAN_POINT('',(147.9392987644,-4.238381896057));
#255 = CARTESIAN_POINT('',(35.149551494638,-65.11919094802));
#256 = CARTESIAN_POINT('',(-77.64019577512,-126.));
#257 = CARTESIAN_POINT('',(-73.9696493822,2.119190948028));
#258 = CARTESIAN_POINT('',(-70.29910298927,130.23838189605));
#259 = CARTESIAN_POINT('',(38.820097887563,63.));
#260 = ( GEOMETRIC_REPRESENTATION_CONTEXT(2) 
PARAMETRIC_REPRESENTATION_CONTEXT() REPRESENTATION_CONTEXT('2D SPACE',''
  ) );
#261 = ORIENTED_EDGE('',*,*,#262,.T.);
#262 = EDGE_CURVE('',#235,#263,#265,.T.);
#263 = VERTEX_POINT('',#264);
#264 = CARTESIAN_POINT('',(-54.06379930724,-50.52826540131,59.));
#265 = SURFACE_CURVE('',#266,(#270,#276),.PCURVE_S1.);
#266 = LINE('',#267,#268);
#267 = CARTESIAN_POINT('',(-54.06379930724,-50.52826540131,3.));
#268 = VECTOR('',#269,1.);
#269 = DIRECTION('',(-0.,-0.,-1.));
#270 = PCURVE('',#33,#271);
#271 = DEFINITIONAL_REPRESENTATION('',(#272),#275);
#272 = B_SPLINE_CURVE_WITH_KNOTS('',1,(#273,#274),.UNSPECIFIED.,.F.,.F.,
  (2,2),(-65.0000006,-55.1),.PIECEWISE_BEZIER_KNOTS.);
#273 = CARTESIAN_POINT('',(-3.893200603414,-65.0000006));
#274 = CARTESIAN_POINT('',(-3.893200603414,-55.1));
#275 = ( GEOMETRIC_REPRESENTATION_CONTEXT(2) 
PARAMETRIC_REPRESENTATION_CONTEXT() REPRESENTATION_CONTEXT('2D SPACE',''
  ) );
#276 = PCURVE('',#277,#282);
#277 = PLANE('',#278);
#278 = AXIS2_PLACEMENT_3D('',#279,#280,#281);
#279 = CARTESIAN_POINT('',(-46.31549416771,-42.77996026178,59.));
#280 = DIRECTION('',(0.707106781187,-0.707106781187,0.));
#281 = DIRECTION('',(0.,0.,1.));
#282 = DEFINITIONAL_REPRESENTATION('',(#283),#286);
#283 = B_SPLINE_CURVE_WITH_KNOTS('',1,(#284,#285),.UNSPECIFIED.,.F.,.F.,
  (2,2),(-65.0000006,-55.1),.PIECEWISE_BEZIER_KNOTS.);
#284 = CARTESIAN_POINT('',(9.0000006,10.957758213726));
#285 = CARTESIAN_POINT('',(-0.9,10.957758213726));
#286 = ( GEOMETRIC_REPRESENTATION_CONTEXT(2) 
PARAMETRIC_REPRESENTATION_CONTEXT() REPRESENTATION_CONTEXT('2D SPACE',''
  ) );
#287 = ORIENTED_EDGE('',*,*,#288,.F.);
#288 = EDGE_CURVE('',#289,#263,#291,.T.);
#289 = VERTEX_POINT('',#290);
#290 = CARTESIAN_POINT('',(-52.3259018078,-52.3259018078,59.));
#291 = SURFACE_CURVE('',#292,(#297,#304),.PCURVE_S1.);
#292 = CIRCLE('',#293,74.);
#293 = AXIS2_PLACEMENT_3D('',#294,#295,#296);
#294 = CARTESIAN_POINT('',(0.,0.,59.));
#295 = DIRECTION('',(0.,0.,-1.));
#296 = DIRECTION('',(1.,0.,0.));
#297 = PCURVE('',#33,#298);
#298 = DEFINITIONAL_REPRESENTATION('',(#299),#303);
#299 = LINE('',#300,#301);
#300 = CARTESIAN_POINT('',(-6.28318530718,-56.));
#301 = VECTOR('',#302,1.);
#302 = DIRECTION('',(1.,-0.));
#303 = ( GEOMETRIC_REPRESENTATION_CONTEXT(2) 
PARAMETRIC_REPRESENTATION_CONTEXT() REPRESENTATION_CONTEXT('2D SPACE',''
  ) );
#304 = PCURVE('',#305,#310);
#305 = PLANE('',#306);
#306 = AXIS2_PLACEMENT_3D('',#307,#308,#309);
#307 = CARTESIAN_POINT('',(-46.31549416771,-42.77996026178,59.));
#308 = DIRECTION('',(0.,0.,1.));
#309 = DIRECTION('',(-0.707106781187,-0.707106781187,0.));
#310 = DEFINITIONAL_REPRESENTATION('',(#311),#319);
#311 = ( BOUNDED_CURVE() B_SPLINE_CURVE(2,(#312,#313,#314,#315,#316,#317
,#318),.UNSPECIFIED.,.T.,.F.) B_SPLINE_CURVE_WITH_KNOTS((1,2,2,2,2,1),(
    -2.094395102393,0.,2.094395102393,4.188790204786,6.28318530718,
8.377580409573),.UNSPECIFIED.) CURVE() GEOMETRIC_REPRESENTATION_ITEM() 
RATIONAL_B_SPLINE_CURVE((1.,0.5,1.,0.5,1.,0.5,1.)) REPRESENTATION_ITEM(
  '') );
#312 = CARTESIAN_POINT('',(-115.3259018078,54.825901807805));
#313 = CARTESIAN_POINT('',(-24.69478132482,145.45702229078));
#314 = CARTESIAN_POINT('',(8.478511145391,21.652609337587));
#315 = CARTESIAN_POINT('',(41.651803615609,-102.1518036156));
#316 = CARTESIAN_POINT('',(-82.15260933758,-68.97851114539));
#317 = CARTESIAN_POINT('',(-205.9570222907,-35.80521867517));
#318 = CARTESIAN_POINT('',(-115.3259018078,54.825901807805));
#319 = ( GEOMETRIC_REPRESENTATION_CONTEXT(2) 
PARAMETRIC_REPRESENTATION_CONTEXT() REPRESENTATION_CONTEXT('2D SPACE',''
  ) );
#320 = ORIENTED_EDGE('',*,*,#321,.F.);
#321 = EDGE_CURVE('',#322,#289,#324,.T.);
#322 = VERTEX_POINT('',#323);
#323 = CARTESIAN_POINT('',(-50.52826540131,-54.06379930724,59.));
#324 = SURFACE_CURVE('',#325,(#330,#337),.PCURVE_S1.);
#325 = CIRCLE('',#326,74.);
#326 = AXIS2_PLACEMENT_3D('',#327,#328,#329);
#327 = CARTESIAN_POINT('',(0.,0.,59.));
#328 = DIRECTION('',(0.,0.,-1.));
#329 = DIRECTION('',(1.,0.,0.));
#330 = PCURVE('',#33,#331);
#331 = DEFINITIONAL_REPRESENTATION('',(#332),#336);
#332 = LINE('',#333,#334);
#333 = CARTESIAN_POINT('',(-6.28318530718,-56.));
#334 = VECTOR('',#335,1.);
#335 = DIRECTION('',(1.,-0.));
#336 = ( GEOMETRIC_REPRESENTATION_CONTEXT(2) 
PARAMETRIC_REPRESENTATION_CONTEXT() REPRESENTATION_CONTEXT('2D SPACE',''
  ) );
#337 = PCURVE('',#338,#343);
#338 = PLANE('',#339);
#339 = AXIS2_PLACEMENT_3D('',#340,#341,#342);
#340 = CARTESIAN_POINT('',(-46.31549416771,-42.77996026178,59.));
#341 = DIRECTION('',(0.,0.,1.));
#342 = DIRECTION('',(-0.707106781187,-0.707106781187,0.));
#343 = DEFINITIONAL_REPRESENTATION('',(#344),#352);
#344 = ( BOUNDED_CURVE() B_SPLINE_CURVE(2,(#345,#346,#347,#348,#349,#350
,#351),.UNSPECIFIED.,.T.,.F.) B_SPLINE_CURVE_WITH_KNOTS((1,2,2,2,2,1),(
    -2.094395102393,0.,2.094395102393,4.188790204786,6.28318530718,
8.377580409573),.UNSPECIFIED.) CURVE() GEOMETRIC_REPRESENTATION_ITEM() 
RATIONAL_B_SPLINE_CURVE((1.,0.5,1.,0.5,1.,0.5,1.)) REPRESENTATION_ITEM(
  '') );
#345 = CARTESIAN_POINT('',(-115.3259018078,54.825901807805));
#346 = CARTESIAN_POINT('',(-24.69478132482,145.45702229078));
#347 = CARTESIAN_POINT('',(8.478511145391,21.652609337587));
#348 = CARTESIAN_POINT('',(41.651803615609,-102.1518036156));
#349 = CARTESIAN_POINT('',(-82.15260933758,-68.97851114539));
#350 = CARTESIAN_POINT('',(-205.9570222907,-35.80521867517));
#351 = CARTESIAN_POINT('',(-115.3259018078,54.825901807805));
#352 = ( GEOMETRIC_REPRESENTATION_CONTEXT(2) 
PARAMETRIC_REPRESENTATION_CONTEXT() REPRESENTATION_CONTEXT('2D SPACE',''
  ) );
#353 = ORIENTED_EDGE('',*,*,#354,.F.);
#354 = EDGE_CURVE('',#355,#322,#357,.T.);
#355 = VERTEX_POINT('',#356);
#356 = CARTESIAN_POINT('',(-50.52826540131,-54.06379930724,68.));
#357 = SURFACE_CURVE('',#358,(#362,#368),.PCURVE_S1.);
#358 = LINE('',#359,#360);
#359 = CARTESIAN_POINT('',(-50.52826540131,-54.06379930724,3.));
#360 = VECTOR('',#361,1.);
#361 = DIRECTION('',(-0.,-0.,-1.));
#362 = PCURVE('',#33,#363);
#363 = DEFINITIONAL_REPRESENTATION('',(#364),#367);
#364 = B_SPLINE_CURVE_WITH_KNOTS('',1,(#365,#366),.UNSPECIFIED.,.F.,.F.,
  (2,2),(-65.0000006,-55.1),.PIECEWISE_BEZIER_KNOTS.);
#365 = CARTESIAN_POINT('',(-3.960781030561,-65.0000006));
#366 = CARTESIAN_POINT('',(-3.960781030561,-55.1));
#367 = ( GEOMETRIC_REPRESENTATION_CONTEXT(2) 
PARAMETRIC_REPRESENTATION_CONTEXT() REPRESENTATION_CONTEXT('2D SPACE',''
  ) );
#368 = PCURVE('',#369,#374);
#369 = PLANE('',#370);
#370 = AXIS2_PLACEMENT_3D('',#371,#372,#373);
#371 = CARTESIAN_POINT('',(-42.77996026178,-46.31549416771,59.));
#372 = DIRECTION('',(0.707106781187,-0.707106781187,0.));
#373 = DIRECTION('',(0.,0.,1.));
#374 = DEFINITIONAL_REPRESENTATION('',(#375),#378);
#375 = B_SPLINE_CURVE_WITH_KNOTS('',1,(#376,#377),.UNSPECIFIED.,.F.,.F.,
  (2,2),(-65.0000006,-55.1),.PIECEWISE_BEZIER_KNOTS.);
#376 = CARTESIAN_POINT('',(9.0000006,10.957758213726));
#377 = CARTESIAN_POINT('',(-0.9,10.957758213726));
#378 = ( GEOMETRIC_REPRESENTATION_CONTEXT(2) 
PARAMETRIC_REPRESENTATION_CONTEXT() REPRESENTATION_CONTEXT('2D SPACE',''
  ) );
#379 = ORIENTED_EDGE('',*,*,#380,.F.);
#380 = EDGE_CURVE('',#381,#355,#383,.T.);
#381 = VERTEX_POINT('',#382);
#382 = CARTESIAN_POINT('',(50.528265401314,-54.06379930724,68.));
#383 = SURFACE_CURVE('',#384,(#389,#396),.PCURVE_S1.);
#384 = CIRCLE('',#385,74.);
#385 = AXIS2_PLACEMENT_3D('',#386,#387,#388);
#386 = CARTESIAN_POINT('',(0.,0.,68.));
#387 = DIRECTION('',(0.,0.,-1.));
#388 = DIRECTION('',(0.5245959174,0.851351351351,0.));
#389 = PCURVE('',#33,#390);
#390 = DEFINITIONAL_REPRESENTATION('',(#391),#395);
#391 = LINE('',#392,#393);
#392 = CARTESIAN_POINT('',(-7.301741227029,-65.));
#393 = VECTOR('',#394,1.);
#394 = DIRECTION('',(1.,-0.));
#395 = ( GEOMETRIC_REPRESENTATION_CONTEXT(2) 
PARAMETRIC_REPRESENTATION_CONTEXT() REPRESENTATION_CONTEXT('2D SPACE',''
  ) );
#396 = PCURVE('',#100,#397);
#397 = DEFINITIONAL_REPRESENTATION('',(#398),#406);
#398 = ( BOUNDED_CURVE() B_SPLINE_CURVE(2,(#399,#400,#401,#402,#403,#404
,#405),.UNSPECIFIED.,.T.,.F.) B_SPLINE_CURVE_WITH_KNOTS((1,2,2,2,2,1),(
    -2.094395102393,0.,2.094395102393,4.188790204786,6.28318530718,
8.377580409573),.UNSPECIFIED.) CURVE() GEOMETRIC_REPRESENTATION_ITEM() 
RATIONAL_B_SPLINE_CURVE((1.,0.5,1.,0.5,1.,0.5,1.)) REPRESENTATION_ITEM(
  '') );
#399 = CARTESIAN_POINT('',(38.820097887563,63.));
#400 = CARTESIAN_POINT('',(147.9392987644,-4.238381896057));
#401 = CARTESIAN_POINT('',(35.149551494638,-65.11919094802));
#402 = CARTESIAN_POINT('',(-77.64019577512,-126.));
#403 = CARTESIAN_POINT('',(-73.9696493822,2.119190948028));
#404 = CARTESIAN_POINT('',(-70.29910298927,130.23838189605));
#405 = CARTESIAN_POINT('',(38.820097887563,63.));
#406 = ( GEOMETRIC_REPRESENTATION_CONTEXT(2) 
PARAMETRIC_REPRESENTATION_CONTEXT() REPRESENTATION_CONTEXT('2D SPACE',''
  ) );
#407 = ORIENTED_EDGE('',*,*,#408,.T.);
#408 = EDGE_CURVE('',#381,#409,#411,.T.);
#409 = VERTEX_POINT('',#410);
#410 = CARTESIAN_POINT('',(50.528265401315,-54.06379930724,59.));
#411 = SURFACE_CURVE('',#412,(#416,#422),.PCURVE_S1.);
#412 = LINE('',#413,#414);
#413 = CARTESIAN_POINT('',(50.528265401315,-54.06379930724,3.));
#414 = VECTOR('',#415,1.);
#415 = DIRECTION('',(-0.,-0.,-1.));
#416 = PCURVE('',#33,#417);
#417 = DEFINITIONAL_REPRESENTATION('',(#418),#421);
#418 = B_SPLINE_CURVE_WITH_KNOTS('',1,(#419,#420),.UNSPECIFIED.,.F.,.F.,
  (2,2),(-65.0000006,-55.1),.PIECEWISE_BEZIER_KNOTS.);
#419 = CARTESIAN_POINT('',(-5.463996930209,-65.0000006));
#420 = CARTESIAN_POINT('',(-5.463996930209,-55.1));
#421 = ( GEOMETRIC_REPRESENTATION_CONTEXT(2) 
PARAMETRIC_REPRESENTATION_CONTEXT() REPRESENTATION_CONTEXT('2D SPACE',''
  ) );
#422 = PCURVE('',#423,#428);
#423 = PLANE('',#424);
#424 = AXIS2_PLACEMENT_3D('',#425,#426,#427);
#425 = CARTESIAN_POINT('',(42.779960261786,-46.31549416771,59.));
#426 = DIRECTION('',(0.707106781187,0.707106781187,0.));
#427 = DIRECTION('',(0.,0.,1.));
#428 = DEFINITIONAL_REPRESENTATION('',(#429),#432);
#429 = B_SPLINE_CURVE_WITH_KNOTS('',1,(#430,#431),.UNSPECIFIED.,.F.,.F.,
  (2,2),(-65.0000006,-55.1),.PIECEWISE_BEZIER_KNOTS.);
#430 = CARTESIAN_POINT('',(9.0000006,10.957758213726));
#431 = CARTESIAN_POINT('',(-0.9,10.957758213726));
#432 = ( GEOMETRIC_REPRESENTATION_CONTEXT(2) 
PARAMETRIC_REPRESENTATION_CONTEXT() REPRESENTATION_CONTEXT('2D SPACE',''
  ) );
#433 = ORIENTED_EDGE('',*,*,#434,.F.);
#434 = EDGE_CURVE('',#435,#409,#437,.T.);
#435 = VERTEX_POINT('',#436);
#436 = CARTESIAN_POINT('',(52.325901807805,-52.3259018078,59.));
#437 = SURFACE_CURVE('',#438,(#443,#450),.PCURVE_S1.);
#438 = CIRCLE('',#439,74.);
#439 = AXIS2_PLACEMENT_3D('',#440,#441,#442);
#440 = CARTESIAN_POINT('',(0.,0.,59.));
#441 = DIRECTION('',(0.,0.,-1.));
#442 = DIRECTION('',(1.,0.,0.));
#443 = PCURVE('',#33,#444);
#444 = DEFINITIONAL_REPRESENTATION('',(#445),#449);
#445 = LINE('',#446,#447);
#446 = CARTESIAN_POINT('',(-6.28318530718,-56.));
#447 = VECTOR('',#448,1.);
#448 = DIRECTION('',(1.,-0.));
#449 = ( GEOMETRIC_REPRESENTATION_CONTEXT(2) 
PARAMETRIC_REPRESENTATION_CONTEXT() REPRESENTATION_CONTEXT('2D SPACE',''
  ) );
#450 = PCURVE('',#451,#456);
#451 = PLANE('',#452);
#452 = AXIS2_PLACEMENT_3D('',#453,#454,#455);
#453 = CARTESIAN_POINT('',(42.779960261786,-46.31549416771,59.));
#454 = DIRECTION('',(0.,0.,1.));
#455 = DIRECTION('',(0.707106781187,-0.707106781187,0.));
#456 = DEFINITIONAL_REPRESENTATION('',(#457),#465);
#457 = ( BOUNDED_CURVE() B_SPLINE_CURVE(2,(#458,#459,#460,#461,#462,#463
,#464),.UNSPECIFIED.,.T.,.F.) B_SPLINE_CURVE_WITH_KNOTS((1,2,2,2,2,1),(
    -2.094395102393,0.,2.094395102393,4.188790204786,6.28318530718,
8.377580409573),.UNSPECIFIED.) CURVE() GEOMETRIC_REPRESENTATION_ITEM() 
RATIONAL_B_SPLINE_CURVE((1.,0.5,1.,0.5,1.,0.5,1.)) REPRESENTATION_ITEM(
  '') );
#458 = CARTESIAN_POINT('',(-10.67409819219,54.825901807805));
#459 = CARTESIAN_POINT('',(79.957022290782,-35.80521867517));
#460 = CARTESIAN_POINT('',(-43.84739066241,-68.97851114539));
#461 = CARTESIAN_POINT('',(-167.6518036156,-102.1518036156));
#462 = CARTESIAN_POINT('',(-134.4785111453,21.652609337586));
#463 = CARTESIAN_POINT('',(-101.3052186751,145.45702229078));
#464 = CARTESIAN_POINT('',(-10.67409819219,54.825901807805));
#465 = ( GEOMETRIC_REPRESENTATION_CONTEXT(2) 
PARAMETRIC_REPRESENTATION_CONTEXT() REPRESENTATION_CONTEXT('2D SPACE',''
  ) );
#466 = ORIENTED_EDGE('',*,*,#467,.F.);
#467 = EDGE_CURVE('',#468,#435,#470,.T.);
#468 = VERTEX_POINT('',#469);
#469 = CARTESIAN_POINT('',(54.063799307247,-50.52826540131,59.));
#470 = SURFACE_CURVE('',#471,(#476,#483),.PCURVE_S1.);
#471 = CIRCLE('',#472,74.);
#472 = AXIS2_PLACEMENT_3D('',#473,#474,#475);
#473 = CARTESIAN_POINT('',(0.,0.,59.));
#474 = DIRECTION('',(0.,0.,-1.));
#475 = DIRECTION('',(1.,0.,0.));
#476 = PCURVE('',#33,#477);
#477 = DEFINITIONAL_REPRESENTATION('',(#478),#482);
#478 = LINE('',#479,#480);
#479 = CARTESIAN_POINT('',(-6.28318530718,-56.));
#480 = VECTOR('',#481,1.);
#481 = DIRECTION('',(1.,-0.));
#482 = ( GEOMETRIC_REPRESENTATION_CONTEXT(2) 
PARAMETRIC_REPRESENTATION_CONTEXT() REPRESENTATION_CONTEXT('2D SPACE',''
  ) );
#483 = PCURVE('',#484,#489);
#484 = PLANE('',#485);
#485 = AXIS2_PLACEMENT_3D('',#486,#487,#488);
#486 = CARTESIAN_POINT('',(42.779960261786,-46.31549416771,59.));
#487 = DIRECTION('',(0.,0.,1.));
#488 = DIRECTION('',(0.707106781187,-0.707106781187,0.));
#489 = DEFINITIONAL_REPRESENTATION('',(#490),#498);
#490 = ( BOUNDED_CURVE() B_SPLINE_CURVE(2,(#491,#492,#493,#494,#495,#496
,#497),.UNSPECIFIED.,.T.,.F.) B_SPLINE_CURVE_WITH_KNOTS((1,2,2,2,2,1),(
    -2.094395102393,0.,2.094395102393,4.188790204786,6.28318530718,
8.377580409573),.UNSPECIFIED.) CURVE() GEOMETRIC_REPRESENTATION_ITEM() 
RATIONAL_B_SPLINE_CURVE((1.,0.5,1.,0.5,1.,0.5,1.)) REPRESENTATION_ITEM(
  '') );
#491 = CARTESIAN_POINT('',(-10.67409819219,54.825901807805));
#492 = CARTESIAN_POINT('',(79.957022290782,-35.80521867517));
#493 = CARTESIAN_POINT('',(-43.84739066241,-68.97851114539));
#494 = CARTESIAN_POINT('',(-167.6518036156,-102.1518036156));
#495 = CARTESIAN_POINT('',(-134.4785111453,21.652609337586));
#496 = CARTESIAN_POINT('',(-101.3052186751,145.45702229078));
#497 = CARTESIAN_POINT('',(-10.67409819219,54.825901807805));
#498 = ( GEOMETRIC_REPRESENTATION_CONTEXT(2) 
PARAMETRIC_REPRESENTATION_CONTEXT() REPRESENTATION_CONTEXT('2D SPACE',''
  ) );
#499 = ORIENTED_EDGE('',*,*,#500,.F.);
#500 = EDGE_CURVE('',#501,#468,#503,.T.);
#501 = VERTEX_POINT('',#502);
#502 = CARTESIAN_POINT('',(54.063799307248,-50.52826540131,68.));
#503 = SURFACE_CURVE('',#504,(#508,#514),.PCURVE_S1.);
#504 = LINE('',#505,#506);
#505 = CARTESIAN_POINT('',(54.063799307247,-50.52826540131,3.));
#506 = VECTOR('',#507,1.);
#507 = DIRECTION('',(-0.,-0.,-1.));
#508 = PCURVE('',#33,#509);
#509 = DEFINITIONAL_REPRESENTATION('',(#510),#513);
#510 = B_SPLINE_CURVE_WITH_KNOTS('',1,(#511,#512),.UNSPECIFIED.,.F.,.F.,
  (2,2),(-65.0000006,-55.1),.PIECEWISE_BEZIER_KNOTS.);
#511 = CARTESIAN_POINT('',(-5.531577357356,-65.0000006));
#512 = CARTESIAN_POINT('',(-5.531577357356,-55.1));
#513 = ( GEOMETRIC_REPRESENTATION_CONTEXT(2) 
PARAMETRIC_REPRESENTATION_CONTEXT() REPRESENTATION_CONTEXT('2D SPACE',''
  ) );
#514 = PCURVE('',#515,#520);
#515 = PLANE('',#516);
#516 = AXIS2_PLACEMENT_3D('',#517,#518,#519);
#517 = CARTESIAN_POINT('',(46.315494167719,-42.77996026178,59.));
#518 = DIRECTION('',(0.707106781187,0.707106781187,0.));
#519 = DIRECTION('',(0.,0.,1.));
#520 = DEFINITIONAL_REPRESENTATION('',(#521),#524);
#521 = B_SPLINE_CURVE_WITH_KNOTS('',1,(#522,#523),.UNSPECIFIED.,.F.,.F.,
  (2,2),(-65.0000006,-55.1),.PIECEWISE_BEZIER_KNOTS.);
#522 = CARTESIAN_POINT('',(9.0000006,10.957758213726));
#523 = CARTESIAN_POINT('',(-0.9,10.957758213726));
#524 = ( GEOMETRIC_REPRESENTATION_CONTEXT(2) 
PARAMETRIC_REPRESENTATION_CONTEXT() REPRESENTATION_CONTEXT('2D SPACE',''
  ) );
#525 = ORIENTED_EDGE('',*,*,#526,.F.);
#526 = EDGE_CURVE('',#527,#501,#529,.T.);
#527 = VERTEX_POINT('',#528);
#528 = CARTESIAN_POINT('',(54.063799307248,50.528265401314,68.));
#529 = SURFACE_CURVE('',#530,(#535,#542),.PCURVE_S1.);
#530 = CIRCLE('',#531,74.);
#531 = AXIS2_PLACEMENT_3D('',#532,#533,#534);
#532 = CARTESIAN_POINT('',(0.,0.,68.));
#533 = DIRECTION('',(0.,0.,-1.));
#534 = DIRECTION('',(0.5245959174,0.851351351351,0.));
#535 = PCURVE('',#33,#536);
#536 = DEFINITIONAL_REPRESENTATION('',(#537),#541);
#537 = LINE('',#538,#539);
#538 = CARTESIAN_POINT('',(-7.301741227029,-65.));
#539 = VECTOR('',#540,1.);
#540 = DIRECTION('',(1.,-0.));
#541 = ( GEOMETRIC_REPRESENTATION_CONTEXT(2) 
PARAMETRIC_REPRESENTATION_CONTEXT() REPRESENTATION_CONTEXT('2D SPACE',''
  ) );
#542 = PCURVE('',#100,#543);
#543 = DEFINITIONAL_REPRESENTATION('',(#544),#552);
#544 = ( BOUNDED_CURVE() B_SPLINE_CURVE(2,(#545,#546,#547,#548,#549,#550
,#551),.UNSPECIFIED.,.T.,.F.) B_SPLINE_CURVE_WITH_KNOTS((1,2,2,2,2,1),(
    -2.094395102393,0.,2.094395102393,4.188790204786,6.28318530718,
8.377580409573),.UNSPECIFIED.) CURVE() GEOMETRIC_REPRESENTATION_ITEM() 
RATIONAL_B_SPLINE_CURVE((1.,0.5,1.,0.5,1.,0.5,1.)) REPRESENTATION_ITEM(
  '') );
#545 = CARTESIAN_POINT('',(38.820097887563,63.));
#546 = CARTESIAN_POINT('',(147.9392987644,-4.238381896057));
#547 = CARTESIAN_POINT('',(35.149551494638,-65.11919094802));
#548 = CARTESIAN_POINT('',(-77.64019577512,-126.));
#549 = CARTESIAN_POINT('',(-73.9696493822,2.119190948028));
#550 = CARTESIAN_POINT('',(-70.29910298927,130.23838189605));
#551 = CARTESIAN_POINT('',(38.820097887563,63.));
#552 = ( GEOMETRIC_REPRESENTATION_CONTEXT(2) 
PARAMETRIC_REPRESENTATION_CONTEXT() REPRESENTATION_CONTEXT('2D SPACE',''
  ) );
#553 = ORIENTED_EDGE('',*,*,#554,.T.);
#554 = EDGE_CURVE('',#527,#555,#557,.T.);
#555 = VERTEX_POINT('',#556);
#556 = CARTESIAN_POINT('',(54.063799307247,50.528265401315,59.));
#557 = SURFACE_CURVE('',#558,(#562,#568),.PCURVE_S1.);
#558 = LINE('',#559,#560);
#559 = CARTESIAN_POINT('',(54.063799307247,50.528265401315,3.));
#560 = VECTOR('',#561,1.);
#561 = DIRECTION('',(-0.,-0.,-1.));
#562 = PCURVE('',#33,#563);
#563 = DEFINITIONAL_REPRESENTATION('',(#564),#567);
#564 = B_SPLINE_CURVE_WITH_KNOTS('',1,(#565,#566),.UNSPECIFIED.,.F.,.F.,
  (2,2),(-65.0000006,-55.1),.PIECEWISE_BEZIER_KNOTS.);
#565 = CARTESIAN_POINT('',(-7.034793257004,-65.0000006));
#566 = CARTESIAN_POINT('',(-7.034793257004,-55.1));
#567 = ( GEOMETRIC_REPRESENTATION_CONTEXT(2) 
PARAMETRIC_REPRESENTATION_CONTEXT() REPRESENTATION_CONTEXT('2D SPACE',''
  ) );
#568 = PCURVE('',#569,#574);
#569 = PLANE('',#570);
#570 = AXIS2_PLACEMENT_3D('',#571,#572,#573);
#571 = CARTESIAN_POINT('',(46.315494167719,42.779960261786,59.));
#572 = DIRECTION('',(-0.707106781187,0.707106781187,0.));
#573 = DIRECTION('',(0.,0.,1.));
#574 = DEFINITIONAL_REPRESENTATION('',(#575),#578);
#575 = B_SPLINE_CURVE_WITH_KNOTS('',1,(#576,#577),.UNSPECIFIED.,.F.,.F.,
  (2,2),(-65.0000006,-55.1),.PIECEWISE_BEZIER_KNOTS.);
#576 = CARTESIAN_POINT('',(9.0000006,10.957758213726));
#577 = CARTESIAN_POINT('',(-0.9,10.957758213726));
#578 = ( GEOMETRIC_REPRESENTATION_CONTEXT(2) 
PARAMETRIC_REPRESENTATION_CONTEXT() REPRESENTATION_CONTEXT('2D SPACE',''
  ) );
#579 = ORIENTED_EDGE('',*,*,#580,.F.);
#580 = EDGE_CURVE('',#581,#555,#583,.T.);
#581 = VERTEX_POINT('',#582);
#582 = CARTESIAN_POINT('',(52.325901807805,52.325901807805,59.));
#583 = SURFACE_CURVE('',#584,(#589,#596),.PCURVE_S1.);
#584 = CIRCLE('',#585,74.);
#585 = AXIS2_PLACEMENT_3D('',#586,#587,#588);
#586 = CARTESIAN_POINT('',(0.,0.,59.));
#587 = DIRECTION('',(0.,0.,-1.));
#588 = DIRECTION('',(1.,0.,0.));
#589 = PCURVE('',#33,#590);
#590 = DEFINITIONAL_REPRESENTATION('',(#591),#595);
#591 = LINE('',#592,#593);
#592 = CARTESIAN_POINT('',(-12.56637061435,-56.));
#593 = VECTOR('',#594,1.);
#594 = DIRECTION('',(1.,-0.));
#595 = ( GEOMETRIC_REPRESENTATION_CONTEXT(2) 
PARAMETRIC_REPRESENTATION_CONTEXT() REPRESENTATION_CONTEXT('2D SPACE',''
  ) );
#596 = PCURVE('',#597,#602);
#597 = PLANE('',#598);
#598 = AXIS2_PLACEMENT_3D('',#599,#600,#601);
#599 = CARTESIAN_POINT('',(46.315494167719,42.779960261786,59.));
#600 = DIRECTION('',(0.,0.,1.));
#601 = DIRECTION('',(0.707106781187,0.707106781187,0.));
#602 = DEFINITIONAL_REPRESENTATION('',(#603),#611);
#603 = ( BOUNDED_CURVE() B_SPLINE_CURVE(2,(#604,#605,#606,#607,#608,#609
,#610),.UNSPECIFIED.,.T.,.F.) B_SPLINE_CURVE_WITH_KNOTS((1,2,2,2,2,1),(
    -2.094395102393,0.,2.094395102393,4.188790204786,6.28318530718,
8.377580409573),.UNSPECIFIED.) CURVE() GEOMETRIC_REPRESENTATION_ITEM() 
RATIONAL_B_SPLINE_CURVE((1.,0.5,1.,0.5,1.,0.5,1.)) REPRESENTATION_ITEM(
  '') );
#604 = CARTESIAN_POINT('',(-10.67409819219,-49.8259018078));
#605 = CARTESIAN_POINT('',(-101.3052186751,-140.4570222907));
#606 = CARTESIAN_POINT('',(-134.4785111453,-16.65260933758));
#607 = CARTESIAN_POINT('',(-167.6518036156,107.1518036156));
#608 = CARTESIAN_POINT('',(-43.84739066241,73.978511145391));
#609 = CARTESIAN_POINT('',(79.957022290782,40.805218675173));
#610 = CARTESIAN_POINT('',(-10.67409819219,-49.8259018078));
#611 = ( GEOMETRIC_REPRESENTATION_CONTEXT(2) 
PARAMETRIC_REPRESENTATION_CONTEXT() REPRESENTATION_CONTEXT('2D SPACE',''
  ) );
#612 = ORIENTED_EDGE('',*,*,#613,.F.);
#613 = EDGE_CURVE('',#614,#581,#616,.T.);
#614 = VERTEX_POINT('',#615);
#615 = CARTESIAN_POINT('',(50.528265401315,54.063799307247,59.));
#616 = SURFACE_CURVE('',#617,(#622,#629),.PCURVE_S1.);
#617 = CIRCLE('',#618,74.);
#618 = AXIS2_PLACEMENT_3D('',#619,#620,#621);
#619 = CARTESIAN_POINT('',(0.,0.,59.));
#620 = DIRECTION('',(0.,0.,-1.));
#621 = DIRECTION('',(1.,0.,0.));
#622 = PCURVE('',#33,#623);
#623 = DEFINITIONAL_REPRESENTATION('',(#624),#628);
#624 = LINE('',#625,#626);
#625 = CARTESIAN_POINT('',(-12.56637061435,-56.));
#626 = VECTOR('',#627,1.);
#627 = DIRECTION('',(1.,-0.));
#628 = ( GEOMETRIC_REPRESENTATION_CONTEXT(2) 
PARAMETRIC_REPRESENTATION_CONTEXT() REPRESENTATION_CONTEXT('2D SPACE',''
  ) );
#629 = PCURVE('',#630,#635);
#630 = PLANE('',#631);
#631 = AXIS2_PLACEMENT_3D('',#632,#633,#634);
#632 = CARTESIAN_POINT('',(46.315494167719,42.779960261786,59.));
#633 = DIRECTION('',(0.,0.,1.));
#634 = DIRECTION('',(0.707106781187,0.707106781187,0.));
#635 = DEFINITIONAL_REPRESENTATION('',(#636),#644);
#636 = ( BOUNDED_CURVE() B_SPLINE_CURVE(2,(#637,#638,#639,#640,#641,#642
,#643),.UNSPECIFIED.,.T.,.F.) B_SPLINE_CURVE_WITH_KNOTS((1,2,2,2,2,1),(
    -2.094395102393,0.,2.094395102393,4.188790204786,6.28318530718,
8.377580409573),.UNSPECIFIED.) CURVE() GEOMETRIC_REPRESENTATION_ITEM() 
RATIONAL_B_SPLINE_CURVE((1.,0.5,1.,0.5,1.,0.5,1.)) REPRESENTATION_ITEM(
  '') );
#637 = CARTESIAN_POINT('',(-10.67409819219,-49.8259018078));
#638 = CARTESIAN_POINT('',(-101.3052186751,-140.4570222907));
#639 = CARTESIAN_POINT('',(-134.4785111453,-16.65260933758));
#640 = CARTESIAN_POINT('',(-167.6518036156,107.1518036156));
#641 = CARTESIAN_POINT('',(-43.84739066241,73.978511145391));
#642 = CARTESIAN_POINT('',(79.957022290782,40.805218675173));
#643 = CARTESIAN_POINT('',(-10.67409819219,-49.8259018078));
#644 = ( GEOMETRIC_REPRESENTATION_CONTEXT(2) 
PARAMETRIC_REPRESENTATION_CONTEXT() REPRESENTATION_CONTEXT('2D SPACE',''
  ) );
#645 = ORIENTED_EDGE('',*,*,#646,.F.);
#646 = EDGE_CURVE('',#647,#614,#649,.T.);
#647 = VERTEX_POINT('',#648);
#648 = CARTESIAN_POINT('',(50.528265401314,54.063799307248,68.));
#649 = SURFACE_CURVE('',#650,(#654,#660),.PCURVE_S1.);
#650 = LINE('',#651,#652);
#651 = CARTESIAN_POINT('',(50.528265401315,54.063799307247,3.));
#652 = VECTOR('',#653,1.);
#653 = DIRECTION('',(-0.,-0.,-1.));
#654 = PCURVE('',#33,#655);
#655 = DEFINITIONAL_REPRESENTATION('',(#656),#659);
#656 = B_SPLINE_CURVE_WITH_KNOTS('',1,(#657,#658),.UNSPECIFIED.,.F.,.F.,
  (2,2),(-65.0000006,-55.1),.PIECEWISE_BEZIER_KNOTS.);
#657 = CARTESIAN_POINT('',(-7.10237368415,-65.0000006));
#658 = CARTESIAN_POINT('',(-7.10237368415,-55.1));
#659 = ( GEOMETRIC_REPRESENTATION_CONTEXT(2) 
PARAMETRIC_REPRESENTATION_CONTEXT() REPRESENTATION_CONTEXT('2D SPACE',''
  ) );
#660 = PCURVE('',#661,#666);
#661 = PLANE('',#662);
#662 = AXIS2_PLACEMENT_3D('',#663,#664,#665);
#663 = CARTESIAN_POINT('',(42.779960261786,46.315494167719,59.));
#664 = DIRECTION('',(-0.707106781187,0.707106781187,0.));
#665 = DIRECTION('',(0.,0.,1.));
#666 = DEFINITIONAL_REPRESENTATION('',(#667),#670);
#667 = B_SPLINE_CURVE_WITH_KNOTS('',1,(#668,#669),.UNSPECIFIED.,.F.,.F.,
  (2,2),(-65.0000006,-55.1),.PIECEWISE_BEZIER_KNOTS.);
#668 = CARTESIAN_POINT('',(9.0000006,10.957758213726));
#669 = CARTESIAN_POINT('',(-0.9,10.957758213726));
#670 = ( GEOMETRIC_REPRESENTATION_CONTEXT(2) 
PARAMETRIC_REPRESENTATION_CONTEXT() REPRESENTATION_CONTEXT('2D SPACE',''
  ) );
#671 = ORIENTED_EDGE('',*,*,#672,.F.);
#672 = EDGE_CURVE('',#673,#647,#675,.T.);
#673 = VERTEX_POINT('',#674);
#674 = CARTESIAN_POINT('',(38.820097887563,63.,68.));
#675 = SURFACE_CURVE('',#676,(#681,#688),.PCURVE_S1.);
#676 = CIRCLE('',#677,74.);
#677 = AXIS2_PLACEMENT_3D('',#678,#679,#680);
#678 = CARTESIAN_POINT('',(0.,0.,68.));
#679 = DIRECTION('',(0.,0.,-1.));
#680 = DIRECTION('',(0.5245959174,0.851351351351,0.));
#681 = PCURVE('',#33,#682);
#682 = DEFINITIONAL_REPRESENTATION('',(#683),#687);
#683 = LINE('',#684,#685);
#684 = CARTESIAN_POINT('',(-7.301741227029,-65.));
#685 = VECTOR('',#686,1.);
#686 = DIRECTION('',(1.,-0.));
#687 = ( GEOMETRIC_REPRESENTATION_CONTEXT(2) 
PARAMETRIC_REPRESENTATION_CONTEXT() REPRESENTATION_CONTEXT('2D SPACE',''
  ) );
#688 = PCURVE('',#100,#689);
#689 = DEFINITIONAL_REPRESENTATION('',(#690),#698);
#690 = ( BOUNDED_CURVE() B_SPLINE_CURVE(2,(#691,#692,#693,#694,#695,#696
,#697),.UNSPECIFIED.,.T.,.F.) B_SPLINE_CURVE_WITH_KNOTS((1,2,2,2,2,1),(
    -2.094395102393,0.,2.094395102393,4.188790204786,6.28318530718,
8.377580409573),.UNSPECIFIED.) CURVE() GEOMETRIC_REPRESENTATION_ITEM() 
RATIONAL_B_SPLINE_CURVE((1.,0.5,1.,0.5,1.,0.5,1.)) REPRESENTATION_ITEM(
  '') );
#691 = CARTESIAN_POINT('',(38.820097887563,63.));
#692 = CARTESIAN_POINT('',(147.9392987644,-4.238381896057));
#693 = CARTESIAN_POINT('',(35.149551494638,-65.11919094802));
#694 = CARTESIAN_POINT('',(-77.64019577512,-126.));
#695 = CARTESIAN_POINT('',(-73.9696493822,2.119190948028));
#696 = CARTESIAN_POINT('',(-70.29910298927,130.23838189605));
#697 = CARTESIAN_POINT('',(38.820097887563,63.));
#698 = ( GEOMETRIC_REPRESENTATION_CONTEXT(2) 
PARAMETRIC_REPRESENTATION_CONTEXT() REPRESENTATION_CONTEXT('2D SPACE',''
  ) );
#699 = ORIENTED_EDGE('',*,*,#700,.T.);
#700 = EDGE_CURVE('',#673,#701,#703,.T.);
#701 = VERTEX_POINT('',#702);
#702 = CARTESIAN_POINT('',(38.820097887563,63.,3.));
#703 = SURFACE_CURVE('',#704,(#708,#714),.PCURVE_S1.);
#704 = LINE('',#705,#706);
#705 = CARTESIAN_POINT('',(38.820097887563,63.,3.));
#706 = VECTOR('',#707,1.);
#707 = DIRECTION('',(-0.,-0.,-1.));
#708 = PCURVE('',#33,#709);
#709 = DEFINITIONAL_REPRESENTATION('',(#710),#713);
#710 = B_SPLINE_CURVE_WITH_KNOTS('',1,(#711,#712),.UNSPECIFIED.,.F.,.F.,
  (2,2),(-65.,-0.),.PIECEWISE_BEZIER_KNOTS.);
#711 = CARTESIAN_POINT('',(-7.301741227029,-65.));
#712 = CARTESIAN_POINT('',(-7.301741227029,0.));
#713 = ( GEOMETRIC_REPRESENTATION_CONTEXT(2) 
PARAMETRIC_REPRESENTATION_CONTEXT() REPRESENTATION_CONTEXT('2D SPACE',''
  ) );
#714 = PCURVE('',#72,#715);
#715 = DEFINITIONAL_REPRESENTATION('',(#716),#719);
#716 = B_SPLINE_CURVE_WITH_KNOTS('',1,(#717,#718),.UNSPECIFIED.,.F.,.F.,
  (2,2),(-65.0000006,5.999999999062E-07),.PIECEWISE_BEZIER_KNOTS.);
#717 = CARTESIAN_POINT('',(70.0000006,123.82009788756));
#718 = CARTESIAN_POINT('',(4.9999994,123.82009788756));
#719 = ( GEOMETRIC_REPRESENTATION_CONTEXT(2) 
PARAMETRIC_REPRESENTATION_CONTEXT() REPRESENTATION_CONTEXT('2D SPACE',''
  ) );
#720 = ORIENTED_EDGE('',*,*,#721,.F.);
#721 = EDGE_CURVE('',#722,#701,#724,.T.);
#722 = VERTEX_POINT('',#723);
#723 = CARTESIAN_POINT('',(62.799297420035,39.143942616323,3.));
#724 = SURFACE_CURVE('',#725,(#730,#737),.PCURVE_S1.);
#725 = CIRCLE('',#726,74.);
#726 = AXIS2_PLACEMENT_3D('',#727,#728,#729);
#727 = CARTESIAN_POINT('',(0.,0.,3.));
#728 = DIRECTION('',(0.,0.,1.));
#729 = DIRECTION('',(-0.5245959174,0.851351351351,0.));
#730 = PCURVE('',#33,#731);
#731 = DEFINITIONAL_REPRESENTATION('',(#732),#736);
#732 = LINE('',#733,#734);
#733 = CARTESIAN_POINT('',(-2.12303673374,0.));
#734 = VECTOR('',#735,1.);
#735 = DIRECTION('',(-1.,0.));
#736 = ( GEOMETRIC_REPRESENTATION_CONTEXT(2) 
PARAMETRIC_REPRESENTATION_CONTEXT() REPRESENTATION_CONTEXT('2D SPACE',''
  ) );
#737 = PCURVE('',#45,#738);
#738 = DEFINITIONAL_REPRESENTATION('',(#739),#743);
#739 = CIRCLE('',#740,74.);
#740 = AXIS2_PLACEMENT_2D('',#741,#742);
#741 = CARTESIAN_POINT('',(4.730603701758E-15,-6.440411965619E-15));
#742 = DIRECTION('',(-0.5245959174,0.851351351351));
#743 = ( GEOMETRIC_REPRESENTATION_CONTEXT(2) 
PARAMETRIC_REPRESENTATION_CONTEXT() REPRESENTATION_CONTEXT('2D SPACE',''
  ) );
#744 = ORIENTED_EDGE('',*,*,#745,.F.);
#745 = EDGE_CURVE('',#746,#722,#748,.T.);
#746 = VERTEX_POINT('',#747);
#747 = CARTESIAN_POINT('',(62.799297420034,39.143942616324,15.));
#748 = SURFACE_CURVE('',#749,(#753,#759),.PCURVE_S1.);
#749 = LINE('',#750,#751);
#750 = CARTESIAN_POINT('',(62.799297420034,39.143942616324,3.));
#751 = VECTOR('',#752,1.);
#752 = DIRECTION('',(-0.,-0.,-1.));
#753 = PCURVE('',#33,#754);
#754 = DEFINITIONAL_REPRESENTATION('',(#755),#758);
#755 = B_SPLINE_CURVE_WITH_KNOTS('',1,(#756,#757),.UNSPECIFIED.,.F.,.F.,
  (2,2),(-13.2,5.999999999062E-07),.PIECEWISE_BEZIER_KNOTS.);
#756 = CARTESIAN_POINT('',(-6.840574296351,-13.2));
#757 = CARTESIAN_POINT('',(-6.840574296351,5.999999999062E-07));
#758 = ( GEOMETRIC_REPRESENTATION_CONTEXT(2) 
PARAMETRIC_REPRESENTATION_CONTEXT() REPRESENTATION_CONTEXT('2D SPACE',''
  ) );
#759 = PCURVE('',#760,#765);
#760 = PLANE('',#761);
#761 = AXIS2_PLACEMENT_3D('',#762,#763,#764);
#762 = CARTESIAN_POINT('',(56.773702053557,35.665063509461,3.));
#763 = DIRECTION('',(-0.5,0.866025403784,0.));
#764 = DIRECTION('',(0.,0.,1.));
#765 = DEFINITIONAL_REPRESENTATION('',(#766),#769);
#766 = B_SPLINE_CURVE_WITH_KNOTS('',1,(#767,#768),.UNSPECIFIED.,.F.,.F.,
  (2,2),(-13.2,5.999999999062E-07),.PIECEWISE_BEZIER_KNOTS.);
#767 = CARTESIAN_POINT('',(13.2,6.957758213726));
#768 = CARTESIAN_POINT('',(-5.999999999062E-07,6.957758213726));
#769 = ( GEOMETRIC_REPRESENTATION_CONTEXT(2) 
PARAMETRIC_REPRESENTATION_CONTEXT() REPRESENTATION_CONTEXT('2D SPACE',''
  ) );
#770 = ORIENTED_EDGE('',*,*,#771,.T.);
#771 = EDGE_CURVE('',#746,#772,#774,.T.);
#772 = VERTEX_POINT('',#773);
#773 = CARTESIAN_POINT('',(64.085879880048,37.,15.));
#774 = SURFACE_CURVE('',#775,(#780,#787),.PCURVE_S1.);
#775 = CIRCLE('',#776,74.);
#776 = AXIS2_PLACEMENT_3D('',#777,#778,#779);
#777 = CARTESIAN_POINT('',(0.,0.,15.));
#778 = DIRECTION('',(0.,0.,-1.));
#779 = DIRECTION('',(1.,0.,0.));
#780 = PCURVE('',#33,#781);
#781 = DEFINITIONAL_REPRESENTATION('',(#782),#786);
#782 = LINE('',#783,#784);
#783 = CARTESIAN_POINT('',(-12.56637061435,-12.));
#784 = VECTOR('',#785,1.);
#785 = DIRECTION('',(1.,-0.));
#786 = ( GEOMETRIC_REPRESENTATION_CONTEXT(2) 
PARAMETRIC_REPRESENTATION_CONTEXT() REPRESENTATION_CONTEXT('2D SPACE',''
  ) );
#787 = PCURVE('',#788,#793);
#788 = PLANE('',#789);
#789 = AXIS2_PLACEMENT_3D('',#790,#791,#792);
#790 = CARTESIAN_POINT('',(59.273702053557,31.334936490539,15.));
#791 = DIRECTION('',(0.,0.,1.));
#792 = DIRECTION('',(0.866025403784,0.5,0.));
#793 = DEFINITIONAL_REPRESENTATION('',(#794),#802);
#794 = ( BOUNDED_CURVE() B_SPLINE_CURVE(2,(#795,#796,#797,#798,#799,#800
,#801),.UNSPECIFIED.,.T.,.F.) B_SPLINE_CURVE_WITH_KNOTS((1,2,2,2,2,1),(
    -2.094395102393,0.,2.094395102393,4.188790204786,6.28318530718,
8.377580409573),.UNSPECIFIED.) CURVE() GEOMETRIC_REPRESENTATION_ITEM() 
RATIONAL_B_SPLINE_CURVE((1.,0.5,1.,0.5,1.,0.5,1.)) REPRESENTATION_ITEM(
  '') );
#795 = CARTESIAN_POINT('',(-2.914120119952,-34.5));
#796 = CARTESIAN_POINT('',(-67.,-145.5));
#797 = CARTESIAN_POINT('',(-131.08587988,-34.5));
#798 = CARTESIAN_POINT('',(-195.17175976,76.5));
#799 = CARTESIAN_POINT('',(-67.,76.5));
#800 = CARTESIAN_POINT('',(61.171759760097,76.5));
#801 = CARTESIAN_POINT('',(-2.914120119952,-34.5));
#802 = ( GEOMETRIC_REPRESENTATION_CONTEXT(2) 
PARAMETRIC_REPRESENTATION_CONTEXT() REPRESENTATION_CONTEXT('2D SPACE',''
  ) );
#803 = ORIENTED_EDGE('',*,*,#804,.T.);
#804 = EDGE_CURVE('',#772,#805,#807,.T.);
#805 = VERTEX_POINT('',#806);
#806 = CARTESIAN_POINT('',(65.299297420034,34.813815597402,15.));
#807 = SURFACE_CURVE('',#808,(#813,#820),.PCURVE_S1.);
#808 = CIRCLE('',#809,74.);
#809 = AXIS2_PLACEMENT_3D('',#810,#811,#812);
#810 = CARTESIAN_POINT('',(0.,0.,15.));
#811 = DIRECTION('',(0.,0.,-1.));
#812 = DIRECTION('',(1.,0.,0.));
#813 = PCURVE('',#33,#814);
#814 = DEFINITIONAL_REPRESENTATION('',(#815),#819);
#815 = LINE('',#816,#817);
#816 = CARTESIAN_POINT('',(-12.56637061435,-12.));
#817 = VECTOR('',#818,1.);
#818 = DIRECTION('',(1.,-0.));
#819 = ( GEOMETRIC_REPRESENTATION_CONTEXT(2) 
PARAMETRIC_REPRESENTATION_CONTEXT() REPRESENTATION_CONTEXT('2D SPACE',''
  ) );
#820 = PCURVE('',#821,#826);
#821 = PLANE('',#822);
#822 = AXIS2_PLACEMENT_3D('',#823,#824,#825);
#823 = CARTESIAN_POINT('',(59.273702053557,31.334936490539,15.));
#824 = DIRECTION('',(0.,0.,1.));
#825 = DIRECTION('',(0.866025403784,0.5,0.));
#826 = DEFINITIONAL_REPRESENTATION('',(#827),#835);
#827 = ( BOUNDED_CURVE() B_SPLINE_CURVE(2,(#828,#829,#830,#831,#832,#833
,#834),.UNSPECIFIED.,.T.,.F.) B_SPLINE_CURVE_WITH_KNOTS((1,2,2,2,2,1),(
    -2.094395102393,0.,2.094395102393,4.188790204786,6.28318530718,
8.377580409573),.UNSPECIFIED.) CURVE() GEOMETRIC_REPRESENTATION_ITEM() 
RATIONAL_B_SPLINE_CURVE((1.,0.5,1.,0.5,1.,0.5,1.)) REPRESENTATION_ITEM(
  '') );
#828 = CARTESIAN_POINT('',(-2.914120119952,-34.5));
#829 = CARTESIAN_POINT('',(-67.,-145.5));
#830 = CARTESIAN_POINT('',(-131.08587988,-34.5));
#831 = CARTESIAN_POINT('',(-195.17175976,76.5));
#832 = CARTESIAN_POINT('',(-67.,76.5));
#833 = CARTESIAN_POINT('',(61.171759760097,76.5));
#834 = CARTESIAN_POINT('',(-2.914120119952,-34.5));
#835 = ( GEOMETRIC_REPRESENTATION_CONTEXT(2) 
PARAMETRIC_REPRESENTATION_CONTEXT() REPRESENTATION_CONTEXT('2D SPACE',''
  ) );
#836 = ORIENTED_EDGE('',*,*,#837,.T.);
#837 = EDGE_CURVE('',#805,#838,#840,.T.);
#838 = VERTEX_POINT('',#839);
#839 = CARTESIAN_POINT('',(65.299297420034,34.813815597402,3.));
#840 = SURFACE_CURVE('',#841,(#845,#851),.PCURVE_S1.);
#841 = LINE('',#842,#843);
#842 = CARTESIAN_POINT('',(65.299297420034,34.813815597402,3.));
#843 = VECTOR('',#844,1.);
#844 = DIRECTION('',(-0.,-0.,-1.));
#845 = PCURVE('',#33,#846);
#846 = DEFINITIONAL_REPRESENTATION('',(#847),#850);
#847 = B_SPLINE_CURVE_WITH_KNOTS('',1,(#848,#849),.UNSPECIFIED.,.F.,.F.,
  (2,2),(-13.2,5.999999999062E-07),.PIECEWISE_BEZIER_KNOTS.);
#848 = CARTESIAN_POINT('',(-6.772993869204,-13.2));
#849 = CARTESIAN_POINT('',(-6.772993869204,5.999999999062E-07));
#850 = ( GEOMETRIC_REPRESENTATION_CONTEXT(2) 
PARAMETRIC_REPRESENTATION_CONTEXT() REPRESENTATION_CONTEXT('2D SPACE',''
  ) );
#851 = PCURVE('',#852,#857);
#852 = PLANE('',#853);
#853 = AXIS2_PLACEMENT_3D('',#854,#855,#856);
#854 = CARTESIAN_POINT('',(59.273702053557,31.334936490539,3.));
#855 = DIRECTION('',(-0.5,0.866025403784,0.));
#856 = DIRECTION('',(0.,0.,1.));
#857 = DEFINITIONAL_REPRESENTATION('',(#858),#861);
#858 = B_SPLINE_CURVE_WITH_KNOTS('',1,(#859,#860),.UNSPECIFIED.,.F.,.F.,
  (2,2),(-13.2,5.999999999062E-07),.PIECEWISE_BEZIER_KNOTS.);
#859 = CARTESIAN_POINT('',(13.2,6.957758213726));
#860 = CARTESIAN_POINT('',(-5.999999999062E-07,6.957758213726));
#861 = ( GEOMETRIC_REPRESENTATION_CONTEXT(2) 
PARAMETRIC_REPRESENTATION_CONTEXT() REPRESENTATION_CONTEXT('2D SPACE',''
  ) );
#862 = ORIENTED_EDGE('',*,*,#863,.F.);
#863 = EDGE_CURVE('',#864,#838,#866,.T.);
#864 = VERTEX_POINT('',#865);
#865 = CARTESIAN_POINT('',(65.299297420034,-34.8138155974,3.));
#866 = SURFACE_CURVE('',#867,(#872,#879),.PCURVE_S1.);
#867 = CIRCLE('',#868,74.);
#868 = AXIS2_PLACEMENT_3D('',#869,#870,#871);
#869 = CARTESIAN_POINT('',(0.,0.,3.));
#870 = DIRECTION('',(0.,0.,1.));
#871 = DIRECTION('',(-0.5245959174,0.851351351351,0.));
#872 = PCURVE('',#33,#873);
#873 = DEFINITIONAL_REPRESENTATION('',(#874),#878);
#874 = LINE('',#875,#876);
#875 = CARTESIAN_POINT('',(-2.12303673374,0.));
#876 = VECTOR('',#877,1.);
#877 = DIRECTION('',(-1.,0.));
#878 = ( GEOMETRIC_REPRESENTATION_CONTEXT(2) 
PARAMETRIC_REPRESENTATION_CONTEXT() REPRESENTATION_CONTEXT('2D SPACE',''
  ) );
#879 = PCURVE('',#45,#880);
#880 = DEFINITIONAL_REPRESENTATION('',(#881),#885);
#881 = CIRCLE('',#882,74.);
#882 = AXIS2_PLACEMENT_2D('',#883,#884);
#883 = CARTESIAN_POINT('',(4.730603701758E-15,-6.440411965619E-15));
#884 = DIRECTION('',(-0.5245959174,0.851351351351));
#885 = ( GEOMETRIC_REPRESENTATION_CONTEXT(2) 
PARAMETRIC_REPRESENTATION_CONTEXT() REPRESENTATION_CONTEXT('2D SPACE',''
  ) );
#886 = ORIENTED_EDGE('',*,*,#887,.F.);
#887 = EDGE_CURVE('',#888,#864,#890,.T.);
#888 = VERTEX_POINT('',#889);
#889 = CARTESIAN_POINT('',(65.299297420034,-34.8138155974,15.));
#890 = SURFACE_CURVE('',#891,(#895,#901),.PCURVE_S1.);
#891 = LINE('',#892,#893);
#892 = CARTESIAN_POINT('',(65.299297420034,-34.8138155974,3.));
#893 = VECTOR('',#894,1.);
#894 = DIRECTION('',(-0.,-0.,-1.));
#895 = PCURVE('',#33,#896);
#896 = DEFINITIONAL_REPRESENTATION('',(#897),#900);
#897 = B_SPLINE_CURVE_WITH_KNOTS('',1,(#898,#899),.UNSPECIFIED.,.F.,.F.,
  (2,2),(-13.2,5.999999999062E-07),.PIECEWISE_BEZIER_KNOTS.);
#898 = CARTESIAN_POINT('',(-5.793376745155,-13.2));
#899 = CARTESIAN_POINT('',(-5.793376745155,5.999999999062E-07));
#900 = ( GEOMETRIC_REPRESENTATION_CONTEXT(2) 
PARAMETRIC_REPRESENTATION_CONTEXT() REPRESENTATION_CONTEXT('2D SPACE',''
  ) );
#901 = PCURVE('',#902,#907);
#902 = PLANE('',#903);
#903 = AXIS2_PLACEMENT_3D('',#904,#905,#906);
#904 = CARTESIAN_POINT('',(59.273702053557,-31.33493649053,3.));
#905 = DIRECTION('',(0.5,0.866025403784,0.));
#906 = DIRECTION('',(0.,0.,1.));
#907 = DEFINITIONAL_REPRESENTATION('',(#908),#911);
#908 = B_SPLINE_CURVE_WITH_KNOTS('',1,(#909,#910),.UNSPECIFIED.,.F.,.F.,
  (2,2),(-13.2,5.999999999062E-07),.PIECEWISE_BEZIER_KNOTS.);
#909 = CARTESIAN_POINT('',(13.2,6.957758213726));
#910 = CARTESIAN_POINT('',(-5.999999999062E-07,6.957758213726));
#911 = ( GEOMETRIC_REPRESENTATION_CONTEXT(2) 
PARAMETRIC_REPRESENTATION_CONTEXT() REPRESENTATION_CONTEXT('2D SPACE',''
  ) );
#912 = ORIENTED_EDGE('',*,*,#913,.T.);
#913 = EDGE_CURVE('',#888,#914,#916,.T.);
#914 = VERTEX_POINT('',#915);
#915 = CARTESIAN_POINT('',(64.085879880048,-37.,15.));
#916 = SURFACE_CURVE('',#917,(#922,#929),.PCURVE_S1.);
#917 = CIRCLE('',#918,74.);
#918 = AXIS2_PLACEMENT_3D('',#919,#920,#921);
#919 = CARTESIAN_POINT('',(0.,0.,15.));
#920 = DIRECTION('',(0.,0.,-1.));
#921 = DIRECTION('',(1.,0.,0.));
#922 = PCURVE('',#33,#923);
#923 = DEFINITIONAL_REPRESENTATION('',(#924),#928);
#924 = LINE('',#925,#926);
#925 = CARTESIAN_POINT('',(-6.28318530718,-12.));
#926 = VECTOR('',#927,1.);
#927 = DIRECTION('',(1.,-0.));
#928 = ( GEOMETRIC_REPRESENTATION_CONTEXT(2) 
PARAMETRIC_REPRESENTATION_CONTEXT() REPRESENTATION_CONTEXT('2D SPACE',''
  ) );
#929 = PCURVE('',#930,#935);
#930 = PLANE('',#931);
#931 = AXIS2_PLACEMENT_3D('',#932,#933,#934);
#932 = CARTESIAN_POINT('',(56.773702053557,-35.66506350946,15.));
#933 = DIRECTION('',(0.,0.,1.));
#934 = DIRECTION('',(0.866025403784,-0.5,0.));
#935 = DEFINITIONAL_REPRESENTATION('',(#936),#944);
#936 = ( BOUNDED_CURVE() B_SPLINE_CURVE(2,(#937,#938,#939,#940,#941,#942
,#943),.UNSPECIFIED.,.T.,.F.) B_SPLINE_CURVE_WITH_KNOTS((1,2,2,2,2,1),(
    -2.094395102393,0.,2.094395102393,4.188790204786,6.28318530718,
8.377580409573),.UNSPECIFIED.) CURVE() GEOMETRIC_REPRESENTATION_ITEM() 
RATIONAL_B_SPLINE_CURVE((1.,0.5,1.,0.5,1.,0.5,1.)) REPRESENTATION_ITEM(
  '') );
#937 = CARTESIAN_POINT('',(-2.914120119952,39.5));
#938 = CARTESIAN_POINT('',(61.171759760097,-71.5));
#939 = CARTESIAN_POINT('',(-67.,-71.5));
#940 = CARTESIAN_POINT('',(-195.17175976,-71.5));
#941 = CARTESIAN_POINT('',(-131.08587988,39.5));
#942 = CARTESIAN_POINT('',(-67.,150.5));
#943 = CARTESIAN_POINT('',(-2.914120119952,39.5));
#944 = ( GEOMETRIC_REPRESENTATION_CONTEXT(2) 
PARAMETRIC_REPRESENTATION_CONTEXT() REPRESENTATION_CONTEXT('2D SPACE',''
  ) );
#945 = ORIENTED_EDGE('',*,*,#946,.T.);
#946 = EDGE_CURVE('',#914,#947,#949,.T.);
#947 = VERTEX_POINT('',#948);
#948 = CARTESIAN_POINT('',(62.799297420034,-39.14394261632,15.));
#949 = SURFACE_CURVE('',#950,(#955,#962),.PCURVE_S1.);
#950 = CIRCLE('',#951,74.);
#951 = AXIS2_PLACEMENT_3D('',#952,#953,#954);
#952 = CARTESIAN_POINT('',(0.,0.,15.));
#953 = DIRECTION('',(0.,0.,-1.));
#954 = DIRECTION('',(1.,0.,0.));
#955 = PCURVE('',#33,#956);
#956 = DEFINITIONAL_REPRESENTATION('',(#957),#961);
#957 = LINE('',#958,#959);
#958 = CARTESIAN_POINT('',(-6.28318530718,-12.));
#959 = VECTOR('',#960,1.);
#960 = DIRECTION('',(1.,-0.));
#961 = ( GEOMETRIC_REPRESENTATION_CONTEXT(2) 
PARAMETRIC_REPRESENTATION_CONTEXT() REPRESENTATION_CONTEXT('2D SPACE',''
  ) );
#962 = PCURVE('',#963,#968);
#963 = PLANE('',#964);
#964 = AXIS2_PLACEMENT_3D('',#965,#966,#967);
#965 = CARTESIAN_POINT('',(56.773702053557,-35.66506350946,15.));
#966 = DIRECTION('',(0.,0.,1.));
#967 = DIRECTION('',(0.866025403784,-0.5,0.));
#968 = DEFINITIONAL_REPRESENTATION('',(#969),#977);
#969 = ( BOUNDED_CURVE() B_SPLINE_CURVE(2,(#970,#971,#972,#973,#974,#975
,#976),.UNSPECIFIED.,.T.,.F.) B_SPLINE_CURVE_WITH_KNOTS((1,2,2,2,2,1),(
    -2.094395102393,0.,2.094395102393,4.188790204786,6.28318530718,
8.377580409573),.UNSPECIFIED.) CURVE() GEOMETRIC_REPRESENTATION_ITEM() 
RATIONAL_B_SPLINE_CURVE((1.,0.5,1.,0.5,1.,0.5,1.)) REPRESENTATION_ITEM(
  '') );
#970 = CARTESIAN_POINT('',(-2.914120119952,39.5));
#971 = CARTESIAN_POINT('',(61.171759760097,-71.5));
#972 = CARTESIAN_POINT('',(-67.,-71.5));
#973 = CARTESIAN_POINT('',(-195.17175976,-71.5));
#974 = CARTESIAN_POINT('',(-131.08587988,39.5));
#975 = CARTESIAN_POINT('',(-67.,150.5));
#976 = CARTESIAN_POINT('',(-2.914120119952,39.5));
#977 = ( GEOMETRIC_REPRESENTATION_CONTEXT(2) 
PARAMETRIC_REPRESENTATION_CONTEXT() REPRESENTATION_CONTEXT('2D SPACE',''
  ) );
#978 = ORIENTED_EDGE('',*,*,#979,.T.);
#979 = EDGE_CURVE('',#947,#980,#982,.T.);
#980 = VERTEX_POINT('',#981);
#981 = CARTESIAN_POINT('',(62.799297420035,-39.14394261632,3.));
#982 = SURFACE_CURVE('',#983,(#987,#993),.PCURVE_S1.);
#983 = LINE('',#984,#985);
#984 = CARTESIAN_POINT('',(62.799297420034,-39.14394261632,3.));
#985 = VECTOR('',#986,1.);
#986 = DIRECTION('',(-0.,-0.,-1.));
#987 = PCURVE('',#33,#988);
#988 = DEFINITIONAL_REPRESENTATION('',(#989),#992);
#989 = B_SPLINE_CURVE_WITH_KNOTS('',1,(#990,#991),.UNSPECIFIED.,.F.,.F.,
  (2,2),(-13.2,5.999999999062E-07),.PIECEWISE_BEZIER_KNOTS.);
#990 = CARTESIAN_POINT('',(-5.725796318008,-13.2));
#991 = CARTESIAN_POINT('',(-5.725796318008,5.999999999062E-07));
#992 = ( GEOMETRIC_REPRESENTATION_CONTEXT(2) 
PARAMETRIC_REPRESENTATION_CONTEXT() REPRESENTATION_CONTEXT('2D SPACE',''
  ) );
#993 = PCURVE('',#994,#999);
#994 = PLANE('',#995);
#995 = AXIS2_PLACEMENT_3D('',#996,#997,#998);
#996 = CARTESIAN_POINT('',(56.773702053557,-35.66506350946,3.));
#997 = DIRECTION('',(0.5,0.866025403784,0.));
#998 = DIRECTION('',(0.,0.,1.));
#999 = DEFINITIONAL_REPRESENTATION('',(#1000),#1003);
#1000 = B_SPLINE_CURVE_WITH_KNOTS('',1,(#1001,#1002),.UNSPECIFIED.,.F.,
  .F.,(2,2),(-13.2,5.999999999062E-07),.PIECEWISE_BEZIER_KNOTS.);
#1001 = CARTESIAN_POINT('',(13.2,6.957758213726));
#1002 = CARTESIAN_POINT('',(-5.999999999062E-07,6.957758213726));
#1003 = ( GEOMETRIC_REPRESENTATION_CONTEXT(2) 
PARAMETRIC_REPRESENTATION_CONTEXT() REPRESENTATION_CONTEXT('2D SPACE',''
  ) );
#1004 = ORIENTED_EDGE('',*,*,#1005,.F.);
#1005 = EDGE_CURVE('',#1006,#980,#1008,.T.);
#1006 = VERTEX_POINT('',#1007);
#1007 = CARTESIAN_POINT('',(-62.79929742003,-39.14394261632,3.));
#1008 = SURFACE_CURVE('',#1009,(#1014,#1021),.PCURVE_S1.);
#1009 = CIRCLE('',#1010,74.);
#1010 = AXIS2_PLACEMENT_3D('',#1011,#1012,#1013);
#1011 = CARTESIAN_POINT('',(0.,0.,3.));
#1012 = DIRECTION('',(0.,0.,1.));
#1013 = DIRECTION('',(-0.5245959174,0.851351351351,0.));
#1014 = PCURVE('',#33,#1015);
#1015 = DEFINITIONAL_REPRESENTATION('',(#1016),#1020);
#1016 = LINE('',#1017,#1018);
#1017 = CARTESIAN_POINT('',(-2.12303673374,0.));
#1018 = VECTOR('',#1019,1.);
#1019 = DIRECTION('',(-1.,0.));
#1020 = ( GEOMETRIC_REPRESENTATION_CONTEXT(2) 
PARAMETRIC_REPRESENTATION_CONTEXT() REPRESENTATION_CONTEXT('2D SPACE',''
  ) );
#1021 = PCURVE('',#45,#1022);
#1022 = DEFINITIONAL_REPRESENTATION('',(#1023),#1027);
#1023 = CIRCLE('',#1024,74.);
#1024 = AXIS2_PLACEMENT_2D('',#1025,#1026);
#1025 = CARTESIAN_POINT('',(4.730603701758E-15,-6.440411965619E-15));
#1026 = DIRECTION('',(-0.5245959174,0.851351351351));
#1027 = ( GEOMETRIC_REPRESENTATION_CONTEXT(2) 
PARAMETRIC_REPRESENTATION_CONTEXT() REPRESENTATION_CONTEXT('2D SPACE',''
  ) );
#1028 = ORIENTED_EDGE('',*,*,#1029,.F.);
#1029 = EDGE_CURVE('',#1030,#1006,#1032,.T.);
#1030 = VERTEX_POINT('',#1031);
#1031 = CARTESIAN_POINT('',(-62.79929742003,-39.14394261632,15.));
#1032 = SURFACE_CURVE('',#1033,(#1037,#1043),.PCURVE_S1.);
#1033 = LINE('',#1034,#1035);
#1034 = CARTESIAN_POINT('',(-62.79929742003,-39.14394261632,3.));
#1035 = VECTOR('',#1036,1.);
#1036 = DIRECTION('',(-0.,-0.,-1.));
#1037 = PCURVE('',#33,#1038);
#1038 = DEFINITIONAL_REPRESENTATION('',(#1039),#1042);
#1039 = B_SPLINE_CURVE_WITH_KNOTS('',1,(#1040,#1041),.UNSPECIFIED.,.F.,
  .F.,(2,2),(-13.2,5.999999999062E-07),.PIECEWISE_BEZIER_KNOTS.);
#1040 = CARTESIAN_POINT('',(-3.698981642762,-13.2));
#1041 = CARTESIAN_POINT('',(-3.698981642762,5.999999999062E-07));
#1042 = ( GEOMETRIC_REPRESENTATION_CONTEXT(2) 
PARAMETRIC_REPRESENTATION_CONTEXT() REPRESENTATION_CONTEXT('2D SPACE',''
  ) );
#1043 = PCURVE('',#1044,#1049);
#1044 = PLANE('',#1045);
#1045 = AXIS2_PLACEMENT_3D('',#1046,#1047,#1048);
#1046 = CARTESIAN_POINT('',(-56.77370205355,-35.66506350946,3.));
#1047 = DIRECTION('',(0.5,-0.866025403784,0.));
#1048 = DIRECTION('',(0.,0.,1.));
#1049 = DEFINITIONAL_REPRESENTATION('',(#1050),#1053);
#1050 = B_SPLINE_CURVE_WITH_KNOTS('',1,(#1051,#1052),.UNSPECIFIED.,.F.,
  .F.,(2,2),(-13.2,5.999999999062E-07),.PIECEWISE_BEZIER_KNOTS.);
#1051 = CARTESIAN_POINT('',(13.2,6.957758213726));
#1052 = CARTESIAN_POINT('',(-5.999999999062E-07,6.957758213726));
#1053 = ( GEOMETRIC_REPRESENTATION_CONTEXT(2) 
PARAMETRIC_REPRESENTATION_CONTEXT() REPRESENTATION_CONTEXT('2D SPACE',''
  ) );
#1054 = ORIENTED_EDGE('',*,*,#1055,.T.);
#1055 = EDGE_CURVE('',#1030,#1056,#1058,.T.);
#1056 = VERTEX_POINT('',#1057);
#1057 = CARTESIAN_POINT('',(-64.08587988004,-37.,15.));
#1058 = SURFACE_CURVE('',#1059,(#1064,#1071),.PCURVE_S1.);
#1059 = CIRCLE('',#1060,74.);
#1060 = AXIS2_PLACEMENT_3D('',#1061,#1062,#1063);
#1061 = CARTESIAN_POINT('',(0.,0.,15.));
#1062 = DIRECTION('',(0.,0.,-1.));
#1063 = DIRECTION('',(1.,0.,0.));
#1064 = PCURVE('',#33,#1065);
#1065 = DEFINITIONAL_REPRESENTATION('',(#1066),#1070);
#1066 = LINE('',#1067,#1068);
#1067 = CARTESIAN_POINT('',(-6.28318530718,-12.));
#1068 = VECTOR('',#1069,1.);
#1069 = DIRECTION('',(1.,-0.));
#1070 = ( GEOMETRIC_REPRESENTATION_CONTEXT(2) 
PARAMETRIC_REPRESENTATION_CONTEXT() REPRESENTATION_CONTEXT('2D SPACE',''
  ) );
#1071 = PCURVE('',#1072,#1077);
#1072 = PLANE('',#1073);
#1073 = AXIS2_PLACEMENT_3D('',#1074,#1075,#1076);
#1074 = CARTESIAN_POINT('',(-59.27370205355,-31.33493649053,15.));
#1075 = DIRECTION('',(0.,0.,1.));
#1076 = DIRECTION('',(-0.866025403784,-0.5,0.));
#1077 = DEFINITIONAL_REPRESENTATION('',(#1078),#1086);
#1078 = ( BOUNDED_CURVE() B_SPLINE_CURVE(2,(#1079,#1080,#1081,#1082,
#1083,#1084,#1085),.UNSPECIFIED.,.T.,.F.) B_SPLINE_CURVE_WITH_KNOTS((1,2
    ,2,2,2,1),(-2.094395102393,0.,2.094395102393,4.188790204786,
6.28318530718,8.377580409573),.UNSPECIFIED.) CURVE() 
GEOMETRIC_REPRESENTATION_ITEM() RATIONAL_B_SPLINE_CURVE((1.,0.5,1.,0.5,
1.,0.5,1.)) REPRESENTATION_ITEM('') );
#1079 = CARTESIAN_POINT('',(-131.08587988,39.5));
#1080 = CARTESIAN_POINT('',(-67.,150.5));
#1081 = CARTESIAN_POINT('',(-2.914120119952,39.5));
#1082 = CARTESIAN_POINT('',(61.171759760097,-71.5));
#1083 = CARTESIAN_POINT('',(-67.,-71.5));
#1084 = CARTESIAN_POINT('',(-195.17175976,-71.5));
#1085 = CARTESIAN_POINT('',(-131.08587988,39.5));
#1086 = ( GEOMETRIC_REPRESENTATION_CONTEXT(2) 
PARAMETRIC_REPRESENTATION_CONTEXT() REPRESENTATION_CONTEXT('2D SPACE',''
  ) );
#1087 = ORIENTED_EDGE('',*,*,#1088,.T.);
#1088 = EDGE_CURVE('',#1056,#1089,#1091,.T.);
#1089 = VERTEX_POINT('',#1090);
#1090 = CARTESIAN_POINT('',(-65.29929742003,-34.8138155974,15.));
#1091 = SURFACE_CURVE('',#1092,(#1097,#1104),.PCURVE_S1.);
#1092 = CIRCLE('',#1093,74.);
#1093 = AXIS2_PLACEMENT_3D('',#1094,#1095,#1096);
#1094 = CARTESIAN_POINT('',(0.,0.,15.));
#1095 = DIRECTION('',(0.,0.,-1.));
#1096 = DIRECTION('',(1.,0.,0.));
#1097 = PCURVE('',#33,#1098);
#1098 = DEFINITIONAL_REPRESENTATION('',(#1099),#1103);
#1099 = LINE('',#1100,#1101);
#1100 = CARTESIAN_POINT('',(-6.28318530718,-12.));
#1101 = VECTOR('',#1102,1.);
#1102 = DIRECTION('',(1.,-0.));
#1103 = ( GEOMETRIC_REPRESENTATION_CONTEXT(2) 
PARAMETRIC_REPRESENTATION_CONTEXT() REPRESENTATION_CONTEXT('2D SPACE',''
  ) );
#1104 = PCURVE('',#1105,#1110);
#1105 = PLANE('',#1106);
#1106 = AXIS2_PLACEMENT_3D('',#1107,#1108,#1109);
#1107 = CARTESIAN_POINT('',(-59.27370205355,-31.33493649053,15.));
#1108 = DIRECTION('',(0.,0.,1.));
#1109 = DIRECTION('',(-0.866025403784,-0.5,0.));
#1110 = DEFINITIONAL_REPRESENTATION('',(#1111),#1119);
#1111 = ( BOUNDED_CURVE() B_SPLINE_CURVE(2,(#1112,#1113,#1114,#1115,
#1116,#1117,#1118),.UNSPECIFIED.,.T.,.F.) B_SPLINE_CURVE_WITH_KNOTS((1,2
    ,2,2,2,1),(-2.094395102393,0.,2.094395102393,4.188790204786,
6.28318530718,8.377580409573),.UNSPECIFIED.) CURVE() 
GEOMETRIC_REPRESENTATION_ITEM() RATIONAL_B_SPLINE_CURVE((1.,0.5,1.,0.5,
1.,0.5,1.)) REPRESENTATION_ITEM('') );
#1112 = CARTESIAN_POINT('',(-131.08587988,39.5));
#1113 = CARTESIAN_POINT('',(-67.,150.5));
#1114 = CARTESIAN_POINT('',(-2.914120119952,39.5));
#1115 = CARTESIAN_POINT('',(61.171759760097,-71.5));
#1116 = CARTESIAN_POINT('',(-67.,-71.5));
#1117 = CARTESIAN_POINT('',(-195.17175976,-71.5));
#1118 = CARTESIAN_POINT('',(-131.08587988,39.5));
#1119 = ( GEOMETRIC_REPRESENTATION_CONTEXT(2) 
PARAMETRIC_REPRESENTATION_CONTEXT() REPRESENTATION_CONTEXT('2D SPACE',''
  ) );
#1120 = ORIENTED_EDGE('',*,*,#1121,.T.);
#1121 = EDGE_CURVE('',#1089,#1122,#1124,.T.);
#1122 = VERTEX_POINT('',#1123);
#1123 = CARTESIAN_POINT('',(-65.29929742003,-34.8138155974,3.));
#1124 = SURFACE_CURVE('',#1125,(#1129,#1135),.PCURVE_S1.);
#1125 = LINE('',#1126,#1127);
#1126 = CARTESIAN_POINT('',(-65.29929742003,-34.8138155974,3.));
#1127 = VECTOR('',#1128,1.);
#1128 = DIRECTION('',(-0.,-0.,-1.));
#1129 = PCURVE('',#33,#1130);
#1130 = DEFINITIONAL_REPRESENTATION('',(#1131),#1134);
#1131 = B_SPLINE_CURVE_WITH_KNOTS('',1,(#1132,#1133),.UNSPECIFIED.,.F.,
  .F.,(2,2),(-13.2,5.999999999062E-07),.PIECEWISE_BEZIER_KNOTS.);
#1132 = CARTESIAN_POINT('',(-3.631401215615,-13.2));
#1133 = CARTESIAN_POINT('',(-3.631401215615,5.999999999062E-07));
#1134 = ( GEOMETRIC_REPRESENTATION_CONTEXT(2) 
PARAMETRIC_REPRESENTATION_CONTEXT() REPRESENTATION_CONTEXT('2D SPACE',''
  ) );
#1135 = PCURVE('',#1136,#1141);
#1136 = PLANE('',#1137);
#1137 = AXIS2_PLACEMENT_3D('',#1138,#1139,#1140);
#1138 = CARTESIAN_POINT('',(-59.27370205355,-31.33493649053,3.));
#1139 = DIRECTION('',(0.5,-0.866025403784,0.));
#1140 = DIRECTION('',(0.,0.,1.));
#1141 = DEFINITIONAL_REPRESENTATION('',(#1142),#1145);
#1142 = B_SPLINE_CURVE_WITH_KNOTS('',1,(#1143,#1144),.UNSPECIFIED.,.F.,
  .F.,(2,2),(-13.2,5.999999999062E-07),.PIECEWISE_BEZIER_KNOTS.);
#1143 = CARTESIAN_POINT('',(13.2,6.957758213726));
#1144 = CARTESIAN_POINT('',(-5.999999999062E-07,6.957758213726));
#1145 = ( GEOMETRIC_REPRESENTATION_CONTEXT(2) 
PARAMETRIC_REPRESENTATION_CONTEXT() REPRESENTATION_CONTEXT('2D SPACE',''
  ) );
#1146 = ORIENTED_EDGE('',*,*,#1147,.F.);
#1147 = EDGE_CURVE('',#1148,#1122,#1150,.T.);
#1148 = VERTEX_POINT('',#1149);
#1149 = CARTESIAN_POINT('',(-65.29929742003,34.813815597402,3.));
#1150 = SURFACE_CURVE('',#1151,(#1156,#1163),.PCURVE_S1.);
#1151 = CIRCLE('',#1152,74.);
#1152 = AXIS2_PLACEMENT_3D('',#1153,#1154,#1155);
#1153 = CARTESIAN_POINT('',(0.,0.,3.));
#1154 = DIRECTION('',(0.,0.,1.));
#1155 = DIRECTION('',(-0.5245959174,0.851351351351,0.));
#1156 = PCURVE('',#33,#1157);
#1157 = DEFINITIONAL_REPRESENTATION('',(#1158),#1162);
#1158 = LINE('',#1159,#1160);
#1159 = CARTESIAN_POINT('',(-2.12303673374,0.));
#1160 = VECTOR('',#1161,1.);
#1161 = DIRECTION('',(-1.,0.));
#1162 = ( GEOMETRIC_REPRESENTATION_CONTEXT(2) 
PARAMETRIC_REPRESENTATION_CONTEXT() REPRESENTATION_CONTEXT('2D SPACE',''
  ) );
#1163 = PCURVE('',#45,#1164);
#1164 = DEFINITIONAL_REPRESENTATION('',(#1165),#1169);
#1165 = CIRCLE('',#1166,74.);
#1166 = AXIS2_PLACEMENT_2D('',#1167,#1168);
#1167 = CARTESIAN_POINT('',(4.730603701758E-15,-6.440411965619E-15));
#1168 = DIRECTION('',(-0.5245959174,0.851351351351));
#1169 = ( GEOMETRIC_REPRESENTATION_CONTEXT(2) 
PARAMETRIC_REPRESENTATION_CONTEXT() REPRESENTATION_CONTEXT('2D SPACE',''
  ) );
#1170 = ORIENTED_EDGE('',*,*,#1171,.F.);
#1171 = EDGE_CURVE('',#1172,#1148,#1174,.T.);
#1172 = VERTEX_POINT('',#1173);
#1173 = CARTESIAN_POINT('',(-65.29929742003,34.813815597402,15.));
#1174 = SURFACE_CURVE('',#1175,(#1179,#1185),.PCURVE_S1.);
#1175 = LINE('',#1176,#1177);
#1176 = CARTESIAN_POINT('',(-65.29929742003,34.813815597402,3.));
#1177 = VECTOR('',#1178,1.);
#1178 = DIRECTION('',(-0.,-0.,-1.));
#1179 = PCURVE('',#33,#1180);
#1180 = DEFINITIONAL_REPRESENTATION('',(#1181),#1184);
#1181 = B_SPLINE_CURVE_WITH_KNOTS('',1,(#1182,#1183),.UNSPECIFIED.,.F.,
  .F.,(2,2),(-13.2,5.999999999062E-07),.PIECEWISE_BEZIER_KNOTS.);
#1182 = CARTESIAN_POINT('',(-2.651784091565,-13.2));
#1183 = CARTESIAN_POINT('',(-2.651784091565,5.999999999062E-07));
#1184 = ( GEOMETRIC_REPRESENTATION_CONTEXT(2) 
PARAMETRIC_REPRESENTATION_CONTEXT() REPRESENTATION_CONTEXT('2D SPACE',''
  ) );
#1185 = PCURVE('',#1186,#1191);
#1186 = PLANE('',#1187);
#1187 = AXIS2_PLACEMENT_3D('',#1188,#1189,#1190);
#1188 = CARTESIAN_POINT('',(-59.27370205355,31.334936490539,3.));
#1189 = DIRECTION('',(-0.5,-0.866025403784,0.));
#1190 = DIRECTION('',(0.,0.,1.));
#1191 = DEFINITIONAL_REPRESENTATION('',(#1192),#1195);
#1192 = B_SPLINE_CURVE_WITH_KNOTS('',1,(#1193,#1194),.UNSPECIFIED.,.F.,
  .F.,(2,2),(-13.2,5.999999999062E-07),.PIECEWISE_BEZIER_KNOTS.);
#1193 = CARTESIAN_POINT('',(13.2,6.957758213726));
#1194 = CARTESIAN_POINT('',(-5.999999999062E-07,6.957758213726));
#1195 = ( GEOMETRIC_REPRESENTATION_CONTEXT(2) 
PARAMETRIC_REPRESENTATION_CONTEXT() REPRESENTATION_CONTEXT('2D SPACE',''
  ) );
#1196 = ORIENTED_EDGE('',*,*,#1197,.T.);
#1197 = EDGE_CURVE('',#1172,#1198,#1200,.T.);
#1198 = VERTEX_POINT('',#1199);
#1199 = CARTESIAN_POINT('',(-64.08587988004,37.,15.));
#1200 = SURFACE_CURVE('',#1201,(#1206,#1213),.PCURVE_S1.);
#1201 = CIRCLE('',#1202,74.);
#1202 = AXIS2_PLACEMENT_3D('',#1203,#1204,#1205);
#1203 = CARTESIAN_POINT('',(0.,0.,15.));
#1204 = DIRECTION('',(0.,0.,-1.));
#1205 = DIRECTION('',(1.,0.,0.));
#1206 = PCURVE('',#33,#1207);
#1207 = DEFINITIONAL_REPRESENTATION('',(#1208),#1212);
#1208 = LINE('',#1209,#1210);
#1209 = CARTESIAN_POINT('',(-6.28318530718,-12.));
#1210 = VECTOR('',#1211,1.);
#1211 = DIRECTION('',(1.,-0.));
#1212 = ( GEOMETRIC_REPRESENTATION_CONTEXT(2) 
PARAMETRIC_REPRESENTATION_CONTEXT() REPRESENTATION_CONTEXT('2D SPACE',''
  ) );
#1213 = PCURVE('',#1214,#1219);
#1214 = PLANE('',#1215);
#1215 = AXIS2_PLACEMENT_3D('',#1216,#1217,#1218);
#1216 = CARTESIAN_POINT('',(-56.77370205355,35.665063509461,15.));
#1217 = DIRECTION('',(0.,0.,1.));
#1218 = DIRECTION('',(-0.866025403784,0.5,0.));
#1219 = DEFINITIONAL_REPRESENTATION('',(#1220),#1228);
#1220 = ( BOUNDED_CURVE() B_SPLINE_CURVE(2,(#1221,#1222,#1223,#1224,
#1225,#1226,#1227),.UNSPECIFIED.,.T.,.F.) B_SPLINE_CURVE_WITH_KNOTS((1,2
    ,2,2,2,1),(-2.094395102393,0.,2.094395102393,4.188790204786,
6.28318530718,8.377580409573),.UNSPECIFIED.) CURVE() 
GEOMETRIC_REPRESENTATION_ITEM() RATIONAL_B_SPLINE_CURVE((1.,0.5,1.,0.5,
1.,0.5,1.)) REPRESENTATION_ITEM('') );
#1221 = CARTESIAN_POINT('',(-131.08587988,-34.5));
#1222 = CARTESIAN_POINT('',(-195.17175976,76.5));
#1223 = CARTESIAN_POINT('',(-67.,76.5));
#1224 = CARTESIAN_POINT('',(61.171759760097,76.5));
#1225 = CARTESIAN_POINT('',(-2.914120119952,-34.5));
#1226 = CARTESIAN_POINT('',(-67.,-145.5));
#1227 = CARTESIAN_POINT('',(-131.08587988,-34.5));
#1228 = ( GEOMETRIC_REPRESENTATION_CONTEXT(2) 
PARAMETRIC_REPRESENTATION_CONTEXT() REPRESENTATION_CONTEXT('2D SPACE',''
  ) );
#1229 = ORIENTED_EDGE('',*,*,#1230,.T.);
#1230 = EDGE_CURVE('',#1198,#1231,#1233,.T.);
#1231 = VERTEX_POINT('',#1232);
#1232 = CARTESIAN_POINT('',(-62.79929742003,39.143942616324,15.));
#1233 = SURFACE_CURVE('',#1234,(#1239,#1246),.PCURVE_S1.);
#1234 = CIRCLE('',#1235,74.);
#1235 = AXIS2_PLACEMENT_3D('',#1236,#1237,#1238);
#1236 = CARTESIAN_POINT('',(0.,0.,15.));
#1237 = DIRECTION('',(0.,0.,-1.));
#1238 = DIRECTION('',(1.,0.,0.));
#1239 = PCURVE('',#33,#1240);
#1240 = DEFINITIONAL_REPRESENTATION('',(#1241),#1245);
#1241 = LINE('',#1242,#1243);
#1242 = CARTESIAN_POINT('',(-6.28318530718,-12.));
#1243 = VECTOR('',#1244,1.);
#1244 = DIRECTION('',(1.,-0.));
#1245 = ( GEOMETRIC_REPRESENTATION_CONTEXT(2) 
PARAMETRIC_REPRESENTATION_CONTEXT() REPRESENTATION_CONTEXT('2D SPACE',''
  ) );
#1246 = PCURVE('',#1247,#1252);
#1247 = PLANE('',#1248);
#1248 = AXIS2_PLACEMENT_3D('',#1249,#1250,#1251);
#1249 = CARTESIAN_POINT('',(-56.77370205355,35.665063509461,15.));
#1250 = DIRECTION('',(0.,0.,1.));
#1251 = DIRECTION('',(-0.866025403784,0.5,0.));
#1252 = DEFINITIONAL_REPRESENTATION('',(#1253),#1261);
#1253 = ( BOUNDED_CURVE() B_SPLINE_CURVE(2,(#1254,#1255,#1256,#1257,
#1258,#1259,#1260),.UNSPECIFIED.,.T.,.F.) B_SPLINE_CURVE_WITH_KNOTS((1,2
    ,2,2,2,1),(-2.094395102393,0.,2.094395102393,4.188790204786,
6.28318530718,8.377580409573),.UNSPECIFIED.) CURVE() 
GEOMETRIC_REPRESENTATION_ITEM() RATIONAL_B_SPLINE_CURVE((1.,0.5,1.,0.5,
1.,0.5,1.)) REPRESENTATION_ITEM('') );
#1254 = CARTESIAN_POINT('',(-131.08587988,-34.5));
#1255 = CARTESIAN_POINT('',(-195.17175976,76.5));
#1256 = CARTESIAN_POINT('',(-67.,76.5));
#1257 = CARTESIAN_POINT('',(61.171759760097,76.5));
#1258 = CARTESIAN_POINT('',(-2.914120119952,-34.5));
#1259 = CARTESIAN_POINT('',(-67.,-145.5));
#1260 = CARTESIAN_POINT('',(-131.08587988,-34.5));
#1261 = ( GEOMETRIC_REPRESENTATION_CONTEXT(2) 
PARAMETRIC_REPRESENTATION_CONTEXT() REPRESENTATION_CONTEXT('2D SPACE',''
  ) );
#1262 = ORIENTED_EDGE('',*,*,#1263,.T.);
#1263 = EDGE_CURVE('',#1231,#24,#1264,.T.);
#1264 = SURFACE_CURVE('',#1265,(#1269,#1275),.PCURVE_S1.);
#1265 = LINE('',#1266,#1267);
#1266 = CARTESIAN_POINT('',(-62.79929742003,39.143942616324,3.));
#1267 = VECTOR('',#1268,1.);
#1268 = DIRECTION('',(-0.,-0.,-1.));
#1269 = PCURVE('',#33,#1270);
#1270 = DEFINITIONAL_REPRESENTATION('',(#1271),#1274);
#1271 = B_SPLINE_CURVE_WITH_KNOTS('',1,(#1272,#1273),.UNSPECIFIED.,.F.,
  .F.,(2,2),(-13.2,5.999999999062E-07),.PIECEWISE_BEZIER_KNOTS.);
#1272 = CARTESIAN_POINT('',(-2.584203664418,-13.2));
#1273 = CARTESIAN_POINT('',(-2.584203664418,5.999999999062E-07));
#1274 = ( GEOMETRIC_REPRESENTATION_CONTEXT(2) 
PARAMETRIC_REPRESENTATION_CONTEXT() REPRESENTATION_CONTEXT('2D SPACE',''
  ) );
#1275 = PCURVE('',#1276,#1281);
#1276 = PLANE('',#1277);
#1277 = AXIS2_PLACEMENT_3D('',#1278,#1279,#1280);
#1278 = CARTESIAN_POINT('',(-56.77370205355,35.665063509461,3.));
#1279 = DIRECTION('',(-0.5,-0.866025403784,0.));
#1280 = DIRECTION('',(0.,0.,1.));
#1281 = DEFINITIONAL_REPRESENTATION('',(#1282),#1285);
#1282 = B_SPLINE_CURVE_WITH_KNOTS('',1,(#1283,#1284),.UNSPECIFIED.,.F.,
  .F.,(2,2),(-13.2,5.999999999062E-07),.PIECEWISE_BEZIER_KNOTS.);
#1283 = CARTESIAN_POINT('',(13.2,6.957758213726));
#1284 = CARTESIAN_POINT('',(-5.999999999062E-07,6.957758213726));
#1285 = ( GEOMETRIC_REPRESENTATION_CONTEXT(2) 
PARAMETRIC_REPRESENTATION_CONTEXT() REPRESENTATION_CONTEXT('2D SPACE',''
  ) );
#1286 = FACE_BOUND('',#1287,.F.);
#1287 = EDGE_LOOP('',(#1288,#1323,#1349,#1382));
#1288 = ORIENTED_EDGE('',*,*,#1289,.T.);
#1289 = EDGE_CURVE('',#1290,#1292,#1294,.T.);
#1290 = VERTEX_POINT('',#1291);
#1291 = CARTESIAN_POINT('',(-69.11768620978,-26.43379376868,32.5));
#1292 = VERTEX_POINT('',#1293);
#1293 = CARTESIAN_POINT('',(-69.93853455376,-24.17853147879,32.5));
#1294 = SURFACE_CURVE('',#1295,(#1300,#1307),.PCURVE_S1.);
#1295 = CIRCLE('',#1296,74.);
#1296 = AXIS2_PLACEMENT_3D('',#1297,#1298,#1299);
#1297 = CARTESIAN_POINT('',(0.,0.,32.5));
#1298 = DIRECTION('',(0.,0.,-1.));
#1299 = DIRECTION('',(1.,0.,0.));
#1300 = PCURVE('',#33,#1301);
#1301 = DEFINITIONAL_REPRESENTATION('',(#1302),#1306);
#1302 = LINE('',#1303,#1304);
#1303 = CARTESIAN_POINT('',(-6.28318530718,-29.5));
#1304 = VECTOR('',#1305,1.);
#1305 = DIRECTION('',(1.,-0.));
#1306 = ( GEOMETRIC_REPRESENTATION_CONTEXT(2) 
PARAMETRIC_REPRESENTATION_CONTEXT() REPRESENTATION_CONTEXT('2D SPACE',''
  ) );
#1307 = PCURVE('',#1308,#1313);
#1308 = PLANE('',#1309);
#1309 = AXIS2_PLACEMENT_3D('',#1310,#1311,#1312);
#1310 = CARTESIAN_POINT('',(-72.7667559725,-25.20791989113,32.5));
#1311 = DIRECTION('',(0.,0.,1.));
#1312 = DIRECTION('',(0.342020143326,-0.939692620786,0.));
#1313 = DEFINITIONAL_REPRESENTATION('',(#1314),#1322);
#1314 = ( BOUNDED_CURVE() B_SPLINE_CURVE(2,(#1315,#1316,#1317,#1318,
#1319,#1320,#1321),.UNSPECIFIED.,.T.,.F.) B_SPLINE_CURVE_WITH_KNOTS((1,2
    ,2,2,2,1),(-2.094395102393,0.,2.094395102393,4.188790204786,
6.28318530718,8.377580409573),.UNSPECIFIED.) CURVE() 
GEOMETRIC_REPRESENTATION_ITEM() RATIONAL_B_SPLINE_CURVE((1.,0.5,1.,0.5,
1.,0.5,1.)) REPRESENTATION_ITEM('') );
#1315 = CARTESIAN_POINT('',(26.5094906061,146.53725393815));
#1316 = CARTESIAN_POINT('',(146.9515474458,102.6999302947));
#1317 = CARTESIAN_POINT('',(48.766283116804,20.312711209196));
#1318 = CARTESIAN_POINT('',(-49.41898121219,-62.07450787631));
#1319 = CARTESIAN_POINT('',(-71.6757737229,64.150034852647));
#1320 = CARTESIAN_POINT('',(-93.9325662336,190.3745775816));
#1321 = CARTESIAN_POINT('',(26.5094906061,146.53725393815));
#1322 = ( GEOMETRIC_REPRESENTATION_CONTEXT(2) 
PARAMETRIC_REPRESENTATION_CONTEXT() REPRESENTATION_CONTEXT('2D SPACE',''
  ) );
#1323 = ORIENTED_EDGE('',*,*,#1324,.T.);
#1324 = EDGE_CURVE('',#1292,#1325,#1327,.T.);
#1325 = VERTEX_POINT('',#1326);
#1326 = CARTESIAN_POINT('',(-69.93853455376,-24.17853147879,17.5));
#1327 = SURFACE_CURVE('',#1328,(#1332,#1338),.PCURVE_S1.);
#1328 = LINE('',#1329,#1330);
#1329 = CARTESIAN_POINT('',(-69.93853455376,-24.17853147879,3.));
#1330 = VECTOR('',#1331,1.);
#1331 = DIRECTION('',(-0.,-0.,-1.));
#1332 = PCURVE('',#33,#1333);
#1333 = DEFINITIONAL_REPRESENTATION('',(#1334),#1337);
#1334 = B_SPLINE_CURVE_WITH_KNOTS('',1,(#1335,#1336),.UNSPECIFIED.,.F.,
  .F.,(2,2),(-31.,-13.),.PIECEWISE_BEZIER_KNOTS.);
#1335 = CARTESIAN_POINT('',(-3.47444157697,-31.));
#1336 = CARTESIAN_POINT('',(-3.47444157697,-13.));
#1337 = ( GEOMETRIC_REPRESENTATION_CONTEXT(2) 
PARAMETRIC_REPRESENTATION_CONTEXT() REPRESENTATION_CONTEXT('2D SPACE',''
  ) );
#1338 = PCURVE('',#1339,#1344);
#1339 = PLANE('',#1340);
#1340 = AXIS2_PLACEMENT_3D('',#1341,#1342,#1343);
#1341 = CARTESIAN_POINT('',(-72.7667559725,-25.20791989113,17.5));
#1342 = DIRECTION('',(0.342020143326,-0.939692620786,0.));
#1343 = DIRECTION('',(0.,0.,1.));
#1344 = DEFINITIONAL_REPRESENTATION('',(#1345),#1348);
#1345 = B_SPLINE_CURVE_WITH_KNOTS('',1,(#1346,#1347),.UNSPECIFIED.,.F.,
  .F.,(2,2),(-31.,-13.),.PIECEWISE_BEZIER_KNOTS.);
#1346 = CARTESIAN_POINT('',(16.5,-3.00973036946));
#1347 = CARTESIAN_POINT('',(-1.5,-3.00973036946));
#1348 = ( GEOMETRIC_REPRESENTATION_CONTEXT(2) 
PARAMETRIC_REPRESENTATION_CONTEXT() REPRESENTATION_CONTEXT('2D SPACE',''
  ) );
#1349 = ORIENTED_EDGE('',*,*,#1350,.F.);
#1350 = EDGE_CURVE('',#1351,#1325,#1353,.T.);
#1351 = VERTEX_POINT('',#1352);
#1352 = CARTESIAN_POINT('',(-69.11768620978,-26.43379376868,17.5));
#1353 = SURFACE_CURVE('',#1354,(#1359,#1366),.PCURVE_S1.);
#1354 = CIRCLE('',#1355,74.);
#1355 = AXIS2_PLACEMENT_3D('',#1356,#1357,#1358);
#1356 = CARTESIAN_POINT('',(0.,0.,17.5));
#1357 = DIRECTION('',(0.,0.,-1.));
#1358 = DIRECTION('',(1.,0.,0.));
#1359 = PCURVE('',#33,#1360);
#1360 = DEFINITIONAL_REPRESENTATION('',(#1361),#1365);
#1361 = LINE('',#1362,#1363);
#1362 = CARTESIAN_POINT('',(-6.28318530718,-14.5));
#1363 = VECTOR('',#1364,1.);
#1364 = DIRECTION('',(1.,-0.));
#1365 = ( GEOMETRIC_REPRESENTATION_CONTEXT(2) 
PARAMETRIC_REPRESENTATION_CONTEXT() REPRESENTATION_CONTEXT('2D SPACE',''
  ) );
#1366 = PCURVE('',#1367,#1372);
#1367 = PLANE('',#1368);
#1368 = AXIS2_PLACEMENT_3D('',#1369,#1370,#1371);
#1369 = CARTESIAN_POINT('',(-72.7667559725,-25.20791989113,17.5));
#1370 = DIRECTION('',(0.,0.,1.));
#1371 = DIRECTION('',(0.342020143326,-0.939692620786,0.));
#1372 = DEFINITIONAL_REPRESENTATION('',(#1373),#1381);
#1373 = ( BOUNDED_CURVE() B_SPLINE_CURVE(2,(#1374,#1375,#1376,#1377,
#1378,#1379,#1380),.UNSPECIFIED.,.T.,.F.) B_SPLINE_CURVE_WITH_KNOTS((1,2
    ,2,2,2,1),(-2.094395102393,0.,2.094395102393,4.188790204786,
6.28318530718,8.377580409573),.UNSPECIFIED.) CURVE() 
GEOMETRIC_REPRESENTATION_ITEM() RATIONAL_B_SPLINE_CURVE((1.,0.5,1.,0.5,
1.,0.5,1.)) REPRESENTATION_ITEM('') );
#1374 = CARTESIAN_POINT('',(26.5094906061,146.53725393815));
#1375 = CARTESIAN_POINT('',(146.9515474458,102.6999302947));
#1376 = CARTESIAN_POINT('',(48.766283116804,20.312711209196));
#1377 = CARTESIAN_POINT('',(-49.41898121219,-62.07450787631));
#1378 = CARTESIAN_POINT('',(-71.6757737229,64.150034852647));
#1379 = CARTESIAN_POINT('',(-93.9325662336,190.3745775816));
#1380 = CARTESIAN_POINT('',(26.5094906061,146.53725393815));
#1381 = ( GEOMETRIC_REPRESENTATION_CONTEXT(2) 
PARAMETRIC_REPRESENTATION_CONTEXT() REPRESENTATION_CONTEXT('2D SPACE',''
  ) );
#1382 = ORIENTED_EDGE('',*,*,#1383,.F.);
#1383 = EDGE_CURVE('',#1290,#1351,#1384,.T.);
#1384 = SURFACE_CURVE('',#1385,(#1389,#1395),.PCURVE_S1.);
#1385 = LINE('',#1386,#1387);
#1386 = CARTESIAN_POINT('',(-69.11768620978,-26.43379376868,3.));
#1387 = VECTOR('',#1388,1.);
#1388 = DIRECTION('',(-0.,-0.,-1.));
#1389 = PCURVE('',#33,#1390);
#1390 = DEFINITIONAL_REPRESENTATION('',(#1391),#1394);
#1391 = B_SPLINE_CURVE_WITH_KNOTS('',1,(#1392,#1393),.UNSPECIFIED.,.F.,
  .F.,(2,2),(-31.,-13.),.PIECEWISE_BEZIER_KNOTS.);
#1392 = CARTESIAN_POINT('',(-3.506875431007,-31.));
#1393 = CARTESIAN_POINT('',(-3.506875431007,-13.));
#1394 = ( GEOMETRIC_REPRESENTATION_CONTEXT(2) 
PARAMETRIC_REPRESENTATION_CONTEXT() REPRESENTATION_CONTEXT('2D SPACE',''
  ) );
#1395 = PCURVE('',#1396,#1401);
#1396 = PLANE('',#1397);
#1397 = AXIS2_PLACEMENT_3D('',#1398,#1399,#1400);
#1398 = CARTESIAN_POINT('',(-71.94590762852,-27.46318218102,17.5));
#1399 = DIRECTION('',(0.342020143326,-0.939692620786,0.));
#1400 = DIRECTION('',(0.,0.,1.));
#1401 = DEFINITIONAL_REPRESENTATION('',(#1402),#1405);
#1402 = B_SPLINE_CURVE_WITH_KNOTS('',1,(#1403,#1404),.UNSPECIFIED.,.F.,
  .F.,(2,2),(-31.,-13.),.PIECEWISE_BEZIER_KNOTS.);
#1403 = CARTESIAN_POINT('',(16.5,-3.00973036946));
#1404 = CARTESIAN_POINT('',(-1.5,-3.00973036946));
#1405 = ( GEOMETRIC_REPRESENTATION_CONTEXT(2) 
PARAMETRIC_REPRESENTATION_CONTEXT() REPRESENTATION_CONTEXT('2D SPACE',''
  ) );
#1406 = FACE_BOUND('',#1407,.F.);
#1407 = EDGE_LOOP('',(#1408,#1443,#1469,#1502));
#1408 = ORIENTED_EDGE('',*,*,#1409,.T.);
#1409 = EDGE_CURVE('',#1410,#1412,#1414,.T.);
#1410 = VERTEX_POINT('',#1411);
#1411 = CARTESIAN_POINT('',(-60.66968204303,-42.36967879035,32.5));
#1412 = VERTEX_POINT('',#1413);
#1413 = CARTESIAN_POINT('',(-62.01174501136,-40.37998861621,32.5));
#1414 = SURFACE_CURVE('',#1415,(#1420,#1427),.PCURVE_S1.);
#1415 = CIRCLE('',#1416,74.);
#1416 = AXIS2_PLACEMENT_3D('',#1417,#1418,#1419);
#1417 = CARTESIAN_POINT('',(0.,0.,32.5));
#1418 = DIRECTION('',(0.,0.,-1.));
#1419 = DIRECTION('',(1.,0.,0.));
#1420 = PCURVE('',#33,#1421);
#1421 = DEFINITIONAL_REPRESENTATION('',(#1422),#1426);
#1422 = LINE('',#1423,#1424);
#1423 = CARTESIAN_POINT('',(-6.28318530718,-29.5));
#1424 = VECTOR('',#1425,1.);
#1425 = DIRECTION('',(1.,-0.));
#1426 = ( GEOMETRIC_REPRESENTATION_CONTEXT(2) 
PARAMETRIC_REPRESENTATION_CONTEXT() REPRESENTATION_CONTEXT('2D SPACE',''
  ) );
#1427 = PCURVE('',#1428,#1433);
#1428 = PLANE('',#1429);
#1429 = AXIS2_PLACEMENT_3D('',#1430,#1431,#1432);
#1430 = CARTESIAN_POINT('',(-64.5069245709,-42.06300848018,32.5));
#1431 = DIRECTION('',(0.,0.,1.));
#1432 = DIRECTION('',(0.559192903471,-0.829037572555,0.));
#1433 = DEFINITIONAL_REPRESENTATION('',(#1434),#1442);
#1434 = ( BOUNDED_CURVE() B_SPLINE_CURVE(2,(#1435,#1436,#1437,#1438,
#1439,#1440,#1441),.UNSPECIFIED.,.T.,.F.) B_SPLINE_CURVE_WITH_KNOTS((1,2
    ,2,2,2,1),(-2.094395102393,0.,2.094395102393,4.188790204786,
6.28318530718,8.377580409573),.UNSPECIFIED.) CURVE() 
GEOMETRIC_REPRESENTATION_ITEM() RATIONAL_B_SPLINE_CURVE((1.,0.5,1.,0.5,
1.,0.5,1.)) REPRESENTATION_ITEM('') );
#1435 = CARTESIAN_POINT('',(42.580274856835,138.34878036907));
#1436 = CARTESIAN_POINT('',(148.83947943845,66.676041885869));
#1437 = CARTESIAN_POINT('',(33.639464862392,10.489240573862));
#1438 = CARTESIAN_POINT('',(-81.56054971367,-45.69756073814));
#1439 = CARTESIAN_POINT('',(-72.61973971922,82.161979057065));
#1440 = CARTESIAN_POINT('',(-63.67892972478,210.02151885227));
#1441 = CARTESIAN_POINT('',(42.580274856835,138.34878036907));
#1442 = ( GEOMETRIC_REPRESENTATION_CONTEXT(2) 
PARAMETRIC_REPRESENTATION_CONTEXT() REPRESENTATION_CONTEXT('2D SPACE',''
  ) );
#1443 = ORIENTED_EDGE('',*,*,#1444,.T.);
#1444 = EDGE_CURVE('',#1412,#1445,#1447,.T.);
#1445 = VERTEX_POINT('',#1446);
#1446 = CARTESIAN_POINT('',(-62.01174501136,-40.37998861621,17.5));
#1447 = SURFACE_CURVE('',#1448,(#1452,#1458),.PCURVE_S1.);
#1448 = LINE('',#1449,#1450);
#1449 = CARTESIAN_POINT('',(-62.01174501136,-40.37998861621,3.));
#1450 = VECTOR('',#1451,1.);
#1451 = DIRECTION('',(-0.,-0.,-1.));
#1452 = PCURVE('',#33,#1453);
#1453 = DEFINITIONAL_REPRESENTATION('',(#1454),#1457);
#1454 = B_SPLINE_CURVE_WITH_KNOTS('',1,(#1455,#1456),.UNSPECIFIED.,.F.,
  .F.,(2,2),(-31.,-13.),.PIECEWISE_BEZIER_KNOTS.);
#1455 = CARTESIAN_POINT('',(-3.71878767225,-31.));
#1456 = CARTESIAN_POINT('',(-3.71878767225,-13.));
#1457 = ( GEOMETRIC_REPRESENTATION_CONTEXT(2) 
PARAMETRIC_REPRESENTATION_CONTEXT() REPRESENTATION_CONTEXT('2D SPACE',''
  ) );
#1458 = PCURVE('',#1459,#1464);
#1459 = PLANE('',#1460);
#1460 = AXIS2_PLACEMENT_3D('',#1461,#1462,#1463);
#1461 = CARTESIAN_POINT('',(-64.5069245709,-42.06300848018,17.5));
#1462 = DIRECTION('',(0.559192903471,-0.829037572555,0.));
#1463 = DIRECTION('',(0.,0.,1.));
#1464 = DEFINITIONAL_REPRESENTATION('',(#1465),#1468);
#1465 = B_SPLINE_CURVE_WITH_KNOTS('',1,(#1466,#1467),.UNSPECIFIED.,.F.,
  .F.,(2,2),(-31.,-13.),.PIECEWISE_BEZIER_KNOTS.);
#1466 = CARTESIAN_POINT('',(16.5,-3.00973036946));
#1467 = CARTESIAN_POINT('',(-1.5,-3.00973036946));
#1468 = ( GEOMETRIC_REPRESENTATION_CONTEXT(2) 
PARAMETRIC_REPRESENTATION_CONTEXT() REPRESENTATION_CONTEXT('2D SPACE',''
  ) );
#1469 = ORIENTED_EDGE('',*,*,#1470,.F.);
#1470 = EDGE_CURVE('',#1471,#1445,#1473,.T.);
#1471 = VERTEX_POINT('',#1472);
#1472 = CARTESIAN_POINT('',(-60.66968204303,-42.36967879035,17.5));
#1473 = SURFACE_CURVE('',#1474,(#1479,#1486),.PCURVE_S1.);
#1474 = CIRCLE('',#1475,74.);
#1475 = AXIS2_PLACEMENT_3D('',#1476,#1477,#1478);
#1476 = CARTESIAN_POINT('',(0.,0.,17.5));
#1477 = DIRECTION('',(0.,0.,-1.));
#1478 = DIRECTION('',(1.,0.,0.));
#1479 = PCURVE('',#33,#1480);
#1480 = DEFINITIONAL_REPRESENTATION('',(#1481),#1485);
#1481 = LINE('',#1482,#1483);
#1482 = CARTESIAN_POINT('',(-6.28318530718,-14.5));
#1483 = VECTOR('',#1484,1.);
#1484 = DIRECTION('',(1.,-0.));
#1485 = ( GEOMETRIC_REPRESENTATION_CONTEXT(2) 
PARAMETRIC_REPRESENTATION_CONTEXT() REPRESENTATION_CONTEXT('2D SPACE',''
  ) );
#1486 = PCURVE('',#1487,#1492);
#1487 = PLANE('',#1488);
#1488 = AXIS2_PLACEMENT_3D('',#1489,#1490,#1491);
#1489 = CARTESIAN_POINT('',(-64.5069245709,-42.06300848018,17.5));
#1490 = DIRECTION('',(0.,0.,1.));
#1491 = DIRECTION('',(0.559192903471,-0.829037572555,0.));
#1492 = DEFINITIONAL_REPRESENTATION('',(#1493),#1501);
#1493 = ( BOUNDED_CURVE() B_SPLINE_CURVE(2,(#1494,#1495,#1496,#1497,
#1498,#1499,#1500),.UNSPECIFIED.,.T.,.F.) B_SPLINE_CURVE_WITH_KNOTS((1,2
    ,2,2,2,1),(-2.094395102393,0.,2.094395102393,4.188790204786,
6.28318530718,8.377580409573),.UNSPECIFIED.) CURVE() 
GEOMETRIC_REPRESENTATION_ITEM() RATIONAL_B_SPLINE_CURVE((1.,0.5,1.,0.5,
1.,0.5,1.)) REPRESENTATION_ITEM('') );
#1494 = CARTESIAN_POINT('',(42.580274856835,138.34878036907));
#1495 = CARTESIAN_POINT('',(148.83947943845,66.676041885869));
#1496 = CARTESIAN_POINT('',(33.639464862392,10.489240573862));
#1497 = CARTESIAN_POINT('',(-81.56054971367,-45.69756073814));
#1498 = CARTESIAN_POINT('',(-72.61973971922,82.161979057065));
#1499 = CARTESIAN_POINT('',(-63.67892972478,210.02151885227));
#1500 = CARTESIAN_POINT('',(42.580274856835,138.34878036907));
#1501 = ( GEOMETRIC_REPRESENTATION_CONTEXT(2) 
PARAMETRIC_REPRESENTATION_CONTEXT() REPRESENTATION_CONTEXT('2D SPACE',''
  ) );
#1502 = ORIENTED_EDGE('',*,*,#1503,.F.);
#1503 = EDGE_CURVE('',#1410,#1471,#1504,.T.);
#1504 = SURFACE_CURVE('',#1505,(#1509,#1515),.PCURVE_S1.);
#1505 = LINE('',#1506,#1507);
#1506 = CARTESIAN_POINT('',(-60.66968204303,-42.36967879035,3.));
#1507 = VECTOR('',#1508,1.);
#1508 = DIRECTION('',(-0.,-0.,-1.));
#1509 = PCURVE('',#33,#1510);
#1510 = DEFINITIONAL_REPRESENTATION('',(#1511),#1514);
#1511 = B_SPLINE_CURVE_WITH_KNOTS('',1,(#1512,#1513),.UNSPECIFIED.,.F.,
  .F.,(2,2),(-31.,-13.),.PIECEWISE_BEZIER_KNOTS.);
#1512 = CARTESIAN_POINT('',(-3.751221526286,-31.));
#1513 = CARTESIAN_POINT('',(-3.751221526286,-13.));
#1514 = ( GEOMETRIC_REPRESENTATION_CONTEXT(2) 
PARAMETRIC_REPRESENTATION_CONTEXT() REPRESENTATION_CONTEXT('2D SPACE',''
  ) );
#1515 = PCURVE('',#1516,#1521);
#1516 = PLANE('',#1517);
#1517 = AXIS2_PLACEMENT_3D('',#1518,#1519,#1520);
#1518 = CARTESIAN_POINT('',(-63.16486160257,-44.05269865431,17.5));
#1519 = DIRECTION('',(0.559192903471,-0.829037572555,0.));
#1520 = DIRECTION('',(0.,0.,1.));
#1521 = DEFINITIONAL_REPRESENTATION('',(#1522),#1525);
#1522 = B_SPLINE_CURVE_WITH_KNOTS('',1,(#1523,#1524),.UNSPECIFIED.,.F.,
  .F.,(2,2),(-31.,-13.),.PIECEWISE_BEZIER_KNOTS.);
#1523 = CARTESIAN_POINT('',(16.5,-3.00973036946));
#1524 = CARTESIAN_POINT('',(-1.5,-3.00973036946));
#1525 = ( GEOMETRIC_REPRESENTATION_CONTEXT(2) 
PARAMETRIC_REPRESENTATION_CONTEXT() REPRESENTATION_CONTEXT('2D SPACE',''
  ) );
#1526 = FACE_BOUND('',#1527,.F.);
#1527 = EDGE_LOOP('',(#1528,#1563,#1589,#1622));
#1528 = ORIENTED_EDGE('',*,*,#1529,.T.);
#1529 = EDGE_CURVE('',#1530,#1532,#1534,.T.);
#1530 = VERTEX_POINT('',#1531);
#1531 = CARTESIAN_POINT('',(-48.61738019196,-55.78844273924,32.5));
#1532 = VERTEX_POINT('',#1533);
#1533 = CARTESIAN_POINT('',(-50.40092777311,-54.18252928398,32.5));
#1534 = SURFACE_CURVE('',#1535,(#1540,#1547),.PCURVE_S1.);
#1535 = CIRCLE('',#1536,74.);
#1536 = AXIS2_PLACEMENT_3D('',#1537,#1538,#1539);
#1537 = CARTESIAN_POINT('',(0.,0.,32.5));
#1538 = DIRECTION('',(0.,0.,-1.));
#1539 = DIRECTION('',(1.,0.,0.));
#1540 = PCURVE('',#33,#1541);
#1541 = DEFINITIONAL_REPRESENTATION('',(#1542),#1546);
#1542 = LINE('',#1543,#1544);
#1543 = CARTESIAN_POINT('',(-6.28318530718,-29.5));
#1544 = VECTOR('',#1545,1.);
#1545 = DIRECTION('',(1.,-0.));
#1546 = ( GEOMETRIC_REPRESENTATION_CONTEXT(2) 
PARAMETRIC_REPRESENTATION_CONTEXT() REPRESENTATION_CONTEXT('2D SPACE',''
  ) );
#1547 = PCURVE('',#1548,#1553);
#1548 = PLANE('',#1549);
#1549 = AXIS2_PLACEMENT_3D('',#1550,#1551,#1552);
#1550 = CARTESIAN_POINT('',(-52.4148304802,-56.41919483412,32.5));
#1551 = DIRECTION('',(0.,0.,1.));
#1552 = DIRECTION('',(0.743144825477,-0.669130606359,0.));
#1553 = DEFINITIONAL_REPRESENTATION('',(#1554),#1562);
#1554 = ( BOUNDED_CURVE() B_SPLINE_CURVE(2,(#1555,#1556,#1557,#1558,
#1559,#1560,#1561),.UNSPECIFIED.,.T.,.F.) B_SPLINE_CURVE_WITH_KNOTS((1,2
    ,2,2,2,1),(-2.094395102393,0.,2.094395102393,4.188790204786,
6.28318530718,8.377580409573),.UNSPECIFIED.) CURVE() 
GEOMETRIC_REPRESENTATION_ITEM() RATIONAL_B_SPLINE_CURVE((1.,0.5,1.,0.5,
1.,0.5,1.)) REPRESENTATION_ITEM('') );
#1555 = CARTESIAN_POINT('',(56.192717085327,126.51566487055));
#1556 = CARTESIAN_POINT('',(141.95636441168,31.265484832508));
#1557 = CARTESIAN_POINT('',(16.585465120514,4.617077545698));
#1558 = CARTESIAN_POINT('',(-108.7854341706,-22.03132974111));
#1559 = CARTESIAN_POINT('',(-69.17818220584,99.867257583746));
#1560 = CARTESIAN_POINT('',(-29.57093024102,221.7658449086));
#1561 = CARTESIAN_POINT('',(56.192717085327,126.51566487055));
#1562 = ( GEOMETRIC_REPRESENTATION_CONTEXT(2) 
PARAMETRIC_REPRESENTATION_CONTEXT() REPRESENTATION_CONTEXT('2D SPACE',''
  ) );
#1563 = ORIENTED_EDGE('',*,*,#1564,.T.);
#1564 = EDGE_CURVE('',#1532,#1565,#1567,.T.);
#1565 = VERTEX_POINT('',#1566);
#1566 = CARTESIAN_POINT('',(-50.40092777311,-54.18252928398,17.5));
#1567 = SURFACE_CURVE('',#1568,(#1572,#1578),.PCURVE_S1.);
#1568 = LINE('',#1569,#1570);
#1569 = CARTESIAN_POINT('',(-50.40092777311,-54.18252928398,3.));
#1570 = VECTOR('',#1571,1.);
#1571 = DIRECTION('',(-0.,-0.,-1.));
#1572 = PCURVE('',#33,#1573);
#1573 = DEFINITIONAL_REPRESENTATION('',(#1574),#1577);
#1574 = B_SPLINE_CURVE_WITH_KNOTS('',1,(#1575,#1576),.UNSPECIFIED.,.F.,
  .F.,(2,2),(-31.,-13.),.PIECEWISE_BEZIER_KNOTS.);
#1575 = CARTESIAN_POINT('',(-3.963133767529,-31.));
#1576 = CARTESIAN_POINT('',(-3.963133767529,-13.));
#1577 = ( GEOMETRIC_REPRESENTATION_CONTEXT(2) 
PARAMETRIC_REPRESENTATION_CONTEXT() REPRESENTATION_CONTEXT('2D SPACE',''
  ) );
#1578 = PCURVE('',#1579,#1584);
#1579 = PLANE('',#1580);
#1580 = AXIS2_PLACEMENT_3D('',#1581,#1582,#1583);
#1581 = CARTESIAN_POINT('',(-52.4148304802,-56.41919483412,17.5));
#1582 = DIRECTION('',(0.743144825477,-0.669130606359,0.));
#1583 = DIRECTION('',(0.,0.,1.));
#1584 = DEFINITIONAL_REPRESENTATION('',(#1585),#1588);
#1585 = B_SPLINE_CURVE_WITH_KNOTS('',1,(#1586,#1587),.UNSPECIFIED.,.F.,
  .F.,(2,2),(-31.,-13.),.PIECEWISE_BEZIER_KNOTS.);
#1586 = CARTESIAN_POINT('',(16.5,-3.00973036946));
#1587 = CARTESIAN_POINT('',(-1.5,-3.00973036946));
#1588 = ( GEOMETRIC_REPRESENTATION_CONTEXT(2) 
PARAMETRIC_REPRESENTATION_CONTEXT() REPRESENTATION_CONTEXT('2D SPACE',''
  ) );
#1589 = ORIENTED_EDGE('',*,*,#1590,.F.);
#1590 = EDGE_CURVE('',#1591,#1565,#1593,.T.);
#1591 = VERTEX_POINT('',#1592);
#1592 = CARTESIAN_POINT('',(-48.61738019196,-55.78844273924,17.5));
#1593 = SURFACE_CURVE('',#1594,(#1599,#1606),.PCURVE_S1.);
#1594 = CIRCLE('',#1595,74.);
#1595 = AXIS2_PLACEMENT_3D('',#1596,#1597,#1598);
#1596 = CARTESIAN_POINT('',(0.,0.,17.5));
#1597 = DIRECTION('',(0.,0.,-1.));
#1598 = DIRECTION('',(1.,0.,0.));
#1599 = PCURVE('',#33,#1600);
#1600 = DEFINITIONAL_REPRESENTATION('',(#1601),#1605);
#1601 = LINE('',#1602,#1603);
#1602 = CARTESIAN_POINT('',(-6.28318530718,-14.5));
#1603 = VECTOR('',#1604,1.);
#1604 = DIRECTION('',(1.,-0.));
#1605 = ( GEOMETRIC_REPRESENTATION_CONTEXT(2) 
PARAMETRIC_REPRESENTATION_CONTEXT() REPRESENTATION_CONTEXT('2D SPACE',''
  ) );
#1606 = PCURVE('',#1607,#1612);
#1607 = PLANE('',#1608);
#1608 = AXIS2_PLACEMENT_3D('',#1609,#1610,#1611);
#1609 = CARTESIAN_POINT('',(-52.4148304802,-56.41919483412,17.5));
#1610 = DIRECTION('',(0.,0.,1.));
#1611 = DIRECTION('',(0.743144825477,-0.669130606359,0.));
#1612 = DEFINITIONAL_REPRESENTATION('',(#1613),#1621);
#1613 = ( BOUNDED_CURVE() B_SPLINE_CURVE(2,(#1614,#1615,#1616,#1617,
#1618,#1619,#1620),.UNSPECIFIED.,.T.,.F.) B_SPLINE_CURVE_WITH_KNOTS((1,2
    ,2,2,2,1),(-2.094395102393,0.,2.094395102393,4.188790204786,
6.28318530718,8.377580409573),.UNSPECIFIED.) CURVE() 
GEOMETRIC_REPRESENTATION_ITEM() RATIONAL_B_SPLINE_CURVE((1.,0.5,1.,0.5,
1.,0.5,1.)) REPRESENTATION_ITEM('') );
#1614 = CARTESIAN_POINT('',(56.192717085327,126.51566487055));
#1615 = CARTESIAN_POINT('',(141.95636441168,31.265484832508));
#1616 = CARTESIAN_POINT('',(16.585465120514,4.617077545698));
#1617 = CARTESIAN_POINT('',(-108.7854341706,-22.03132974111));
#1618 = CARTESIAN_POINT('',(-69.17818220584,99.867257583746));
#1619 = CARTESIAN_POINT('',(-29.57093024102,221.7658449086));
#1620 = CARTESIAN_POINT('',(56.192717085327,126.51566487055));
#1621 = ( GEOMETRIC_REPRESENTATION_CONTEXT(2) 
PARAMETRIC_REPRESENTATION_CONTEXT() REPRESENTATION_CONTEXT('2D SPACE',''
  ) );
#1622 = ORIENTED_EDGE('',*,*,#1623,.F.);
#1623 = EDGE_CURVE('',#1530,#1591,#1624,.T.);
#1624 = SURFACE_CURVE('',#1625,(#1629,#1635),.PCURVE_S1.);
#1625 = LINE('',#1626,#1627);
#1626 = CARTESIAN_POINT('',(-48.61738019196,-55.78844273924,3.));
#1627 = VECTOR('',#1628,1.);
#1628 = DIRECTION('',(-0.,-0.,-1.));
#1629 = PCURVE('',#33,#1630);
#1630 = DEFINITIONAL_REPRESENTATION('',(#1631),#1634);
#1631 = B_SPLINE_CURVE_WITH_KNOTS('',1,(#1632,#1633),.UNSPECIFIED.,.F.,
  .F.,(2,2),(-31.,-13.),.PIECEWISE_BEZIER_KNOTS.);
#1632 = CARTESIAN_POINT('',(-3.995567621565,-31.));
#1633 = CARTESIAN_POINT('',(-3.995567621565,-13.));
#1634 = ( GEOMETRIC_REPRESENTATION_CONTEXT(2) 
PARAMETRIC_REPRESENTATION_CONTEXT() REPRESENTATION_CONTEXT('2D SPACE',''
  ) );
#1635 = PCURVE('',#1636,#1641);
#1636 = PLANE('',#1637);
#1637 = AXIS2_PLACEMENT_3D('',#1638,#1639,#1640);
#1638 = CARTESIAN_POINT('',(-50.63128289905,-58.02510828939,17.5));
#1639 = DIRECTION('',(0.743144825477,-0.669130606359,0.));
#1640 = DIRECTION('',(0.,0.,1.));
#1641 = DEFINITIONAL_REPRESENTATION('',(#1642),#1645);
#1642 = B_SPLINE_CURVE_WITH_KNOTS('',1,(#1643,#1644),.UNSPECIFIED.,.F.,
  .F.,(2,2),(-31.,-13.),.PIECEWISE_BEZIER_KNOTS.);
#1643 = CARTESIAN_POINT('',(16.5,-3.00973036946));
#1644 = CARTESIAN_POINT('',(-1.5,-3.00973036946));
#1645 = ( GEOMETRIC_REPRESENTATION_CONTEXT(2) 
PARAMETRIC_REPRESENTATION_CONTEXT() REPRESENTATION_CONTEXT('2D SPACE',''
  ) );
#1646 = FACE_BOUND('',#1647,.F.);
#1647 = EDGE_LOOP('',(#1648,#1683,#1709,#1742));
#1648 = ORIENTED_EDGE('',*,*,#1649,.T.);
#1649 = EDGE_CURVE('',#1650,#1652,#1654,.T.);
#1650 = VERTEX_POINT('',#1651);
#1651 = CARTESIAN_POINT('',(-33.67679040296,-65.89289634061,32.5));
#1652 = VERTEX_POINT('',#1653);
#1653 = CARTESIAN_POINT('',(-35.79586462583,-64.76616458992,32.5));
#1654 = SURFACE_CURVE('',#1655,(#1660,#1667),.PCURVE_S1.);
#1655 = CIRCLE('',#1656,74.);
#1656 = AXIS2_PLACEMENT_3D('',#1657,#1658,#1659);
#1657 = CARTESIAN_POINT('',(0.,0.,32.5));
#1658 = DIRECTION('',(0.,0.,-1.));
#1659 = DIRECTION('',(1.,0.,0.));
#1660 = PCURVE('',#33,#1661);
#1661 = DEFINITIONAL_REPRESENTATION('',(#1662),#1666);
#1662 = LINE('',#1663,#1664);
#1663 = CARTESIAN_POINT('',(-6.28318530718,-29.5));
#1664 = VECTOR('',#1665,1.);
#1665 = DIRECTION('',(1.,-0.));
#1666 = ( GEOMETRIC_REPRESENTATION_CONTEXT(2) 
PARAMETRIC_REPRESENTATION_CONTEXT() REPRESENTATION_CONTEXT('2D SPACE',''
  ) );
#1667 = PCURVE('',#1668,#1673);
#1668 = PLANE('',#1669);
#1669 = AXIS2_PLACEMENT_3D('',#1670,#1671,#1672);
#1670 = CARTESIAN_POINT('',(-37.20884744594,-67.42359877479,32.5));
#1671 = DIRECTION('',(0.,0.,1.));
#1672 = DIRECTION('',(0.882947592859,-0.469471562786,0.));
#1673 = DEFINITIONAL_REPRESENTATION('',(#1674),#1682);
#1674 = ( BOUNDED_CURVE() B_SPLINE_CURVE(2,(#1675,#1676,#1677,#1678,
#1679,#1680,#1681),.UNSPECIFIED.,.T.,.F.) B_SPLINE_CURVE_WITH_KNOTS((1,2
    ,2,2,2,1),(-2.094395102393,0.,2.094395102393,4.188790204786,
6.28318530718,8.377580409573),.UNSPECIFIED.) CURVE() 
GEOMETRIC_REPRESENTATION_ITEM() RATIONAL_B_SPLINE_CURVE((1.,0.5,1.,0.5,
1.,0.5,1.)) REPRESENTATION_ITEM('') );
#1675 = CARTESIAN_POINT('',(66.538121871561,111.74089564615));
#1676 = CARTESIAN_POINT('',(126.71111823115,-1.428051106514));
#1677 = CARTESIAN_POINT('',(-1.382562755985,3.045078800587));
#1678 = CARTESIAN_POINT('',(-129.4762437431,7.518208707688));
#1679 = CARTESIAN_POINT('',(-61.55555911557,116.21402555325));
#1680 = CARTESIAN_POINT('',(6.36512551197,224.90984239882));
#1681 = CARTESIAN_POINT('',(66.538121871561,111.74089564615));
#1682 = ( GEOMETRIC_REPRESENTATION_CONTEXT(2) 
PARAMETRIC_REPRESENTATION_CONTEXT() REPRESENTATION_CONTEXT('2D SPACE',''
  ) );
#1683 = ORIENTED_EDGE('',*,*,#1684,.T.);
#1684 = EDGE_CURVE('',#1652,#1685,#1687,.T.);
#1685 = VERTEX_POINT('',#1686);
#1686 = CARTESIAN_POINT('',(-35.79586462583,-64.76616458992,17.5));
#1687 = SURFACE_CURVE('',#1688,(#1692,#1698),.PCURVE_S1.);
#1688 = LINE('',#1689,#1690);
#1689 = CARTESIAN_POINT('',(-35.79586462583,-64.76616458992,3.));
#1690 = VECTOR('',#1691,1.);
#1691 = DIRECTION('',(-0.,-0.,-1.));
#1692 = PCURVE('',#33,#1693);
#1693 = DEFINITIONAL_REPRESENTATION('',(#1694),#1697);
#1694 = B_SPLINE_CURVE_WITH_KNOTS('',1,(#1695,#1696),.UNSPECIFIED.,.F.,
  .F.,(2,2),(-31.,-13.),.PIECEWISE_BEZIER_KNOTS.);
#1695 = CARTESIAN_POINT('',(-4.207479862808,-31.));
#1696 = CARTESIAN_POINT('',(-4.207479862808,-13.));
#1697 = ( GEOMETRIC_REPRESENTATION_CONTEXT(2) 
PARAMETRIC_REPRESENTATION_CONTEXT() REPRESENTATION_CONTEXT('2D SPACE',''
  ) );
#1698 = PCURVE('',#1699,#1704);
#1699 = PLANE('',#1700);
#1700 = AXIS2_PLACEMENT_3D('',#1701,#1702,#1703);
#1701 = CARTESIAN_POINT('',(-37.20884744594,-67.42359877479,17.5));
#1702 = DIRECTION('',(0.882947592859,-0.469471562786,0.));
#1703 = DIRECTION('',(0.,0.,1.));
#1704 = DEFINITIONAL_REPRESENTATION('',(#1705),#1708);
#1705 = B_SPLINE_CURVE_WITH_KNOTS('',1,(#1706,#1707),.UNSPECIFIED.,.F.,
  .F.,(2,2),(-31.,-13.),.PIECEWISE_BEZIER_KNOTS.);
#1706 = CARTESIAN_POINT('',(16.5,-3.00973036946));
#1707 = CARTESIAN_POINT('',(-1.5,-3.00973036946));
#1708 = ( GEOMETRIC_REPRESENTATION_CONTEXT(2) 
PARAMETRIC_REPRESENTATION_CONTEXT() REPRESENTATION_CONTEXT('2D SPACE',''
  ) );
#1709 = ORIENTED_EDGE('',*,*,#1710,.F.);
#1710 = EDGE_CURVE('',#1711,#1685,#1713,.T.);
#1711 = VERTEX_POINT('',#1712);
#1712 = CARTESIAN_POINT('',(-33.67679040296,-65.89289634061,17.5));
#1713 = SURFACE_CURVE('',#1714,(#1719,#1726),.PCURVE_S1.);
#1714 = CIRCLE('',#1715,74.);
#1715 = AXIS2_PLACEMENT_3D('',#1716,#1717,#1718);
#1716 = CARTESIAN_POINT('',(0.,0.,17.5));
#1717 = DIRECTION('',(0.,0.,-1.));
#1718 = DIRECTION('',(1.,0.,0.));
#1719 = PCURVE('',#33,#1720);
#1720 = DEFINITIONAL_REPRESENTATION('',(#1721),#1725);
#1721 = LINE('',#1722,#1723);
#1722 = CARTESIAN_POINT('',(-6.28318530718,-14.5));
#1723 = VECTOR('',#1724,1.);
#1724 = DIRECTION('',(1.,-0.));
#1725 = ( GEOMETRIC_REPRESENTATION_CONTEXT(2) 
PARAMETRIC_REPRESENTATION_CONTEXT() REPRESENTATION_CONTEXT('2D SPACE',''
  ) );
#1726 = PCURVE('',#1727,#1732);
#1727 = PLANE('',#1728);
#1728 = AXIS2_PLACEMENT_3D('',#1729,#1730,#1731);
#1729 = CARTESIAN_POINT('',(-37.20884744594,-67.42359877479,17.5));
#1730 = DIRECTION('',(0.,0.,1.));
#1731 = DIRECTION('',(0.882947592859,-0.469471562786,0.));
#1732 = DEFINITIONAL_REPRESENTATION('',(#1733),#1741);
#1733 = ( BOUNDED_CURVE() B_SPLINE_CURVE(2,(#1734,#1735,#1736,#1737,
#1738,#1739,#1740),.UNSPECIFIED.,.T.,.F.) B_SPLINE_CURVE_WITH_KNOTS((1,2
    ,2,2,2,1),(-2.094395102393,0.,2.094395102393,4.188790204786,
6.28318530718,8.377580409573),.UNSPECIFIED.) CURVE() 
GEOMETRIC_REPRESENTATION_ITEM() RATIONAL_B_SPLINE_CURVE((1.,0.5,1.,0.5,
1.,0.5,1.)) REPRESENTATION_ITEM('') );
#1734 = CARTESIAN_POINT('',(66.538121871561,111.74089564615));
#1735 = CARTESIAN_POINT('',(126.71111823115,-1.428051106514));
#1736 = CARTESIAN_POINT('',(-1.382562755985,3.045078800587));
#1737 = CARTESIAN_POINT('',(-129.4762437431,7.518208707688));
#1738 = CARTESIAN_POINT('',(-61.55555911557,116.21402555325));
#1739 = CARTESIAN_POINT('',(6.36512551197,224.90984239882));
#1740 = CARTESIAN_POINT('',(66.538121871561,111.74089564615));
#1741 = ( GEOMETRIC_REPRESENTATION_CONTEXT(2) 
PARAMETRIC_REPRESENTATION_CONTEXT() REPRESENTATION_CONTEXT('2D SPACE',''
  ) );
#1742 = ORIENTED_EDGE('',*,*,#1743,.F.);
#1743 = EDGE_CURVE('',#1650,#1711,#1744,.T.);
#1744 = SURFACE_CURVE('',#1745,(#1749,#1755),.PCURVE_S1.);
#1745 = LINE('',#1746,#1747);
#1746 = CARTESIAN_POINT('',(-33.67679040296,-65.89289634061,3.));
#1747 = VECTOR('',#1748,1.);
#1748 = DIRECTION('',(-0.,-0.,-1.));
#1749 = PCURVE('',#33,#1750);
#1750 = DEFINITIONAL_REPRESENTATION('',(#1751),#1754);
#1751 = B_SPLINE_CURVE_WITH_KNOTS('',1,(#1752,#1753),.UNSPECIFIED.,.F.,
  .F.,(2,2),(-31.,-13.),.PIECEWISE_BEZIER_KNOTS.);
#1752 = CARTESIAN_POINT('',(-4.239913716845,-31.));
#1753 = CARTESIAN_POINT('',(-4.239913716845,-13.));
#1754 = ( GEOMETRIC_REPRESENTATION_CONTEXT(2) 
PARAMETRIC_REPRESENTATION_CONTEXT() REPRESENTATION_CONTEXT('2D SPACE',''
  ) );
#1755 = PCURVE('',#1756,#1761);
#1756 = PLANE('',#1757);
#1757 = AXIS2_PLACEMENT_3D('',#1758,#1759,#1760);
#1758 = CARTESIAN_POINT('',(-35.08977322308,-68.55033052548,17.5));
#1759 = DIRECTION('',(0.882947592859,-0.469471562786,0.));
#1760 = DIRECTION('',(0.,0.,1.));
#1761 = DEFINITIONAL_REPRESENTATION('',(#1762),#1765);
#1762 = B_SPLINE_CURVE_WITH_KNOTS('',1,(#1763,#1764),.UNSPECIFIED.,.F.,
  .F.,(2,2),(-31.,-13.),.PIECEWISE_BEZIER_KNOTS.);
#1763 = CARTESIAN_POINT('',(16.5,-3.00973036946));
#1764 = CARTESIAN_POINT('',(-1.5,-3.00973036946));
#1765 = ( GEOMETRIC_REPRESENTATION_CONTEXT(2) 
PARAMETRIC_REPRESENTATION_CONTEXT() REPRESENTATION_CONTEXT('2D SPACE',''
  ) );
#1766 = FACE_BOUND('',#1767,.F.);
#1767 = EDGE_LOOP('',(#1768,#1803,#1829,#1862));
#1768 = ORIENTED_EDGE('',*,*,#1769,.T.);
#1769 = EDGE_CURVE('',#1770,#1772,#1774,.T.);
#1770 = VERTEX_POINT('',#1771);
#1771 = CARTESIAN_POINT('',(-16.73551141342,-72.08274868324,32.5));
#1772 = VERTEX_POINT('',#1773);
#1773 = CARTESIAN_POINT('',(-19.06422115648,-71.5021361338,32.5));
#1774 = SURFACE_CURVE('',#1775,(#1780,#1787),.PCURVE_S1.);
#1775 = CIRCLE('',#1776,74.);
#1776 = AXIS2_PLACEMENT_3D('',#1777,#1778,#1779);
#1777 = CARTESIAN_POINT('',(0.,0.,32.5));
#1778 = DIRECTION('',(0.,0.,-1.));
#1779 = DIRECTION('',(1.,0.,0.));
#1780 = PCURVE('',#33,#1781);
#1781 = DEFINITIONAL_REPRESENTATION('',(#1782),#1786);
#1782 = LINE('',#1783,#1784);
#1783 = CARTESIAN_POINT('',(-6.28318530718,-29.5));
#1784 = VECTOR('',#1785,1.);
#1785 = DIRECTION('',(1.,-0.));
#1786 = ( GEOMETRIC_REPRESENTATION_CONTEXT(2) 
PARAMETRIC_REPRESENTATION_CONTEXT() REPRESENTATION_CONTEXT('2D SPACE',''
  ) );
#1787 = PCURVE('',#1788,#1793);
#1788 = PLANE('',#1789);
#1789 = AXIS2_PLACEMENT_3D('',#1790,#1791,#1792);
#1790 = CARTESIAN_POINT('',(-19.7923408327,-74.42246464853,32.5));
#1791 = DIRECTION('',(0.,0.,1.));
#1792 = DIRECTION('',(0.970295726276,-0.2419218956,0.));
#1793 = DEFINITIONAL_REPRESENTATION('',(#1794),#1802);
#1794 = ( BOUNDED_CURVE() B_SPLINE_CURVE(2,(#1795,#1796,#1797,#1798,
#1799,#1800,#1801),.UNSPECIFIED.,.T.,.F.) B_SPLINE_CURVE_WITH_KNOTS((1,2
    ,2,2,2,1),(-2.094395102393,0.,2.094395102393,4.188790204786,
6.28318530718,8.377580409573),.UNSPECIFIED.) CURVE() 
GEOMETRIC_REPRESENTATION_ITEM() RATIONAL_B_SPLINE_CURVE((1.,0.5,1.,0.5,
1.,0.5,1.)) REPRESENTATION_ITEM('') );
#1795 = CARTESIAN_POINT('',(73.001883744424,94.902220274375));
#1796 = CARTESIAN_POINT('',(104.00943882793,-29.46229045012));
#1797 = CARTESIAN_POINT('',(-19.19716433045,5.866634500564));
#1798 = CARTESIAN_POINT('',(-142.4037674888,41.195559451249));
#1799 = CARTESIAN_POINT('',(-50.20471941396,130.23114522506));
#1800 = CARTESIAN_POINT('',(41.994328660916,219.26673099887));
#1801 = CARTESIAN_POINT('',(73.001883744424,94.902220274375));
#1802 = ( GEOMETRIC_REPRESENTATION_CONTEXT(2) 
PARAMETRIC_REPRESENTATION_CONTEXT() REPRESENTATION_CONTEXT('2D SPACE',''
  ) );
#1803 = ORIENTED_EDGE('',*,*,#1804,.T.);
#1804 = EDGE_CURVE('',#1772,#1805,#1807,.T.);
#1805 = VERTEX_POINT('',#1806);
#1806 = CARTESIAN_POINT('',(-19.06422115648,-71.5021361338,17.5));
#1807 = SURFACE_CURVE('',#1808,(#1812,#1818),.PCURVE_S1.);
#1808 = LINE('',#1809,#1810);
#1809 = CARTESIAN_POINT('',(-19.06422115648,-71.5021361338,3.));
#1810 = VECTOR('',#1811,1.);
#1811 = DIRECTION('',(-0.,-0.,-1.));
#1812 = PCURVE('',#33,#1813);
#1813 = DEFINITIONAL_REPRESENTATION('',(#1814),#1817);
#1814 = B_SPLINE_CURVE_WITH_KNOTS('',1,(#1815,#1816),.UNSPECIFIED.,.F.,
  .F.,(2,2),(-31.,-13.),.PIECEWISE_BEZIER_KNOTS.);
#1815 = CARTESIAN_POINT('',(-4.451825958087,-31.));
#1816 = CARTESIAN_POINT('',(-4.451825958087,-13.));
#1817 = ( GEOMETRIC_REPRESENTATION_CONTEXT(2) 
PARAMETRIC_REPRESENTATION_CONTEXT() REPRESENTATION_CONTEXT('2D SPACE',''
  ) );
#1818 = PCURVE('',#1819,#1824);
#1819 = PLANE('',#1820);
#1820 = AXIS2_PLACEMENT_3D('',#1821,#1822,#1823);
#1821 = CARTESIAN_POINT('',(-19.7923408327,-74.42246464853,17.5));
#1822 = DIRECTION('',(0.970295726276,-0.2419218956,0.));
#1823 = DIRECTION('',(0.,0.,1.));
#1824 = DEFINITIONAL_REPRESENTATION('',(#1825),#1828);
#1825 = B_SPLINE_CURVE_WITH_KNOTS('',1,(#1826,#1827),.UNSPECIFIED.,.F.,
  .F.,(2,2),(-31.,-13.),.PIECEWISE_BEZIER_KNOTS.);
#1826 = CARTESIAN_POINT('',(16.5,-3.00973036946));
#1827 = CARTESIAN_POINT('',(-1.5,-3.00973036946));
#1828 = ( GEOMETRIC_REPRESENTATION_CONTEXT(2) 
PARAMETRIC_REPRESENTATION_CONTEXT() REPRESENTATION_CONTEXT('2D SPACE',''
  ) );
#1829 = ORIENTED_EDGE('',*,*,#1830,.F.);
#1830 = EDGE_CURVE('',#1831,#1805,#1833,.T.);
#1831 = VERTEX_POINT('',#1832);
#1832 = CARTESIAN_POINT('',(-16.73551141342,-72.08274868324,17.5));
#1833 = SURFACE_CURVE('',#1834,(#1839,#1846),.PCURVE_S1.);
#1834 = CIRCLE('',#1835,74.);
#1835 = AXIS2_PLACEMENT_3D('',#1836,#1837,#1838);
#1836 = CARTESIAN_POINT('',(0.,0.,17.5));
#1837 = DIRECTION('',(0.,0.,-1.));
#1838 = DIRECTION('',(1.,0.,0.));
#1839 = PCURVE('',#33,#1840);
#1840 = DEFINITIONAL_REPRESENTATION('',(#1841),#1845);
#1841 = LINE('',#1842,#1843);
#1842 = CARTESIAN_POINT('',(-6.28318530718,-14.5));
#1843 = VECTOR('',#1844,1.);
#1844 = DIRECTION('',(1.,-0.));
#1845 = ( GEOMETRIC_REPRESENTATION_CONTEXT(2) 
PARAMETRIC_REPRESENTATION_CONTEXT() REPRESENTATION_CONTEXT('2D SPACE',''
  ) );
#1846 = PCURVE('',#1847,#1852);
#1847 = PLANE('',#1848);
#1848 = AXIS2_PLACEMENT_3D('',#1849,#1850,#1851);
#1849 = CARTESIAN_POINT('',(-19.7923408327,-74.42246464853,17.5));
#1850 = DIRECTION('',(0.,0.,1.));
#1851 = DIRECTION('',(0.970295726276,-0.2419218956,0.));
#1852 = DEFINITIONAL_REPRESENTATION('',(#1853),#1861);
#1853 = ( BOUNDED_CURVE() B_SPLINE_CURVE(2,(#1854,#1855,#1856,#1857,
#1858,#1859,#1860),.UNSPECIFIED.,.T.,.F.) B_SPLINE_CURVE_WITH_KNOTS((1,2
    ,2,2,2,1),(-2.094395102393,0.,2.094395102393,4.188790204786,
6.28318530718,8.377580409573),.UNSPECIFIED.) CURVE() 
GEOMETRIC_REPRESENTATION_ITEM() RATIONAL_B_SPLINE_CURVE((1.,0.5,1.,0.5,
1.,0.5,1.)) REPRESENTATION_ITEM('') );
#1854 = CARTESIAN_POINT('',(73.001883744424,94.902220274375));
#1855 = CARTESIAN_POINT('',(104.00943882793,-29.46229045012));
#1856 = CARTESIAN_POINT('',(-19.19716433045,5.866634500564));
#1857 = CARTESIAN_POINT('',(-142.4037674888,41.195559451249));
#1858 = CARTESIAN_POINT('',(-50.20471941396,130.23114522506));
#1859 = CARTESIAN_POINT('',(41.994328660916,219.26673099887));
#1860 = CARTESIAN_POINT('',(73.001883744424,94.902220274375));
#1861 = ( GEOMETRIC_REPRESENTATION_CONTEXT(2) 
PARAMETRIC_REPRESENTATION_CONTEXT() REPRESENTATION_CONTEXT('2D SPACE',''
  ) );
#1862 = ORIENTED_EDGE('',*,*,#1863,.F.);
#1863 = EDGE_CURVE('',#1770,#1831,#1864,.T.);
#1864 = SURFACE_CURVE('',#1865,(#1869,#1875),.PCURVE_S1.);
#1865 = LINE('',#1866,#1867);
#1866 = CARTESIAN_POINT('',(-16.73551141342,-72.08274868324,3.));
#1867 = VECTOR('',#1868,1.);
#1868 = DIRECTION('',(-0.,-0.,-1.));
#1869 = PCURVE('',#33,#1870);
#1870 = DEFINITIONAL_REPRESENTATION('',(#1871),#1874);
#1871 = B_SPLINE_CURVE_WITH_KNOTS('',1,(#1872,#1873),.UNSPECIFIED.,.F.,
  .F.,(2,2),(-31.,-13.),.PIECEWISE_BEZIER_KNOTS.);
#1872 = CARTESIAN_POINT('',(-4.484259812124,-31.));
#1873 = CARTESIAN_POINT('',(-4.484259812124,-13.));
#1874 = ( GEOMETRIC_REPRESENTATION_CONTEXT(2) 
PARAMETRIC_REPRESENTATION_CONTEXT() REPRESENTATION_CONTEXT('2D SPACE',''
  ) );
#1875 = PCURVE('',#1876,#1881);
#1876 = PLANE('',#1877);
#1877 = AXIS2_PLACEMENT_3D('',#1878,#1879,#1880);
#1878 = CARTESIAN_POINT('',(-17.46363108964,-75.00307719797,17.5));
#1879 = DIRECTION('',(0.970295726276,-0.2419218956,0.));
#1880 = DIRECTION('',(0.,0.,1.));
#1881 = DEFINITIONAL_REPRESENTATION('',(#1882),#1885);
#1882 = B_SPLINE_CURVE_WITH_KNOTS('',1,(#1883,#1884),.UNSPECIFIED.,.F.,
  .F.,(2,2),(-31.,-13.),.PIECEWISE_BEZIER_KNOTS.);
#1883 = CARTESIAN_POINT('',(16.5,-3.00973036946));
#1884 = CARTESIAN_POINT('',(-1.5,-3.00973036946));
#1885 = ( GEOMETRIC_REPRESENTATION_CONTEXT(2) 
PARAMETRIC_REPRESENTATION_CONTEXT() REPRESENTATION_CONTEXT('2D SPACE',''
  ) );
#1886 = FACE_BOUND('',#1887,.F.);
#1887 = EDGE_LOOP('',(#1888,#1923,#1949,#1982));
#1888 = ORIENTED_EDGE('',*,*,#1889,.T.);
#1889 = EDGE_CURVE('',#1890,#1892,#1894,.T.);
#1890 = VERTEX_POINT('',#1891);
#1891 = CARTESIAN_POINT('',(1.2,-73.99026963054,32.5));
#1892 = VERTEX_POINT('',#1893);
#1893 = CARTESIAN_POINT('',(-1.2,-73.99026963054,32.5));
#1894 = SURFACE_CURVE('',#1895,(#1900,#1907),.PCURVE_S1.);
#1895 = CIRCLE('',#1896,74.);
#1896 = AXIS2_PLACEMENT_3D('',#1897,#1898,#1899);
#1897 = CARTESIAN_POINT('',(0.,0.,32.5));
#1898 = DIRECTION('',(0.,0.,-1.));
#1899 = DIRECTION('',(1.,0.,0.));
#1900 = PCURVE('',#33,#1901);
#1901 = DEFINITIONAL_REPRESENTATION('',(#1902),#1906);
#1902 = LINE('',#1903,#1904);
#1903 = CARTESIAN_POINT('',(-6.28318530718,-29.5));
#1904 = VECTOR('',#1905,1.);
#1905 = DIRECTION('',(1.,-0.));
#1906 = ( GEOMETRIC_REPRESENTATION_CONTEXT(2) 
PARAMETRIC_REPRESENTATION_CONTEXT() REPRESENTATION_CONTEXT('2D SPACE',''
  ) );
#1907 = PCURVE('',#1908,#1913);
#1908 = PLANE('',#1909);
#1909 = AXIS2_PLACEMENT_3D('',#1910,#1911,#1912);
#1910 = CARTESIAN_POINT('',(-1.2,-77.,32.5));
#1911 = DIRECTION('',(0.,0.,1.));
#1912 = DIRECTION('',(1.,0.,0.));
#1913 = DEFINITIONAL_REPRESENTATION('',(#1914),#1922);
#1914 = ( BOUNDED_CURVE() B_SPLINE_CURVE(2,(#1915,#1916,#1917,#1918,
#1919,#1920,#1921),.UNSPECIFIED.,.T.,.F.) B_SPLINE_CURVE_WITH_KNOTS((1,2
    ,2,2,2,1),(-2.094395102393,0.,2.094395102393,4.188790204786,
6.28318530718,8.377580409573),.UNSPECIFIED.) CURVE() 
GEOMETRIC_REPRESENTATION_ITEM() RATIONAL_B_SPLINE_CURVE((1.,0.5,1.,0.5,
1.,0.5,1.)) REPRESENTATION_ITEM('') );
#1915 = CARTESIAN_POINT('',(75.2,77.));
#1916 = CARTESIAN_POINT('',(75.2,-51.17175976009));
#1917 = CARTESIAN_POINT('',(-35.8,12.914120119952));
#1918 = CARTESIAN_POINT('',(-146.8,77.));
#1919 = CARTESIAN_POINT('',(-35.8,141.08587988004));
#1920 = CARTESIAN_POINT('',(75.2,205.17175976009));
#1921 = CARTESIAN_POINT('',(75.2,77.));
#1922 = ( GEOMETRIC_REPRESENTATION_CONTEXT(2) 
PARAMETRIC_REPRESENTATION_CONTEXT() REPRESENTATION_CONTEXT('2D SPACE',''
  ) );
#1923 = ORIENTED_EDGE('',*,*,#1924,.T.);
#1924 = EDGE_CURVE('',#1892,#1925,#1927,.T.);
#1925 = VERTEX_POINT('',#1926);
#1926 = CARTESIAN_POINT('',(-1.2,-73.99026963054,17.5));
#1927 = SURFACE_CURVE('',#1928,(#1932,#1938),.PCURVE_S1.);
#1928 = LINE('',#1929,#1930);
#1929 = CARTESIAN_POINT('',(-1.2,-73.99026963054,3.));
#1930 = VECTOR('',#1931,1.);
#1931 = DIRECTION('',(-0.,-0.,-1.));
#1932 = PCURVE('',#33,#1933);
#1933 = DEFINITIONAL_REPRESENTATION('',(#1934),#1937);
#1934 = B_SPLINE_CURVE_WITH_KNOTS('',1,(#1935,#1936),.UNSPECIFIED.,.F.,
  .F.,(2,2),(-31.,-13.),.PIECEWISE_BEZIER_KNOTS.);
#1935 = CARTESIAN_POINT('',(-4.696172053366,-31.));
#1936 = CARTESIAN_POINT('',(-4.696172053366,-13.));
#1937 = ( GEOMETRIC_REPRESENTATION_CONTEXT(2) 
PARAMETRIC_REPRESENTATION_CONTEXT() REPRESENTATION_CONTEXT('2D SPACE',''
  ) );
#1938 = PCURVE('',#1939,#1944);
#1939 = PLANE('',#1940);
#1940 = AXIS2_PLACEMENT_3D('',#1941,#1942,#1943);
#1941 = CARTESIAN_POINT('',(-1.2,-77.,17.5));
#1942 = DIRECTION('',(1.,0.,0.));
#1943 = DIRECTION('',(0.,0.,1.));
#1944 = DEFINITIONAL_REPRESENTATION('',(#1945),#1948);
#1945 = B_SPLINE_CURVE_WITH_KNOTS('',1,(#1946,#1947),.UNSPECIFIED.,.F.,
  .F.,(2,2),(-31.,-13.),.PIECEWISE_BEZIER_KNOTS.);
#1946 = CARTESIAN_POINT('',(16.5,-3.00973036946));
#1947 = CARTESIAN_POINT('',(-1.5,-3.00973036946));
#1948 = ( GEOMETRIC_REPRESENTATION_CONTEXT(2) 
PARAMETRIC_REPRESENTATION_CONTEXT() REPRESENTATION_CONTEXT('2D SPACE',''
  ) );
#1949 = ORIENTED_EDGE('',*,*,#1950,.F.);
#1950 = EDGE_CURVE('',#1951,#1925,#1953,.T.);
#1951 = VERTEX_POINT('',#1952);
#1952 = CARTESIAN_POINT('',(1.2,-73.99026963054,17.5));
#1953 = SURFACE_CURVE('',#1954,(#1959,#1966),.PCURVE_S1.);
#1954 = CIRCLE('',#1955,74.);
#1955 = AXIS2_PLACEMENT_3D('',#1956,#1957,#1958);
#1956 = CARTESIAN_POINT('',(0.,0.,17.5));
#1957 = DIRECTION('',(0.,0.,-1.));
#1958 = DIRECTION('',(1.,0.,0.));
#1959 = PCURVE('',#33,#1960);
#1960 = DEFINITIONAL_REPRESENTATION('',(#1961),#1965);
#1961 = LINE('',#1962,#1963);
#1962 = CARTESIAN_POINT('',(-6.28318530718,-14.5));
#1963 = VECTOR('',#1964,1.);
#1964 = DIRECTION('',(1.,-0.));
#1965 = ( GEOMETRIC_REPRESENTATION_CONTEXT(2) 
PARAMETRIC_REPRESENTATION_CONTEXT() REPRESENTATION_CONTEXT('2D SPACE',''
  ) );
#1966 = PCURVE('',#1967,#1972);
#1967 = PLANE('',#1968);
#1968 = AXIS2_PLACEMENT_3D('',#1969,#1970,#1971);
#1969 = CARTESIAN_POINT('',(-1.2,-77.,17.5));
#1970 = DIRECTION('',(0.,0.,1.));
#1971 = DIRECTION('',(1.,0.,0.));
#1972 = DEFINITIONAL_REPRESENTATION('',(#1973),#1981);
#1973 = ( BOUNDED_CURVE() B_SPLINE_CURVE(2,(#1974,#1975,#1976,#1977,
#1978,#1979,#1980),.UNSPECIFIED.,.T.,.F.) B_SPLINE_CURVE_WITH_KNOTS((1,2
    ,2,2,2,1),(-2.094395102393,0.,2.094395102393,4.188790204786,
6.28318530718,8.377580409573),.UNSPECIFIED.) CURVE() 
GEOMETRIC_REPRESENTATION_ITEM() RATIONAL_B_SPLINE_CURVE((1.,0.5,1.,0.5,
1.,0.5,1.)) REPRESENTATION_ITEM('') );
#1974 = CARTESIAN_POINT('',(75.2,77.));
#1975 = CARTESIAN_POINT('',(75.2,-51.17175976009));
#1976 = CARTESIAN_POINT('',(-35.8,12.914120119952));
#1977 = CARTESIAN_POINT('',(-146.8,77.));
#1978 = CARTESIAN_POINT('',(-35.8,141.08587988004));
#1979 = CARTESIAN_POINT('',(75.2,205.17175976009));
#1980 = CARTESIAN_POINT('',(75.2,77.));
#1981 = ( GEOMETRIC_REPRESENTATION_CONTEXT(2) 
PARAMETRIC_REPRESENTATION_CONTEXT() REPRESENTATION_CONTEXT('2D SPACE',''
  ) );
#1982 = ORIENTED_EDGE('',*,*,#1983,.F.);
#1983 = EDGE_CURVE('',#1890,#1951,#1984,.T.);
#1984 = SURFACE_CURVE('',#1985,(#1989,#1995),.PCURVE_S1.);
#1985 = LINE('',#1986,#1987);
#1986 = CARTESIAN_POINT('',(1.2,-73.99026963054,3.));
#1987 = VECTOR('',#1988,1.);
#1988 = DIRECTION('',(-0.,-0.,-1.));
#1989 = PCURVE('',#33,#1990);
#1990 = DEFINITIONAL_REPRESENTATION('',(#1991),#1994);
#1991 = B_SPLINE_CURVE_WITH_KNOTS('',1,(#1992,#1993),.UNSPECIFIED.,.F.,
  .F.,(2,2),(-31.,-13.),.PIECEWISE_BEZIER_KNOTS.);
#1992 = CARTESIAN_POINT('',(-4.728605907403,-31.));
#1993 = CARTESIAN_POINT('',(-4.728605907403,-13.));
#1994 = ( GEOMETRIC_REPRESENTATION_CONTEXT(2) 
PARAMETRIC_REPRESENTATION_CONTEXT() REPRESENTATION_CONTEXT('2D SPACE',''
  ) );
#1995 = PCURVE('',#1996,#2001);
#1996 = PLANE('',#1997);
#1997 = AXIS2_PLACEMENT_3D('',#1998,#1999,#2000);
#1998 = CARTESIAN_POINT('',(1.2,-77.,17.5));
#1999 = DIRECTION('',(1.,0.,0.));
#2000 = DIRECTION('',(0.,0.,1.));
#2001 = DEFINITIONAL_REPRESENTATION('',(#2002),#2005);
#2002 = B_SPLINE_CURVE_WITH_KNOTS('',1,(#2003,#2004),.UNSPECIFIED.,.F.,
  .F.,(2,2),(-31.,-13.),.PIECEWISE_BEZIER_KNOTS.);
#2003 = CARTESIAN_POINT('',(16.5,-3.00973036946));
#2004 = CARTESIAN_POINT('',(-1.5,-3.00973036946));
#2005 = ( GEOMETRIC_REPRESENTATION_CONTEXT(2) 
PARAMETRIC_REPRESENTATION_CONTEXT() REPRESENTATION_CONTEXT('2D SPACE',''
  ) );
#2006 = FACE_BOUND('',#2007,.F.);
#2007 = EDGE_LOOP('',(#2008,#2043,#2069,#2102));
#2008 = ORIENTED_EDGE('',*,*,#2009,.T.);
#2009 = EDGE_CURVE('',#2010,#2012,#2014,.T.);
#2010 = VERTEX_POINT('',#2011);
#2011 = CARTESIAN_POINT('',(19.064221156482,-71.5021361338,32.5));
#2012 = VERTEX_POINT('',#2013);
#2013 = CARTESIAN_POINT('',(16.73551141342,-72.08274868324,32.5));
#2014 = SURFACE_CURVE('',#2015,(#2020,#2027),.PCURVE_S1.);
#2015 = CIRCLE('',#2016,74.);
#2016 = AXIS2_PLACEMENT_3D('',#2017,#2018,#2019);
#2017 = CARTESIAN_POINT('',(0.,0.,32.5));
#2018 = DIRECTION('',(0.,0.,-1.));
#2019 = DIRECTION('',(1.,0.,0.));
#2020 = PCURVE('',#33,#2021);
#2021 = DEFINITIONAL_REPRESENTATION('',(#2022),#2026);
#2022 = LINE('',#2023,#2024);
#2023 = CARTESIAN_POINT('',(-6.28318530718,-29.5));
#2024 = VECTOR('',#2025,1.);
#2025 = DIRECTION('',(1.,-0.));
#2026 = ( GEOMETRIC_REPRESENTATION_CONTEXT(2) 
PARAMETRIC_REPRESENTATION_CONTEXT() REPRESENTATION_CONTEXT('2D SPACE',''
  ) );
#2027 = PCURVE('',#2028,#2033);
#2028 = PLANE('',#2029);
#2029 = AXIS2_PLACEMENT_3D('',#2030,#2031,#2032);
#2030 = CARTESIAN_POINT('',(17.463631089643,-75.00307719797,32.5));
#2031 = DIRECTION('',(0.,0.,1.));
#2032 = DIRECTION('',(0.970295726276,0.2419218956,0.));
#2033 = DEFINITIONAL_REPRESENTATION('',(#2034),#2042);
#2034 = ( BOUNDED_CURVE() B_SPLINE_CURVE(2,(#2035,#2036,#2037,#2038,
#2039,#2040,#2041),.UNSPECIFIED.,.T.,.F.) B_SPLINE_CURVE_WITH_KNOTS((1,2
    ,2,2,2,1),(-2.094395102393,0.,2.094395102393,4.188790204786,
6.28318530718,8.377580409573),.UNSPECIFIED.) CURVE() 
GEOMETRIC_REPRESENTATION_ITEM() RATIONAL_B_SPLINE_CURVE((1.,0.5,1.,0.5,
1.,0.5,1.)) REPRESENTATION_ITEM('') );
#2035 = CARTESIAN_POINT('',(73.001883744424,59.097779725625));
#2036 = CARTESIAN_POINT('',(41.994328660916,-65.26673099887));
#2037 = CARTESIAN_POINT('',(-50.20471941396,23.76885477494));
#2038 = CARTESIAN_POINT('',(-142.4037674888,112.80444054875));
#2039 = CARTESIAN_POINT('',(-19.19716433045,148.13336549943));
#2040 = CARTESIAN_POINT('',(104.00943882793,183.46229045012));
#2041 = CARTESIAN_POINT('',(73.001883744424,59.097779725625));
#2042 = ( GEOMETRIC_REPRESENTATION_CONTEXT(2) 
PARAMETRIC_REPRESENTATION_CONTEXT() REPRESENTATION_CONTEXT('2D SPACE',''
  ) );
#2043 = ORIENTED_EDGE('',*,*,#2044,.T.);
#2044 = EDGE_CURVE('',#2012,#2045,#2047,.T.);
#2045 = VERTEX_POINT('',#2046);
#2046 = CARTESIAN_POINT('',(16.73551141342,-72.08274868324,17.5));
#2047 = SURFACE_CURVE('',#2048,(#2052,#2058),.PCURVE_S1.);
#2048 = LINE('',#2049,#2050);
#2049 = CARTESIAN_POINT('',(16.73551141342,-72.08274868324,3.));
#2050 = VECTOR('',#2051,1.);
#2051 = DIRECTION('',(-0.,-0.,-1.));
#2052 = PCURVE('',#33,#2053);
#2053 = DEFINITIONAL_REPRESENTATION('',(#2054),#2057);
#2054 = B_SPLINE_CURVE_WITH_KNOTS('',1,(#2055,#2056),.UNSPECIFIED.,.F.,
  .F.,(2,2),(-31.,-13.),.PIECEWISE_BEZIER_KNOTS.);
#2055 = CARTESIAN_POINT('',(-4.940518148646,-31.));
#2056 = CARTESIAN_POINT('',(-4.940518148646,-13.));
#2057 = ( GEOMETRIC_REPRESENTATION_CONTEXT(2) 
PARAMETRIC_REPRESENTATION_CONTEXT() REPRESENTATION_CONTEXT('2D SPACE',''
  ) );
#2058 = PCURVE('',#2059,#2064);
#2059 = PLANE('',#2060);
#2060 = AXIS2_PLACEMENT_3D('',#2061,#2062,#2063);
#2061 = CARTESIAN_POINT('',(17.463631089643,-75.00307719797,17.5));
#2062 = DIRECTION('',(0.970295726276,0.2419218956,0.));
#2063 = DIRECTION('',(0.,0.,1.));
#2064 = DEFINITIONAL_REPRESENTATION('',(#2065),#2068);
#2065 = B_SPLINE_CURVE_WITH_KNOTS('',1,(#2066,#2067),.UNSPECIFIED.,.F.,
  .F.,(2,2),(-31.,-13.),.PIECEWISE_BEZIER_KNOTS.);
#2066 = CARTESIAN_POINT('',(16.5,-3.00973036946));
#2067 = CARTESIAN_POINT('',(-1.5,-3.00973036946));
#2068 = ( GEOMETRIC_REPRESENTATION_CONTEXT(2) 
PARAMETRIC_REPRESENTATION_CONTEXT() REPRESENTATION_CONTEXT('2D SPACE',''
  ) );
#2069 = ORIENTED_EDGE('',*,*,#2070,.F.);
#2070 = EDGE_CURVE('',#2071,#2045,#2073,.T.);
#2071 = VERTEX_POINT('',#2072);
#2072 = CARTESIAN_POINT('',(19.064221156482,-71.5021361338,17.5));
#2073 = SURFACE_CURVE('',#2074,(#2079,#2086),.PCURVE_S1.);
#2074 = CIRCLE('',#2075,74.);
#2075 = AXIS2_PLACEMENT_3D('',#2076,#2077,#2078);
#2076 = CARTESIAN_POINT('',(0.,0.,17.5));
#2077 = DIRECTION('',(0.,0.,-1.));
#2078 = DIRECTION('',(1.,0.,0.));
#2079 = PCURVE('',#33,#2080);
#2080 = DEFINITIONAL_REPRESENTATION('',(#2081),#2085);
#2081 = LINE('',#2082,#2083);
#2082 = CARTESIAN_POINT('',(-6.28318530718,-14.5));
#2083 = VECTOR('',#2084,1.);
#2084 = DIRECTION('',(1.,-0.));
#2085 = ( GEOMETRIC_REPRESENTATION_CONTEXT(2) 
PARAMETRIC_REPRESENTATION_CONTEXT() REPRESENTATION_CONTEXT('2D SPACE',''
  ) );
#2086 = PCURVE('',#2087,#2092);
#2087 = PLANE('',#2088);
#2088 = AXIS2_PLACEMENT_3D('',#2089,#2090,#2091);
#2089 = CARTESIAN_POINT('',(17.463631089643,-75.00307719797,17.5));
#2090 = DIRECTION('',(0.,0.,1.));
#2091 = DIRECTION('',(0.970295726276,0.2419218956,0.));
#2092 = DEFINITIONAL_REPRESENTATION('',(#2093),#2101);
#2093 = ( BOUNDED_CURVE() B_SPLINE_CURVE(2,(#2094,#2095,#2096,#2097,
#2098,#2099,#2100),.UNSPECIFIED.,.T.,.F.) B_SPLINE_CURVE_WITH_KNOTS((1,2
    ,2,2,2,1),(-2.094395102393,0.,2.094395102393,4.188790204786,
6.28318530718,8.377580409573),.UNSPECIFIED.) CURVE() 
GEOMETRIC_REPRESENTATION_ITEM() RATIONAL_B_SPLINE_CURVE((1.,0.5,1.,0.5,
1.,0.5,1.)) REPRESENTATION_ITEM('') );
#2094 = CARTESIAN_POINT('',(73.001883744424,59.097779725625));
#2095 = CARTESIAN_POINT('',(41.994328660916,-65.26673099887));
#2096 = CARTESIAN_POINT('',(-50.20471941396,23.76885477494));
#2097 = CARTESIAN_POINT('',(-142.4037674888,112.80444054875));
#2098 = CARTESIAN_POINT('',(-19.19716433045,148.13336549943));
#2099 = CARTESIAN_POINT('',(104.00943882793,183.46229045012));
#2100 = CARTESIAN_POINT('',(73.001883744424,59.097779725625));
#2101 = ( GEOMETRIC_REPRESENTATION_CONTEXT(2) 
PARAMETRIC_REPRESENTATION_CONTEXT() REPRESENTATION_CONTEXT('2D SPACE',''
  ) );
#2102 = ORIENTED_EDGE('',*,*,#2103,.F.);
#2103 = EDGE_CURVE('',#2010,#2071,#2104,.T.);
#2104 = SURFACE_CURVE('',#2105,(#2109,#2115),.PCURVE_S1.);
#2105 = LINE('',#2106,#2107);
#2106 = CARTESIAN_POINT('',(19.064221156482,-71.5021361338,3.));
#2107 = VECTOR('',#2108,1.);
#2108 = DIRECTION('',(-0.,-0.,-1.));
#2109 = PCURVE('',#33,#2110);
#2110 = DEFINITIONAL_REPRESENTATION('',(#2111),#2114);
#2111 = B_SPLINE_CURVE_WITH_KNOTS('',1,(#2112,#2113),.UNSPECIFIED.,.F.,
  .F.,(2,2),(-31.,-13.),.PIECEWISE_BEZIER_KNOTS.);
#2112 = CARTESIAN_POINT('',(-4.972952002682,-31.));
#2113 = CARTESIAN_POINT('',(-4.972952002682,-13.));
#2114 = ( GEOMETRIC_REPRESENTATION_CONTEXT(2) 
PARAMETRIC_REPRESENTATION_CONTEXT() REPRESENTATION_CONTEXT('2D SPACE',''
  ) );
#2115 = PCURVE('',#2116,#2121);
#2116 = PLANE('',#2117);
#2117 = AXIS2_PLACEMENT_3D('',#2118,#2119,#2120);
#2118 = CARTESIAN_POINT('',(19.792340832706,-74.42246464853,17.5));
#2119 = DIRECTION('',(0.970295726276,0.2419218956,0.));
#2120 = DIRECTION('',(0.,0.,1.));
#2121 = DEFINITIONAL_REPRESENTATION('',(#2122),#2125);
#2122 = B_SPLINE_CURVE_WITH_KNOTS('',1,(#2123,#2124),.UNSPECIFIED.,.F.,
  .F.,(2,2),(-31.,-13.),.PIECEWISE_BEZIER_KNOTS.);
#2123 = CARTESIAN_POINT('',(16.5,-3.00973036946));
#2124 = CARTESIAN_POINT('',(-1.5,-3.00973036946));
#2125 = ( GEOMETRIC_REPRESENTATION_CONTEXT(2) 
PARAMETRIC_REPRESENTATION_CONTEXT() REPRESENTATION_CONTEXT('2D SPACE',''
  ) );
#2126 = FACE_BOUND('',#2127,.F.);
#2127 = EDGE_LOOP('',(#2128,#2163,#2189,#2222));
#2128 = ORIENTED_EDGE('',*,*,#2129,.T.);
#2129 = EDGE_CURVE('',#2130,#2132,#2134,.T.);
#2130 = VERTEX_POINT('',#2131);
#2131 = CARTESIAN_POINT('',(35.79586462583,-64.76616458992,32.5));
#2132 = VERTEX_POINT('',#2133);
#2133 = CARTESIAN_POINT('',(33.676790402968,-65.89289634061,32.5));
#2134 = SURFACE_CURVE('',#2135,(#2140,#2147),.PCURVE_S1.);
#2135 = CIRCLE('',#2136,74.);
#2136 = AXIS2_PLACEMENT_3D('',#2137,#2138,#2139);
#2137 = CARTESIAN_POINT('',(0.,0.,32.5));
#2138 = DIRECTION('',(0.,0.,-1.));
#2139 = DIRECTION('',(1.,0.,0.));
#2140 = PCURVE('',#33,#2141);
#2141 = DEFINITIONAL_REPRESENTATION('',(#2142),#2146);
#2142 = LINE('',#2143,#2144);
#2143 = CARTESIAN_POINT('',(-6.28318530718,-29.5));
#2144 = VECTOR('',#2145,1.);
#2145 = DIRECTION('',(1.,-0.));
#2146 = ( GEOMETRIC_REPRESENTATION_CONTEXT(2) 
PARAMETRIC_REPRESENTATION_CONTEXT() REPRESENTATION_CONTEXT('2D SPACE',''
  ) );
#2147 = PCURVE('',#2148,#2153);
#2148 = PLANE('',#2149);
#2149 = AXIS2_PLACEMENT_3D('',#2150,#2151,#2152);
#2150 = CARTESIAN_POINT('',(35.089773223083,-68.55033052548,32.5));
#2151 = DIRECTION('',(0.,0.,1.));
#2152 = DIRECTION('',(0.882947592859,0.469471562786,0.));
#2153 = DEFINITIONAL_REPRESENTATION('',(#2154),#2162);
#2154 = ( BOUNDED_CURVE() B_SPLINE_CURVE(2,(#2155,#2156,#2157,#2158,
#2159,#2160,#2161),.UNSPECIFIED.,.T.,.F.) B_SPLINE_CURVE_WITH_KNOTS((1,2
    ,2,2,2,1),(-2.094395102393,0.,2.094395102393,4.188790204786,
6.28318530718,8.377580409573),.UNSPECIFIED.) CURVE() 
GEOMETRIC_REPRESENTATION_ITEM() RATIONAL_B_SPLINE_CURVE((1.,0.5,1.,0.5,
1.,0.5,1.)) REPRESENTATION_ITEM('') );
#2155 = CARTESIAN_POINT('',(66.538121871561,42.259104353844));
#2156 = CARTESIAN_POINT('',(6.36512551197,-70.90984239882));
#2157 = CARTESIAN_POINT('',(-61.55555911557,37.785974446743));
#2158 = CARTESIAN_POINT('',(-129.4762437431,146.48179129231));
#2159 = CARTESIAN_POINT('',(-1.382562755985,150.95492119941));
#2160 = CARTESIAN_POINT('',(126.71111823115,155.42805110651));
#2161 = CARTESIAN_POINT('',(66.538121871561,42.259104353844));
#2162 = ( GEOMETRIC_REPRESENTATION_CONTEXT(2) 
PARAMETRIC_REPRESENTATION_CONTEXT() REPRESENTATION_CONTEXT('2D SPACE',''
  ) );
#2163 = ORIENTED_EDGE('',*,*,#2164,.T.);
#2164 = EDGE_CURVE('',#2132,#2165,#2167,.T.);
#2165 = VERTEX_POINT('',#2166);
#2166 = CARTESIAN_POINT('',(33.676790402968,-65.89289634061,17.5));
#2167 = SURFACE_CURVE('',#2168,(#2172,#2178),.PCURVE_S1.);
#2168 = LINE('',#2169,#2170);
#2169 = CARTESIAN_POINT('',(33.676790402968,-65.89289634061,3.));
#2170 = VECTOR('',#2171,1.);
#2171 = DIRECTION('',(-0.,-0.,-1.));
#2172 = PCURVE('',#33,#2173);
#2173 = DEFINITIONAL_REPRESENTATION('',(#2174),#2177);
#2174 = B_SPLINE_CURVE_WITH_KNOTS('',1,(#2175,#2176),.UNSPECIFIED.,.F.,
  .F.,(2,2),(-31.,-13.),.PIECEWISE_BEZIER_KNOTS.);
#2175 = CARTESIAN_POINT('',(-5.184864243925,-31.));
#2176 = CARTESIAN_POINT('',(-5.184864243925,-13.));
#2177 = ( GEOMETRIC_REPRESENTATION_CONTEXT(2) 
PARAMETRIC_REPRESENTATION_CONTEXT() REPRESENTATION_CONTEXT('2D SPACE',''
  ) );
#2178 = PCURVE('',#2179,#2184);
#2179 = PLANE('',#2180);
#2180 = AXIS2_PLACEMENT_3D('',#2181,#2182,#2183);
#2181 = CARTESIAN_POINT('',(35.089773223083,-68.55033052548,17.5));
#2182 = DIRECTION('',(0.882947592859,0.469471562786,0.));
#2183 = DIRECTION('',(0.,0.,1.));
#2184 = DEFINITIONAL_REPRESENTATION('',(#2185),#2188);
#2185 = B_SPLINE_CURVE_WITH_KNOTS('',1,(#2186,#2187),.UNSPECIFIED.,.F.,
  .F.,(2,2),(-31.,-13.),.PIECEWISE_BEZIER_KNOTS.);
#2186 = CARTESIAN_POINT('',(16.5,-3.00973036946));
#2187 = CARTESIAN_POINT('',(-1.5,-3.00973036946));
#2188 = ( GEOMETRIC_REPRESENTATION_CONTEXT(2) 
PARAMETRIC_REPRESENTATION_CONTEXT() REPRESENTATION_CONTEXT('2D SPACE',''
  ) );
#2189 = ORIENTED_EDGE('',*,*,#2190,.F.);
#2190 = EDGE_CURVE('',#2191,#2165,#2193,.T.);
#2191 = VERTEX_POINT('',#2192);
#2192 = CARTESIAN_POINT('',(35.79586462583,-64.76616458992,17.5));
#2193 = SURFACE_CURVE('',#2194,(#2199,#2206),.PCURVE_S1.);
#2194 = CIRCLE('',#2195,74.);
#2195 = AXIS2_PLACEMENT_3D('',#2196,#2197,#2198);
#2196 = CARTESIAN_POINT('',(0.,0.,17.5));
#2197 = DIRECTION('',(0.,0.,-1.));
#2198 = DIRECTION('',(1.,0.,0.));
#2199 = PCURVE('',#33,#2200);
#2200 = DEFINITIONAL_REPRESENTATION('',(#2201),#2205);
#2201 = LINE('',#2202,#2203);
#2202 = CARTESIAN_POINT('',(-6.28318530718,-14.5));
#2203 = VECTOR('',#2204,1.);
#2204 = DIRECTION('',(1.,-0.));
#2205 = ( GEOMETRIC_REPRESENTATION_CONTEXT(2) 
PARAMETRIC_REPRESENTATION_CONTEXT() REPRESENTATION_CONTEXT('2D SPACE',''
  ) );
#2206 = PCURVE('',#2207,#2212);
#2207 = PLANE('',#2208);
#2208 = AXIS2_PLACEMENT_3D('',#2209,#2210,#2211);
#2209 = CARTESIAN_POINT('',(35.089773223083,-68.55033052548,17.5));
#2210 = DIRECTION('',(0.,0.,1.));
#2211 = DIRECTION('',(0.882947592859,0.469471562786,0.));
#2212 = DEFINITIONAL_REPRESENTATION('',(#2213),#2221);
#2213 = ( BOUNDED_CURVE() B_SPLINE_CURVE(2,(#2214,#2215,#2216,#2217,
#2218,#2219,#2220),.UNSPECIFIED.,.T.,.F.) B_SPLINE_CURVE_WITH_KNOTS((1,2
    ,2,2,2,1),(-2.094395102393,0.,2.094395102393,4.188790204786,
6.28318530718,8.377580409573),.UNSPECIFIED.) CURVE() 
GEOMETRIC_REPRESENTATION_ITEM() RATIONAL_B_SPLINE_CURVE((1.,0.5,1.,0.5,
1.,0.5,1.)) REPRESENTATION_ITEM('') );
#2214 = CARTESIAN_POINT('',(66.538121871561,42.259104353844));
#2215 = CARTESIAN_POINT('',(6.36512551197,-70.90984239882));
#2216 = CARTESIAN_POINT('',(-61.55555911557,37.785974446743));
#2217 = CARTESIAN_POINT('',(-129.4762437431,146.48179129231));
#2218 = CARTESIAN_POINT('',(-1.382562755985,150.95492119941));
#2219 = CARTESIAN_POINT('',(126.71111823115,155.42805110651));
#2220 = CARTESIAN_POINT('',(66.538121871561,42.259104353844));
#2221 = ( GEOMETRIC_REPRESENTATION_CONTEXT(2) 
PARAMETRIC_REPRESENTATION_CONTEXT() REPRESENTATION_CONTEXT('2D SPACE',''
  ) );
#2222 = ORIENTED_EDGE('',*,*,#2223,.F.);
#2223 = EDGE_CURVE('',#2130,#2191,#2224,.T.);
#2224 = SURFACE_CURVE('',#2225,(#2229,#2235),.PCURVE_S1.);
#2225 = LINE('',#2226,#2227);
#2226 = CARTESIAN_POINT('',(35.79586462583,-64.76616458992,3.));
#2227 = VECTOR('',#2228,1.);
#2228 = DIRECTION('',(-0.,-0.,-1.));
#2229 = PCURVE('',#33,#2230);
#2230 = DEFINITIONAL_REPRESENTATION('',(#2231),#2234);
#2231 = B_SPLINE_CURVE_WITH_KNOTS('',1,(#2232,#2233),.UNSPECIFIED.,.F.,
  .F.,(2,2),(-31.,-13.),.PIECEWISE_BEZIER_KNOTS.);
#2232 = CARTESIAN_POINT('',(-5.217298097961,-31.));
#2233 = CARTESIAN_POINT('',(-5.217298097961,-13.));
#2234 = ( GEOMETRIC_REPRESENTATION_CONTEXT(2) 
PARAMETRIC_REPRESENTATION_CONTEXT() REPRESENTATION_CONTEXT('2D SPACE',''
  ) );
#2235 = PCURVE('',#2236,#2241);
#2236 = PLANE('',#2237);
#2237 = AXIS2_PLACEMENT_3D('',#2238,#2239,#2240);
#2238 = CARTESIAN_POINT('',(37.208847445944,-67.42359877479,17.5));
#2239 = DIRECTION('',(0.882947592859,0.469471562786,0.));
#2240 = DIRECTION('',(0.,0.,1.));
#2241 = DEFINITIONAL_REPRESENTATION('',(#2242),#2245);
#2242 = B_SPLINE_CURVE_WITH_KNOTS('',1,(#2243,#2244),.UNSPECIFIED.,.F.,
  .F.,(2,2),(-31.,-13.),.PIECEWISE_BEZIER_KNOTS.);
#2243 = CARTESIAN_POINT('',(16.5,-3.00973036946));
#2244 = CARTESIAN_POINT('',(-1.5,-3.00973036946));
#2245 = ( GEOMETRIC_REPRESENTATION_CONTEXT(2) 
PARAMETRIC_REPRESENTATION_CONTEXT() REPRESENTATION_CONTEXT('2D SPACE',''
  ) );
#2246 = FACE_BOUND('',#2247,.F.);
#2247 = EDGE_LOOP('',(#2248,#2283,#2309,#2342));
#2248 = ORIENTED_EDGE('',*,*,#2249,.T.);
#2249 = EDGE_CURVE('',#2250,#2252,#2254,.T.);
#2250 = VERTEX_POINT('',#2251);
#2251 = CARTESIAN_POINT('',(50.400927773111,-54.18252928398,32.5));
#2252 = VERTEX_POINT('',#2253);
#2253 = CARTESIAN_POINT('',(48.617380191966,-55.78844273924,32.5));
#2254 = SURFACE_CURVE('',#2255,(#2260,#2267),.PCURVE_S1.);
#2255 = CIRCLE('',#2256,74.);
#2256 = AXIS2_PLACEMENT_3D('',#2257,#2258,#2259);
#2257 = CARTESIAN_POINT('',(0.,0.,32.5));
#2258 = DIRECTION('',(0.,0.,-1.));
#2259 = DIRECTION('',(1.,0.,0.));
#2260 = PCURVE('',#33,#2261);
#2261 = DEFINITIONAL_REPRESENTATION('',(#2262),#2266);
#2262 = LINE('',#2263,#2264);
#2263 = CARTESIAN_POINT('',(-6.28318530718,-29.5));
#2264 = VECTOR('',#2265,1.);
#2265 = DIRECTION('',(1.,-0.));
#2266 = ( GEOMETRIC_REPRESENTATION_CONTEXT(2) 
PARAMETRIC_REPRESENTATION_CONTEXT() REPRESENTATION_CONTEXT('2D SPACE',''
  ) );
#2267 = PCURVE('',#2268,#2273);
#2268 = PLANE('',#2269);
#2269 = AXIS2_PLACEMENT_3D('',#2270,#2271,#2272);
#2270 = CARTESIAN_POINT('',(50.631282899059,-58.02510828939,32.5));
#2271 = DIRECTION('',(0.,0.,1.));
#2272 = DIRECTION('',(0.743144825477,0.669130606359,0.));
#2273 = DEFINITIONAL_REPRESENTATION('',(#2274),#2282);
#2274 = ( BOUNDED_CURVE() B_SPLINE_CURVE(2,(#2275,#2276,#2277,#2278,
#2279,#2280,#2281),.UNSPECIFIED.,.T.,.F.) B_SPLINE_CURVE_WITH_KNOTS((1,2
    ,2,2,2,1),(-2.094395102393,0.,2.094395102393,4.188790204786,
6.28318530718,8.377580409573),.UNSPECIFIED.) CURVE() 
GEOMETRIC_REPRESENTATION_ITEM() RATIONAL_B_SPLINE_CURVE((1.,0.5,1.,0.5,
1.,0.5,1.)) REPRESENTATION_ITEM('') );
#2275 = CARTESIAN_POINT('',(56.192717085327,27.484335129444));
#2276 = CARTESIAN_POINT('',(-29.57093024102,-67.7658449086));
#2277 = CARTESIAN_POINT('',(-69.17818220584,54.132742416254));
#2278 = CARTESIAN_POINT('',(-108.7854341706,176.03132974111));
#2279 = CARTESIAN_POINT('',(16.585465120514,149.3829224543));
#2280 = CARTESIAN_POINT('',(141.95636441168,122.73451516749));
#2281 = CARTESIAN_POINT('',(56.192717085327,27.484335129444));
#2282 = ( GEOMETRIC_REPRESENTATION_CONTEXT(2) 
PARAMETRIC_REPRESENTATION_CONTEXT() REPRESENTATION_CONTEXT('2D SPACE',''
  ) );
#2283 = ORIENTED_EDGE('',*,*,#2284,.T.);
#2284 = EDGE_CURVE('',#2252,#2285,#2287,.T.);
#2285 = VERTEX_POINT('',#2286);
#2286 = CARTESIAN_POINT('',(48.617380191966,-55.78844273924,17.5));
#2287 = SURFACE_CURVE('',#2288,(#2292,#2298),.PCURVE_S1.);
#2288 = LINE('',#2289,#2290);
#2289 = CARTESIAN_POINT('',(48.617380191966,-55.78844273924,3.));
#2290 = VECTOR('',#2291,1.);
#2291 = DIRECTION('',(-0.,-0.,-1.));
#2292 = PCURVE('',#33,#2293);
#2293 = DEFINITIONAL_REPRESENTATION('',(#2294),#2297);
#2294 = B_SPLINE_CURVE_WITH_KNOTS('',1,(#2295,#2296),.UNSPECIFIED.,.F.,
  .F.,(2,2),(-31.,-13.),.PIECEWISE_BEZIER_KNOTS.);
#2295 = CARTESIAN_POINT('',(-5.429210339204,-31.));
#2296 = CARTESIAN_POINT('',(-5.429210339204,-13.));
#2297 = ( GEOMETRIC_REPRESENTATION_CONTEXT(2) 
PARAMETRIC_REPRESENTATION_CONTEXT() REPRESENTATION_CONTEXT('2D SPACE',''
  ) );
#2298 = PCURVE('',#2299,#2304);
#2299 = PLANE('',#2300);
#2300 = AXIS2_PLACEMENT_3D('',#2301,#2302,#2303);
#2301 = CARTESIAN_POINT('',(50.631282899059,-58.02510828939,17.5));
#2302 = DIRECTION('',(0.743144825477,0.669130606359,0.));
#2303 = DIRECTION('',(0.,0.,1.));
#2304 = DEFINITIONAL_REPRESENTATION('',(#2305),#2308);
#2305 = B_SPLINE_CURVE_WITH_KNOTS('',1,(#2306,#2307),.UNSPECIFIED.,.F.,
  .F.,(2,2),(-31.,-13.),.PIECEWISE_BEZIER_KNOTS.);
#2306 = CARTESIAN_POINT('',(16.5,-3.00973036946));
#2307 = CARTESIAN_POINT('',(-1.5,-3.00973036946));
#2308 = ( GEOMETRIC_REPRESENTATION_CONTEXT(2) 
PARAMETRIC_REPRESENTATION_CONTEXT() REPRESENTATION_CONTEXT('2D SPACE',''
  ) );
#2309 = ORIENTED_EDGE('',*,*,#2310,.F.);
#2310 = EDGE_CURVE('',#2311,#2285,#2313,.T.);
#2311 = VERTEX_POINT('',#2312);
#2312 = CARTESIAN_POINT('',(50.400927773111,-54.18252928398,17.5));
#2313 = SURFACE_CURVE('',#2314,(#2319,#2326),.PCURVE_S1.);
#2314 = CIRCLE('',#2315,74.);
#2315 = AXIS2_PLACEMENT_3D('',#2316,#2317,#2318);
#2316 = CARTESIAN_POINT('',(0.,0.,17.5));
#2317 = DIRECTION('',(0.,0.,-1.));
#2318 = DIRECTION('',(1.,0.,0.));
#2319 = PCURVE('',#33,#2320);
#2320 = DEFINITIONAL_REPRESENTATION('',(#2321),#2325);
#2321 = LINE('',#2322,#2323);
#2322 = CARTESIAN_POINT('',(-6.28318530718,-14.5));
#2323 = VECTOR('',#2324,1.);
#2324 = DIRECTION('',(1.,-0.));
#2325 = ( GEOMETRIC_REPRESENTATION_CONTEXT(2) 
PARAMETRIC_REPRESENTATION_CONTEXT() REPRESENTATION_CONTEXT('2D SPACE',''
  ) );
#2326 = PCURVE('',#2327,#2332);
#2327 = PLANE('',#2328);
#2328 = AXIS2_PLACEMENT_3D('',#2329,#2330,#2331);
#2329 = CARTESIAN_POINT('',(50.631282899059,-58.02510828939,17.5));
#2330 = DIRECTION('',(0.,0.,1.));
#2331 = DIRECTION('',(0.743144825477,0.669130606359,0.));
#2332 = DEFINITIONAL_REPRESENTATION('',(#2333),#2341);
#2333 = ( BOUNDED_CURVE() B_SPLINE_CURVE(2,(#2334,#2335,#2336,#2337,
#2338,#2339,#2340),.UNSPECIFIED.,.T.,.F.) B_SPLINE_CURVE_WITH_KNOTS((1,2
    ,2,2,2,1),(-2.094395102393,0.,2.094395102393,4.188790204786,
6.28318530718,8.377580409573),.UNSPECIFIED.) CURVE() 
GEOMETRIC_REPRESENTATION_ITEM() RATIONAL_B_SPLINE_CURVE((1.,0.5,1.,0.5,
1.,0.5,1.)) REPRESENTATION_ITEM('') );
#2334 = CARTESIAN_POINT('',(56.192717085327,27.484335129444));
#2335 = CARTESIAN_POINT('',(-29.57093024102,-67.7658449086));
#2336 = CARTESIAN_POINT('',(-69.17818220584,54.132742416254));
#2337 = CARTESIAN_POINT('',(-108.7854341706,176.03132974111));
#2338 = CARTESIAN_POINT('',(16.585465120514,149.3829224543));
#2339 = CARTESIAN_POINT('',(141.95636441168,122.73451516749));
#2340 = CARTESIAN_POINT('',(56.192717085327,27.484335129444));
#2341 = ( GEOMETRIC_REPRESENTATION_CONTEXT(2) 
PARAMETRIC_REPRESENTATION_CONTEXT() REPRESENTATION_CONTEXT('2D SPACE',''
  ) );
#2342 = ORIENTED_EDGE('',*,*,#2343,.F.);
#2343 = EDGE_CURVE('',#2250,#2311,#2344,.T.);
#2344 = SURFACE_CURVE('',#2345,(#2349,#2355),.PCURVE_S1.);
#2345 = LINE('',#2346,#2347);
#2346 = CARTESIAN_POINT('',(50.400927773111,-54.18252928398,3.));
#2347 = VECTOR('',#2348,1.);
#2348 = DIRECTION('',(-0.,-0.,-1.));
#2349 = PCURVE('',#33,#2350);
#2350 = DEFINITIONAL_REPRESENTATION('',(#2351),#2354);
#2351 = B_SPLINE_CURVE_WITH_KNOTS('',1,(#2352,#2353),.UNSPECIFIED.,.F.,
  .F.,(2,2),(-31.,-13.),.PIECEWISE_BEZIER_KNOTS.);
#2352 = CARTESIAN_POINT('',(-5.461644193241,-31.));
#2353 = CARTESIAN_POINT('',(-5.461644193241,-13.));
#2354 = ( GEOMETRIC_REPRESENTATION_CONTEXT(2) 
PARAMETRIC_REPRESENTATION_CONTEXT() REPRESENTATION_CONTEXT('2D SPACE',''
  ) );
#2355 = PCURVE('',#2356,#2361);
#2356 = PLANE('',#2357);
#2357 = AXIS2_PLACEMENT_3D('',#2358,#2359,#2360);
#2358 = CARTESIAN_POINT('',(52.414830480205,-56.41919483412,17.5));
#2359 = DIRECTION('',(0.743144825477,0.669130606359,0.));
#2360 = DIRECTION('',(0.,0.,1.));
#2361 = DEFINITIONAL_REPRESENTATION('',(#2362),#2365);
#2362 = B_SPLINE_CURVE_WITH_KNOTS('',1,(#2363,#2364),.UNSPECIFIED.,.F.,
  .F.,(2,2),(-31.,-13.),.PIECEWISE_BEZIER_KNOTS.);
#2363 = CARTESIAN_POINT('',(16.5,-3.00973036946));
#2364 = CARTESIAN_POINT('',(-1.5,-3.00973036946));
#2365 = ( GEOMETRIC_REPRESENTATION_CONTEXT(2) 
PARAMETRIC_REPRESENTATION_CONTEXT() REPRESENTATION_CONTEXT('2D SPACE',''
  ) );
#2366 = FACE_BOUND('',#2367,.F.);
#2367 = EDGE_LOOP('',(#2368,#2403,#2429,#2462));
#2368 = ORIENTED_EDGE('',*,*,#2369,.T.);
#2369 = EDGE_CURVE('',#2370,#2372,#2374,.T.);
#2370 = VERTEX_POINT('',#2371);
#2371 = CARTESIAN_POINT('',(62.011745011361,-40.37998861621,32.5));
#2372 = VERTEX_POINT('',#2373);
#2373 = CARTESIAN_POINT('',(60.669682043031,-42.36967879035,32.5));
#2374 = SURFACE_CURVE('',#2375,(#2380,#2387),.PCURVE_S1.);
#2375 = CIRCLE('',#2376,74.);
#2376 = AXIS2_PLACEMENT_3D('',#2377,#2378,#2379);
#2377 = CARTESIAN_POINT('',(0.,0.,32.5));
#2378 = DIRECTION('',(0.,0.,-1.));
#2379 = DIRECTION('',(1.,0.,0.));
#2380 = PCURVE('',#33,#2381);
#2381 = DEFINITIONAL_REPRESENTATION('',(#2382),#2386);
#2382 = LINE('',#2383,#2384);
#2383 = CARTESIAN_POINT('',(-6.28318530718,-29.5));
#2384 = VECTOR('',#2385,1.);
#2385 = DIRECTION('',(1.,-0.));
#2386 = ( GEOMETRIC_REPRESENTATION_CONTEXT(2) 
PARAMETRIC_REPRESENTATION_CONTEXT() REPRESENTATION_CONTEXT('2D SPACE',''
  ) );
#2387 = PCURVE('',#2388,#2393);
#2388 = PLANE('',#2389);
#2389 = AXIS2_PLACEMENT_3D('',#2390,#2391,#2392);
#2390 = CARTESIAN_POINT('',(63.164861602573,-44.05269865431,32.5));
#2391 = DIRECTION('',(0.,0.,1.));
#2392 = DIRECTION('',(0.559192903471,0.829037572555,0.));
#2393 = DEFINITIONAL_REPRESENTATION('',(#2394),#2402);
#2394 = ( BOUNDED_CURVE() B_SPLINE_CURVE(2,(#2395,#2396,#2397,#2398,
#2399,#2400,#2401),.UNSPECIFIED.,.T.,.F.) B_SPLINE_CURVE_WITH_KNOTS((1,2
    ,2,2,2,1),(-2.094395102393,0.,2.094395102393,4.188790204786,
6.28318530718,8.377580409573),.UNSPECIFIED.) CURVE() 
GEOMETRIC_REPRESENTATION_ITEM() RATIONAL_B_SPLINE_CURVE((1.,0.5,1.,0.5,
1.,0.5,1.)) REPRESENTATION_ITEM('') );
#2395 = CARTESIAN_POINT('',(42.580274856835,15.651219630927));
#2396 = CARTESIAN_POINT('',(-63.67892972478,-56.02151885227));
#2397 = CARTESIAN_POINT('',(-72.61973971922,71.838020942935));
#2398 = CARTESIAN_POINT('',(-81.56054971367,199.69756073814));
#2399 = CARTESIAN_POINT('',(33.639464862392,143.51075942613));
#2400 = CARTESIAN_POINT('',(148.83947943845,87.323958114131));
#2401 = CARTESIAN_POINT('',(42.580274856835,15.651219630927));
#2402 = ( GEOMETRIC_REPRESENTATION_CONTEXT(2) 
PARAMETRIC_REPRESENTATION_CONTEXT() REPRESENTATION_CONTEXT('2D SPACE',''
  ) );
#2403 = ORIENTED_EDGE('',*,*,#2404,.T.);
#2404 = EDGE_CURVE('',#2372,#2405,#2407,.T.);
#2405 = VERTEX_POINT('',#2406);
#2406 = CARTESIAN_POINT('',(60.669682043031,-42.36967879035,17.5));
#2407 = SURFACE_CURVE('',#2408,(#2412,#2418),.PCURVE_S1.);
#2408 = LINE('',#2409,#2410);
#2409 = CARTESIAN_POINT('',(60.669682043031,-42.36967879035,3.));
#2410 = VECTOR('',#2411,1.);
#2411 = DIRECTION('',(-0.,-0.,-1.));
#2412 = PCURVE('',#33,#2413);
#2413 = DEFINITIONAL_REPRESENTATION('',(#2414),#2417);
#2414 = B_SPLINE_CURVE_WITH_KNOTS('',1,(#2415,#2416),.UNSPECIFIED.,.F.,
  .F.,(2,2),(-31.,-13.),.PIECEWISE_BEZIER_KNOTS.);
#2415 = CARTESIAN_POINT('',(-5.673556434483,-31.));
#2416 = CARTESIAN_POINT('',(-5.673556434483,-13.));
#2417 = ( GEOMETRIC_REPRESENTATION_CONTEXT(2) 
PARAMETRIC_REPRESENTATION_CONTEXT() REPRESENTATION_CONTEXT('2D SPACE',''
  ) );
#2418 = PCURVE('',#2419,#2424);
#2419 = PLANE('',#2420);
#2420 = AXIS2_PLACEMENT_3D('',#2421,#2422,#2423);
#2421 = CARTESIAN_POINT('',(63.164861602573,-44.05269865431,17.5));
#2422 = DIRECTION('',(0.559192903471,0.829037572555,0.));
#2423 = DIRECTION('',(0.,0.,1.));
#2424 = DEFINITIONAL_REPRESENTATION('',(#2425),#2428);
#2425 = B_SPLINE_CURVE_WITH_KNOTS('',1,(#2426,#2427),.UNSPECIFIED.,.F.,
  .F.,(2,2),(-31.,-13.),.PIECEWISE_BEZIER_KNOTS.);
#2426 = CARTESIAN_POINT('',(16.5,-3.00973036946));
#2427 = CARTESIAN_POINT('',(-1.5,-3.00973036946));
#2428 = ( GEOMETRIC_REPRESENTATION_CONTEXT(2) 
PARAMETRIC_REPRESENTATION_CONTEXT() REPRESENTATION_CONTEXT('2D SPACE',''
  ) );
#2429 = ORIENTED_EDGE('',*,*,#2430,.F.);
#2430 = EDGE_CURVE('',#2431,#2405,#2433,.T.);
#2431 = VERTEX_POINT('',#2432);
#2432 = CARTESIAN_POINT('',(62.011745011361,-40.37998861621,17.5));
#2433 = SURFACE_CURVE('',#2434,(#2439,#2446),.PCURVE_S1.);
#2434 = CIRCLE('',#2435,74.);
#2435 = AXIS2_PLACEMENT_3D('',#2436,#2437,#2438);
#2436 = CARTESIAN_POINT('',(0.,0.,17.5));
#2437 = DIRECTION('',(0.,0.,-1.));
#2438 = DIRECTION('',(1.,0.,0.));
#2439 = PCURVE('',#33,#2440);
#2440 = DEFINITIONAL_REPRESENTATION('',(#2441),#2445);
#2441 = LINE('',#2442,#2443);
#2442 = CARTESIAN_POINT('',(-6.28318530718,-14.5));
#2443 = VECTOR('',#2444,1.);
#2444 = DIRECTION('',(1.,-0.));
#2445 = ( GEOMETRIC_REPRESENTATION_CONTEXT(2) 
PARAMETRIC_REPRESENTATION_CONTEXT() REPRESENTATION_CONTEXT('2D SPACE',''
  ) );
#2446 = PCURVE('',#2447,#2452);
#2447 = PLANE('',#2448);
#2448 = AXIS2_PLACEMENT_3D('',#2449,#2450,#2451);
#2449 = CARTESIAN_POINT('',(63.164861602573,-44.05269865431,17.5));
#2450 = DIRECTION('',(0.,0.,1.));
#2451 = DIRECTION('',(0.559192903471,0.829037572555,0.));
#2452 = DEFINITIONAL_REPRESENTATION('',(#2453),#2461);
#2453 = ( BOUNDED_CURVE() B_SPLINE_CURVE(2,(#2454,#2455,#2456,#2457,
#2458,#2459,#2460),.UNSPECIFIED.,.T.,.F.) B_SPLINE_CURVE_WITH_KNOTS((1,2
    ,2,2,2,1),(-2.094395102393,0.,2.094395102393,4.188790204786,
6.28318530718,8.377580409573),.UNSPECIFIED.) CURVE() 
GEOMETRIC_REPRESENTATION_ITEM() RATIONAL_B_SPLINE_CURVE((1.,0.5,1.,0.5,
1.,0.5,1.)) REPRESENTATION_ITEM('') );
#2454 = CARTESIAN_POINT('',(42.580274856835,15.651219630927));
#2455 = CARTESIAN_POINT('',(-63.67892972478,-56.02151885227));
#2456 = CARTESIAN_POINT('',(-72.61973971922,71.838020942935));
#2457 = CARTESIAN_POINT('',(-81.56054971367,199.69756073814));
#2458 = CARTESIAN_POINT('',(33.639464862392,143.51075942613));
#2459 = CARTESIAN_POINT('',(148.83947943845,87.323958114131));
#2460 = CARTESIAN_POINT('',(42.580274856835,15.651219630927));
#2461 = ( GEOMETRIC_REPRESENTATION_CONTEXT(2) 
PARAMETRIC_REPRESENTATION_CONTEXT() REPRESENTATION_CONTEXT('2D SPACE',''
  ) );
#2462 = ORIENTED_EDGE('',*,*,#2463,.F.);
#2463 = EDGE_CURVE('',#2370,#2431,#2464,.T.);
#2464 = SURFACE_CURVE('',#2465,(#2469,#2475),.PCURVE_S1.);
#2465 = LINE('',#2466,#2467);
#2466 = CARTESIAN_POINT('',(62.011745011361,-40.37998861621,3.));
#2467 = VECTOR('',#2468,1.);
#2468 = DIRECTION('',(-0.,-0.,-1.));
#2469 = PCURVE('',#33,#2470);
#2470 = DEFINITIONAL_REPRESENTATION('',(#2471),#2474);
#2471 = B_SPLINE_CURVE_WITH_KNOTS('',1,(#2472,#2473),.UNSPECIFIED.,.F.,
  .F.,(2,2),(-31.,-13.),.PIECEWISE_BEZIER_KNOTS.);
#2472 = CARTESIAN_POINT('',(-5.70599028852,-31.));
#2473 = CARTESIAN_POINT('',(-5.70599028852,-13.));
#2474 = ( GEOMETRIC_REPRESENTATION_CONTEXT(2) 
PARAMETRIC_REPRESENTATION_CONTEXT() REPRESENTATION_CONTEXT('2D SPACE',''
  ) );
#2475 = PCURVE('',#2476,#2481);
#2476 = PLANE('',#2477);
#2477 = AXIS2_PLACEMENT_3D('',#2478,#2479,#2480);
#2478 = CARTESIAN_POINT('',(64.506924570903,-42.06300848018,17.5));
#2479 = DIRECTION('',(0.559192903471,0.829037572555,0.));
#2480 = DIRECTION('',(0.,0.,1.));
#2481 = DEFINITIONAL_REPRESENTATION('',(#2482),#2485);
#2482 = B_SPLINE_CURVE_WITH_KNOTS('',1,(#2483,#2484),.UNSPECIFIED.,.F.,
  .F.,(2,2),(-31.,-13.),.PIECEWISE_BEZIER_KNOTS.);
#2483 = CARTESIAN_POINT('',(16.5,-3.00973036946));
#2484 = CARTESIAN_POINT('',(-1.5,-3.00973036946));
#2485 = ( GEOMETRIC_REPRESENTATION_CONTEXT(2) 
PARAMETRIC_REPRESENTATION_CONTEXT() REPRESENTATION_CONTEXT('2D SPACE',''
  ) );
#2486 = FACE_BOUND('',#2487,.F.);
#2487 = EDGE_LOOP('',(#2488,#2523,#2549,#2582));
#2488 = ORIENTED_EDGE('',*,*,#2489,.T.);
#2489 = EDGE_CURVE('',#2490,#2492,#2494,.T.);
#2490 = VERTEX_POINT('',#2491);
#2491 = CARTESIAN_POINT('',(69.938534553769,-24.17853147879,32.5));
#2492 = VERTEX_POINT('',#2493);
#2493 = CARTESIAN_POINT('',(69.117686209787,-26.43379376868,32.5));
#2494 = SURFACE_CURVE('',#2495,(#2500,#2507),.PCURVE_S1.);
#2495 = CIRCLE('',#2496,74.);
#2496 = AXIS2_PLACEMENT_3D('',#2497,#2498,#2499);
#2497 = CARTESIAN_POINT('',(0.,0.,32.5));
#2498 = DIRECTION('',(0.,0.,-1.));
#2499 = DIRECTION('',(1.,0.,0.));
#2500 = PCURVE('',#33,#2501);
#2501 = DEFINITIONAL_REPRESENTATION('',(#2502),#2506);
#2502 = LINE('',#2503,#2504);
#2503 = CARTESIAN_POINT('',(-6.28318530718,-29.5));
#2504 = VECTOR('',#2505,1.);
#2505 = DIRECTION('',(1.,-0.));
#2506 = ( GEOMETRIC_REPRESENTATION_CONTEXT(2) 
PARAMETRIC_REPRESENTATION_CONTEXT() REPRESENTATION_CONTEXT('2D SPACE',''
  ) );
#2507 = PCURVE('',#2508,#2513);
#2508 = PLANE('',#2509);
#2509 = AXIS2_PLACEMENT_3D('',#2510,#2511,#2512);
#2510 = CARTESIAN_POINT('',(71.945907628524,-27.46318218102,32.5));
#2511 = DIRECTION('',(0.,0.,1.));
#2512 = DIRECTION('',(0.342020143326,0.939692620786,0.));
#2513 = DEFINITIONAL_REPRESENTATION('',(#2514),#2522);
#2514 = ( BOUNDED_CURVE() B_SPLINE_CURVE(2,(#2515,#2516,#2517,#2518,
#2519,#2520,#2521),.UNSPECIFIED.,.T.,.F.) B_SPLINE_CURVE_WITH_KNOTS((1,2
    ,2,2,2,1),(-2.094395102393,0.,2.094395102393,4.188790204786,
6.28318530718,8.377580409573),.UNSPECIFIED.) CURVE() 
GEOMETRIC_REPRESENTATION_ITEM() RATIONAL_B_SPLINE_CURVE((1.,0.5,1.,0.5,
1.,0.5,1.)) REPRESENTATION_ITEM('') );
#2515 = CARTESIAN_POINT('',(26.509490606099,7.462746061843));
#2516 = CARTESIAN_POINT('',(-93.9325662336,-36.3745775816));
#2517 = CARTESIAN_POINT('',(-71.6757737229,89.849965147353));
#2518 = CARTESIAN_POINT('',(-49.41898121219,216.07450787631));
#2519 = CARTESIAN_POINT('',(48.766283116804,133.6872887908));
#2520 = CARTESIAN_POINT('',(146.9515474458,51.300069705294));
#2521 = CARTESIAN_POINT('',(26.509490606099,7.462746061843));
#2522 = ( GEOMETRIC_REPRESENTATION_CONTEXT(2) 
PARAMETRIC_REPRESENTATION_CONTEXT() REPRESENTATION_CONTEXT('2D SPACE',''
  ) );
#2523 = ORIENTED_EDGE('',*,*,#2524,.T.);
#2524 = EDGE_CURVE('',#2492,#2525,#2527,.T.);
#2525 = VERTEX_POINT('',#2526);
#2526 = CARTESIAN_POINT('',(69.117686209787,-26.43379376868,17.5));
#2527 = SURFACE_CURVE('',#2528,(#2532,#2538),.PCURVE_S1.);
#2528 = LINE('',#2529,#2530);
#2529 = CARTESIAN_POINT('',(69.117686209787,-26.43379376868,3.));
#2530 = VECTOR('',#2531,1.);
#2531 = DIRECTION('',(-0.,-0.,-1.));
#2532 = PCURVE('',#33,#2533);
#2533 = DEFINITIONAL_REPRESENTATION('',(#2534),#2537);
#2534 = B_SPLINE_CURVE_WITH_KNOTS('',1,(#2535,#2536),.UNSPECIFIED.,.F.,
  .F.,(2,2),(-31.,-13.),.PIECEWISE_BEZIER_KNOTS.);
#2535 = CARTESIAN_POINT('',(-5.917902529762,-31.));
#2536 = CARTESIAN_POINT('',(-5.917902529762,-13.));
#2537 = ( GEOMETRIC_REPRESENTATION_CONTEXT(2) 
PARAMETRIC_REPRESENTATION_CONTEXT() REPRESENTATION_CONTEXT('2D SPACE',''
  ) );
#2538 = PCURVE('',#2539,#2544);
#2539 = PLANE('',#2540);
#2540 = AXIS2_PLACEMENT_3D('',#2541,#2542,#2543);
#2541 = CARTESIAN_POINT('',(71.945907628524,-27.46318218102,17.5));
#2542 = DIRECTION('',(0.342020143326,0.939692620786,0.));
#2543 = DIRECTION('',(0.,0.,1.));
#2544 = DEFINITIONAL_REPRESENTATION('',(#2545),#2548);
#2545 = B_SPLINE_CURVE_WITH_KNOTS('',1,(#2546,#2547),.UNSPECIFIED.,.F.,
  .F.,(2,2),(-31.,-13.),.PIECEWISE_BEZIER_KNOTS.);
#2546 = CARTESIAN_POINT('',(16.5,-3.00973036946));
#2547 = CARTESIAN_POINT('',(-1.5,-3.00973036946));
#2548 = ( GEOMETRIC_REPRESENTATION_CONTEXT(2) 
PARAMETRIC_REPRESENTATION_CONTEXT() REPRESENTATION_CONTEXT('2D SPACE',''
  ) );
#2549 = ORIENTED_EDGE('',*,*,#2550,.F.);
#2550 = EDGE_CURVE('',#2551,#2525,#2553,.T.);
#2551 = VERTEX_POINT('',#2552);
#2552 = CARTESIAN_POINT('',(69.938534553769,-24.17853147879,17.5));
#2553 = SURFACE_CURVE('',#2554,(#2559,#2566),.PCURVE_S1.);
#2554 = CIRCLE('',#2555,74.);
#2555 = AXIS2_PLACEMENT_3D('',#2556,#2557,#2558);
#2556 = CARTESIAN_POINT('',(0.,0.,17.5));
#2557 = DIRECTION('',(0.,0.,-1.));
#2558 = DIRECTION('',(1.,0.,0.));
#2559 = PCURVE('',#33,#2560);
#2560 = DEFINITIONAL_REPRESENTATION('',(#2561),#2565);
#2561 = LINE('',#2562,#2563);
#2562 = CARTESIAN_POINT('',(-6.28318530718,-14.5));
#2563 = VECTOR('',#2564,1.);
#2564 = DIRECTION('',(1.,-0.));
#2565 = ( GEOMETRIC_REPRESENTATION_CONTEXT(2) 
PARAMETRIC_REPRESENTATION_CONTEXT() REPRESENTATION_CONTEXT('2D SPACE',''
  ) );
#2566 = PCURVE('',#2567,#2572);
#2567 = PLANE('',#2568);
#2568 = AXIS2_PLACEMENT_3D('',#2569,#2570,#2571);
#2569 = CARTESIAN_POINT('',(71.945907628524,-27.46318218102,17.5));
#2570 = DIRECTION('',(0.,0.,1.));
#2571 = DIRECTION('',(0.342020143326,0.939692620786,0.));
#2572 = DEFINITIONAL_REPRESENTATION('',(#2573),#2581);
#2573 = ( BOUNDED_CURVE() B_SPLINE_CURVE(2,(#2574,#2575,#2576,#2577,
#2578,#2579,#2580),.UNSPECIFIED.,.T.,.F.) B_SPLINE_CURVE_WITH_KNOTS((1,2
    ,2,2,2,1),(-2.094395102393,0.,2.094395102393,4.188790204786,
6.28318530718,8.377580409573),.UNSPECIFIED.) CURVE() 
GEOMETRIC_REPRESENTATION_ITEM() RATIONAL_B_SPLINE_CURVE((1.,0.5,1.,0.5,
1.,0.5,1.)) REPRESENTATION_ITEM('') );
#2574 = CARTESIAN_POINT('',(26.509490606099,7.462746061843));
#2575 = CARTESIAN_POINT('',(-93.9325662336,-36.3745775816));
#2576 = CARTESIAN_POINT('',(-71.6757737229,89.849965147353));
#2577 = CARTESIAN_POINT('',(-49.41898121219,216.07450787631));
#2578 = CARTESIAN_POINT('',(48.766283116804,133.6872887908));
#2579 = CARTESIAN_POINT('',(146.9515474458,51.300069705294));
#2580 = CARTESIAN_POINT('',(26.509490606099,7.462746061843));
#2581 = ( GEOMETRIC_REPRESENTATION_CONTEXT(2) 
PARAMETRIC_REPRESENTATION_CONTEXT() REPRESENTATION_CONTEXT('2D SPACE',''
  ) );
#2582 = ORIENTED_EDGE('',*,*,#2583,.F.);
#2583 = EDGE_CURVE('',#2490,#2551,#2584,.T.);
#2584 = SURFACE_CURVE('',#2585,(#2589,#2595),.PCURVE_S1.);
#2585 = LINE('',#2586,#2587);
#2586 = CARTESIAN_POINT('',(69.938534553769,-24.17853147879,3.));
#2587 = VECTOR('',#2588,1.);
#2588 = DIRECTION('',(-0.,-0.,-1.));
#2589 = PCURVE('',#33,#2590);
#2590 = DEFINITIONAL_REPRESENTATION('',(#2591),#2594);
#2591 = B_SPLINE_CURVE_WITH_KNOTS('',1,(#2592,#2593),.UNSPECIFIED.,.F.,
  .F.,(2,2),(-31.,-13.),.PIECEWISE_BEZIER_KNOTS.);
#2592 = CARTESIAN_POINT('',(-5.950336383799,-31.));
#2593 = CARTESIAN_POINT('',(-5.950336383799,-13.));
#2594 = ( GEOMETRIC_REPRESENTATION_CONTEXT(2) 
PARAMETRIC_REPRESENTATION_CONTEXT() REPRESENTATION_CONTEXT('2D SPACE',''
  ) );
#2595 = PCURVE('',#2596,#2601);
#2596 = PLANE('',#2597);
#2597 = AXIS2_PLACEMENT_3D('',#2598,#2599,#2600);
#2598 = CARTESIAN_POINT('',(72.766755972506,-25.20791989113,17.5));
#2599 = DIRECTION('',(0.342020143326,0.939692620786,0.));
#2600 = DIRECTION('',(0.,0.,1.));
#2601 = DEFINITIONAL_REPRESENTATION('',(#2602),#2605);
#2602 = B_SPLINE_CURVE_WITH_KNOTS('',1,(#2603,#2604),.UNSPECIFIED.,.F.,
  .F.,(2,2),(-31.,-13.),.PIECEWISE_BEZIER_KNOTS.);
#2603 = CARTESIAN_POINT('',(16.5,-3.00973036946));
#2604 = CARTESIAN_POINT('',(-1.5,-3.00973036946));
#2605 = ( GEOMETRIC_REPRESENTATION_CONTEXT(2) 
PARAMETRIC_REPRESENTATION_CONTEXT() REPRESENTATION_CONTEXT('2D SPACE',''
  ) );
#2606 = FACE_BOUND('',#2607,.F.);
#2607 = EDGE_LOOP('',(#2608,#2643,#2669,#2702));
#2608 = ORIENTED_EDGE('',*,*,#2609,.T.);
#2609 = EDGE_CURVE('',#2610,#2612,#2614,.T.);
#2610 = VERTEX_POINT('',#2611);
#2611 = CARTESIAN_POINT('',(41.892720131307,61.,29.));
#2612 = VERTEX_POINT('',#2613);
#2613 = CARTESIAN_POINT('',(43.,60.224579699654,29.));
#2614 = SURFACE_CURVE('',#2615,(#2620,#2627),.PCURVE_S1.);
#2615 = CIRCLE('',#2616,74.);
#2616 = AXIS2_PLACEMENT_3D('',#2617,#2618,#2619);
#2617 = CARTESIAN_POINT('',(0.,0.,29.));
#2618 = DIRECTION('',(0.,0.,-1.));
#2619 = DIRECTION('',(1.,0.,0.));
#2620 = PCURVE('',#33,#2621);
#2621 = DEFINITIONAL_REPRESENTATION('',(#2622),#2626);
#2622 = LINE('',#2623,#2624);
#2623 = CARTESIAN_POINT('',(-12.56637061435,-26.));
#2624 = VECTOR('',#2625,1.);
#2625 = DIRECTION('',(1.,-0.));
#2626 = ( GEOMETRIC_REPRESENTATION_CONTEXT(2) 
PARAMETRIC_REPRESENTATION_CONTEXT() REPRESENTATION_CONTEXT('2D SPACE',''
  ) );
#2627 = PCURVE('',#2628,#2633);
#2628 = PLANE('',#2629);
#2629 = AXIS2_PLACEMENT_3D('',#2630,#2631,#2632);
#2630 = CARTESIAN_POINT('',(35.,55.,29.));
#2631 = DIRECTION('',(0.,0.,1.));
#2632 = DIRECTION('',(1.,0.,0.));
#2633 = DEFINITIONAL_REPRESENTATION('',(#2634),#2642);
#2634 = ( BOUNDED_CURVE() B_SPLINE_CURVE(2,(#2635,#2636,#2637,#2638,
#2639,#2640,#2641),.UNSPECIFIED.,.T.,.F.) B_SPLINE_CURVE_WITH_KNOTS((1,2
    ,2,2,2,1),(-2.094395102393,0.,2.094395102393,4.188790204786,
6.28318530718,8.377580409573),.UNSPECIFIED.) CURVE() 
GEOMETRIC_REPRESENTATION_ITEM() RATIONAL_B_SPLINE_CURVE((1.,0.5,1.,0.5,
1.,0.5,1.)) REPRESENTATION_ITEM('') );
#2635 = CARTESIAN_POINT('',(39.,-55.));
#2636 = CARTESIAN_POINT('',(39.,-183.17175976));
#2637 = CARTESIAN_POINT('',(-72.,-119.08587988));
#2638 = CARTESIAN_POINT('',(-183.,-55.));
#2639 = CARTESIAN_POINT('',(-72.,9.085879880048));
#2640 = CARTESIAN_POINT('',(39.,73.171759760097));
#2641 = CARTESIAN_POINT('',(39.,-55.));
#2642 = ( GEOMETRIC_REPRESENTATION_CONTEXT(2) 
PARAMETRIC_REPRESENTATION_CONTEXT() REPRESENTATION_CONTEXT('2D SPACE',''
  ) );
#2643 = ORIENTED_EDGE('',*,*,#2644,.T.);
#2644 = EDGE_CURVE('',#2612,#2645,#2647,.T.);
#2645 = VERTEX_POINT('',#2646);
#2646 = CARTESIAN_POINT('',(43.,60.224579699654,19.));
#2647 = SURFACE_CURVE('',#2648,(#2652,#2658),.PCURVE_S1.);
#2648 = LINE('',#2649,#2650);
#2649 = CARTESIAN_POINT('',(43.,60.224579699654,3.));
#2650 = VECTOR('',#2651,1.);
#2651 = DIRECTION('',(-0.,-0.,-1.));
#2652 = PCURVE('',#33,#2653);
#2653 = DEFINITIONAL_REPRESENTATION('',(#2654),#2657);
#2654 = B_SPLINE_CURVE_WITH_KNOTS('',1,(#2655,#2656),.UNSPECIFIED.,.F.,
  .F.,(2,2),(-27.,-15.),.PIECEWISE_BEZIER_KNOTS.);
#2655 = CARTESIAN_POINT('',(-7.233925210969,-27.));
#2656 = CARTESIAN_POINT('',(-7.233925210969,-15.));
#2657 = ( GEOMETRIC_REPRESENTATION_CONTEXT(2) 
PARAMETRIC_REPRESENTATION_CONTEXT() REPRESENTATION_CONTEXT('2D SPACE',''
  ) );
#2658 = PCURVE('',#2659,#2664);
#2659 = PLANE('',#2660);
#2660 = AXIS2_PLACEMENT_3D('',#2661,#2662,#2663);
#2661 = CARTESIAN_POINT('',(43.,55.,19.));
#2662 = DIRECTION('',(1.,0.,0.));
#2663 = DIRECTION('',(0.,0.,1.));
#2664 = DEFINITIONAL_REPRESENTATION('',(#2665),#2668);
#2665 = B_SPLINE_CURVE_WITH_KNOTS('',1,(#2666,#2667),.UNSPECIFIED.,.F.,
  .F.,(2,2),(-27.,-15.),.PIECEWISE_BEZIER_KNOTS.);
#2666 = CARTESIAN_POINT('',(11.,-5.224579699654));
#2667 = CARTESIAN_POINT('',(-1.,-5.224579699654));
#2668 = ( GEOMETRIC_REPRESENTATION_CONTEXT(2) 
PARAMETRIC_REPRESENTATION_CONTEXT() REPRESENTATION_CONTEXT('2D SPACE',''
  ) );
#2669 = ORIENTED_EDGE('',*,*,#2670,.F.);
#2670 = EDGE_CURVE('',#2671,#2645,#2673,.T.);
#2671 = VERTEX_POINT('',#2672);
#2672 = CARTESIAN_POINT('',(41.892720131307,61.,19.));
#2673 = SURFACE_CURVE('',#2674,(#2679,#2686),.PCURVE_S1.);
#2674 = CIRCLE('',#2675,74.);
#2675 = AXIS2_PLACEMENT_3D('',#2676,#2677,#2678);
#2676 = CARTESIAN_POINT('',(0.,0.,19.));
#2677 = DIRECTION('',(0.,0.,-1.));
#2678 = DIRECTION('',(1.,0.,0.));
#2679 = PCURVE('',#33,#2680);
#2680 = DEFINITIONAL_REPRESENTATION('',(#2681),#2685);
#2681 = LINE('',#2682,#2683);
#2682 = CARTESIAN_POINT('',(-12.56637061435,-16.));
#2683 = VECTOR('',#2684,1.);
#2684 = DIRECTION('',(1.,-0.));
#2685 = ( GEOMETRIC_REPRESENTATION_CONTEXT(2) 
PARAMETRIC_REPRESENTATION_CONTEXT() REPRESENTATION_CONTEXT('2D SPACE',''
  ) );
#2686 = PCURVE('',#2687,#2692);
#2687 = PLANE('',#2688);
#2688 = AXIS2_PLACEMENT_3D('',#2689,#2690,#2691);
#2689 = CARTESIAN_POINT('',(35.,55.,19.));
#2690 = DIRECTION('',(0.,0.,1.));
#2691 = DIRECTION('',(1.,0.,0.));
#2692 = DEFINITIONAL_REPRESENTATION('',(#2693),#2701);
#2693 = ( BOUNDED_CURVE() B_SPLINE_CURVE(2,(#2694,#2695,#2696,#2697,
#2698,#2699,#2700),.UNSPECIFIED.,.T.,.F.) B_SPLINE_CURVE_WITH_KNOTS((1,2
    ,2,2,2,1),(-2.094395102393,0.,2.094395102393,4.188790204786,
6.28318530718,8.377580409573),.UNSPECIFIED.) CURVE() 
GEOMETRIC_REPRESENTATION_ITEM() RATIONAL_B_SPLINE_CURVE((1.,0.5,1.,0.5,
1.,0.5,1.)) REPRESENTATION_ITEM('') );
#2694 = CARTESIAN_POINT('',(39.,-55.));
#2695 = CARTESIAN_POINT('',(39.,-183.17175976));
#2696 = CARTESIAN_POINT('',(-72.,-119.08587988));
#2697 = CARTESIAN_POINT('',(-183.,-55.));
#2698 = CARTESIAN_POINT('',(-72.,9.085879880048));
#2699 = CARTESIAN_POINT('',(39.,73.171759760097));
#2700 = CARTESIAN_POINT('',(39.,-55.));
#2701 = ( GEOMETRIC_REPRESENTATION_CONTEXT(2) 
PARAMETRIC_REPRESENTATION_CONTEXT() REPRESENTATION_CONTEXT('2D SPACE',''
  ) );
#2702 = ORIENTED_EDGE('',*,*,#2703,.F.);
#2703 = EDGE_CURVE('',#2610,#2671,#2704,.T.);
#2704 = SURFACE_CURVE('',#2705,(#2709,#2715),.PCURVE_S1.);
#2705 = LINE('',#2706,#2707);
#2706 = CARTESIAN_POINT('',(41.892720131307,61.,3.));
#2707 = VECTOR('',#2708,1.);
#2708 = DIRECTION('',(-0.,-0.,-1.));
#2709 = PCURVE('',#33,#2710);
#2710 = DEFINITIONAL_REPRESENTATION('',(#2711),#2714);
#2711 = B_SPLINE_CURVE_WITH_KNOTS('',1,(#2712,#2713),.UNSPECIFIED.,.F.,
  .F.,(2,2),(-27.,-15.),.PIECEWISE_BEZIER_KNOTS.);
#2712 = CARTESIAN_POINT('',(-7.252192943119,-27.));
#2713 = CARTESIAN_POINT('',(-7.252192943119,-15.));
#2714 = ( GEOMETRIC_REPRESENTATION_CONTEXT(2) 
PARAMETRIC_REPRESENTATION_CONTEXT() REPRESENTATION_CONTEXT('2D SPACE',''
  ) );
#2715 = PCURVE('',#2716,#2721);
#2716 = PLANE('',#2717);
#2717 = AXIS2_PLACEMENT_3D('',#2718,#2719,#2720);
#2718 = CARTESIAN_POINT('',(35.,61.,19.));
#2719 = DIRECTION('',(0.,1.,0.));
#2720 = DIRECTION('',(0.,0.,1.));
#2721 = DEFINITIONAL_REPRESENTATION('',(#2722),#2725);
#2722 = B_SPLINE_CURVE_WITH_KNOTS('',1,(#2723,#2724),.UNSPECIFIED.,.F.,
  .F.,(2,2),(-27.,-15.),.PIECEWISE_BEZIER_KNOTS.);
#2723 = CARTESIAN_POINT('',(11.,6.892720131307));
#2724 = CARTESIAN_POINT('',(-1.,6.892720131307));
#2725 = ( GEOMETRIC_REPRESENTATION_CONTEXT(2) 
PARAMETRIC_REPRESENTATION_CONTEXT() REPRESENTATION_CONTEXT('2D SPACE',''
  ) );
#2726 = ADVANCED_FACE('',(#2727,#3042,#3073,#3104,#3135,#3433),#45,.F.);
#2727 = FACE_BOUND('',#2728,.F.);
#2728 = EDGE_LOOP('',(#2729,#2752,#2753,#2773,#2774,#2797,#2825,#2846,
    #2847,#2870,#2898,#2919,#2920,#2943,#2971,#2992,#2993,#3016));
#2729 = ORIENTED_EDGE('',*,*,#2730,.F.);
#2730 = EDGE_CURVE('',#722,#2731,#2733,.T.);
#2731 = VERTEX_POINT('',#2732);
#2732 = CARTESIAN_POINT('',(62.835879880048,39.165063509461,3.));
#2733 = SURFACE_CURVE('',#2734,(#2738,#2745),.PCURVE_S1.);
#2734 = LINE('',#2735,#2736);
#2735 = CARTESIAN_POINT('',(56.773702053557,35.665063509461,3.));
#2736 = VECTOR('',#2737,1.);
#2737 = DIRECTION('',(0.866025403784,0.5,0.));
#2738 = PCURVE('',#45,#2739);
#2739 = DEFINITIONAL_REPRESENTATION('',(#2740),#2744);
#2740 = LINE('',#2741,#2742);
#2741 = CARTESIAN_POINT('',(56.773702053557,35.665063509461));
#2742 = VECTOR('',#2743,1.);
#2743 = DIRECTION('',(0.866025403784,0.5));
#2744 = ( GEOMETRIC_REPRESENTATION_CONTEXT(2) 
PARAMETRIC_REPRESENTATION_CONTEXT() REPRESENTATION_CONTEXT('2D SPACE',''
  ) );
#2745 = PCURVE('',#760,#2746);
#2746 = DEFINITIONAL_REPRESENTATION('',(#2747),#2751);
#2747 = LINE('',#2748,#2749);
#2748 = CARTESIAN_POINT('',(0.,0.));
#2749 = VECTOR('',#2750,1.);
#2750 = DIRECTION('',(0.,1.));
#2751 = ( GEOMETRIC_REPRESENTATION_CONTEXT(2) 
PARAMETRIC_REPRESENTATION_CONTEXT() REPRESENTATION_CONTEXT('2D SPACE',''
  ) );
#2752 = ORIENTED_EDGE('',*,*,#721,.T.);
#2753 = ORIENTED_EDGE('',*,*,#2754,.T.);
#2754 = EDGE_CURVE('',#701,#22,#2755,.T.);
#2755 = SURFACE_CURVE('',#2756,(#2760,#2767),.PCURVE_S1.);
#2756 = LINE('',#2757,#2758);
#2757 = CARTESIAN_POINT('',(-42.5,63.,3.));
#2758 = VECTOR('',#2759,1.);
#2759 = DIRECTION('',(-1.,0.,0.));
#2760 = PCURVE('',#45,#2761);
#2761 = DEFINITIONAL_REPRESENTATION('',(#2762),#2766);
#2762 = LINE('',#2763,#2764);
#2763 = CARTESIAN_POINT('',(-42.5,63.));
#2764 = VECTOR('',#2765,1.);
#2765 = DIRECTION('',(-1.,0.));
#2766 = ( GEOMETRIC_REPRESENTATION_CONTEXT(2) 
PARAMETRIC_REPRESENTATION_CONTEXT() REPRESENTATION_CONTEXT('2D SPACE',''
  ) );
#2767 = PCURVE('',#72,#2768);
#2768 = DEFINITIONAL_REPRESENTATION('',(#2769),#2772);
#2769 = B_SPLINE_CURVE_WITH_KNOTS('',1,(#2770,#2771),.UNSPECIFIED.,.F.,
  .F.,(2,2),(-116.5,31.5),.PIECEWISE_BEZIER_KNOTS.);
#2770 = CARTESIAN_POINT('',(5.,159.));
#2771 = CARTESIAN_POINT('',(5.,11.));
#2772 = ( GEOMETRIC_REPRESENTATION_CONTEXT(2) 
PARAMETRIC_REPRESENTATION_CONTEXT() REPRESENTATION_CONTEXT('2D SPACE',''
  ) );
#2773 = ORIENTED_EDGE('',*,*,#21,.T.);
#2774 = ORIENTED_EDGE('',*,*,#2775,.T.);
#2775 = EDGE_CURVE('',#24,#2776,#2778,.T.);
#2776 = VERTEX_POINT('',#2777);
#2777 = CARTESIAN_POINT('',(-62.83587988004,39.165063509461,3.));
#2778 = SURFACE_CURVE('',#2779,(#2783,#2790),.PCURVE_S1.);
#2779 = LINE('',#2780,#2781);
#2780 = CARTESIAN_POINT('',(-56.77370205355,35.665063509461,3.));
#2781 = VECTOR('',#2782,1.);
#2782 = DIRECTION('',(-0.866025403784,0.5,0.));
#2783 = PCURVE('',#45,#2784);
#2784 = DEFINITIONAL_REPRESENTATION('',(#2785),#2789);
#2785 = LINE('',#2786,#2787);
#2786 = CARTESIAN_POINT('',(-56.77370205355,35.665063509461));
#2787 = VECTOR('',#2788,1.);
#2788 = DIRECTION('',(-0.866025403784,0.5));
#2789 = ( GEOMETRIC_REPRESENTATION_CONTEXT(2) 
PARAMETRIC_REPRESENTATION_CONTEXT() REPRESENTATION_CONTEXT('2D SPACE',''
  ) );
#2790 = PCURVE('',#1276,#2791);
#2791 = DEFINITIONAL_REPRESENTATION('',(#2792),#2796);
#2792 = LINE('',#2793,#2794);
#2793 = CARTESIAN_POINT('',(0.,0.));
#2794 = VECTOR('',#2795,1.);
#2795 = DIRECTION('',(0.,1.));
#2796 = ( GEOMETRIC_REPRESENTATION_CONTEXT(2) 
PARAMETRIC_REPRESENTATION_CONTEXT() REPRESENTATION_CONTEXT('2D SPACE',''
  ) );
#2797 = ORIENTED_EDGE('',*,*,#2798,.F.);
#2798 = EDGE_CURVE('',#2799,#2776,#2801,.T.);
#2799 = VERTEX_POINT('',#2800);
#2800 = CARTESIAN_POINT('',(-65.33587988004,34.834936490539,3.));
#2801 = SURFACE_CURVE('',#2802,(#2806,#2813),.PCURVE_S1.);
#2802 = LINE('',#2803,#2804);
#2803 = CARTESIAN_POINT('',(-65.33587988004,34.834936490539,3.));
#2804 = VECTOR('',#2805,1.);
#2805 = DIRECTION('',(0.5,0.866025403784,0.));
#2806 = PCURVE('',#45,#2807);
#2807 = DEFINITIONAL_REPRESENTATION('',(#2808),#2812);
#2808 = LINE('',#2809,#2810);
#2809 = CARTESIAN_POINT('',(-65.33587988004,34.834936490539));
#2810 = VECTOR('',#2811,1.);
#2811 = DIRECTION('',(0.5,0.866025403784));
#2812 = ( GEOMETRIC_REPRESENTATION_CONTEXT(2) 
PARAMETRIC_REPRESENTATION_CONTEXT() REPRESENTATION_CONTEXT('2D SPACE',''
  ) );
#2813 = PCURVE('',#2814,#2819);
#2814 = PLANE('',#2815);
#2815 = AXIS2_PLACEMENT_3D('',#2816,#2817,#2818);
#2816 = CARTESIAN_POINT('',(-62.83587988004,39.165063509461,3.));
#2817 = DIRECTION('',(-0.866025403784,0.5,0.));
#2818 = DIRECTION('',(0.,0.,1.));
#2819 = DEFINITIONAL_REPRESENTATION('',(#2820),#2824);
#2820 = LINE('',#2821,#2822);
#2821 = CARTESIAN_POINT('',(0.,-5.));
#2822 = VECTOR('',#2823,1.);
#2823 = DIRECTION('',(0.,1.));
#2824 = ( GEOMETRIC_REPRESENTATION_CONTEXT(2) 
PARAMETRIC_REPRESENTATION_CONTEXT() REPRESENTATION_CONTEXT('2D SPACE',''
  ) );
#2825 = ORIENTED_EDGE('',*,*,#2826,.F.);
#2826 = EDGE_CURVE('',#1148,#2799,#2827,.T.);
#2827 = SURFACE_CURVE('',#2828,(#2832,#2839),.PCURVE_S1.);
#2828 = LINE('',#2829,#2830);
#2829 = CARTESIAN_POINT('',(-59.27370205355,31.334936490539,3.));
#2830 = VECTOR('',#2831,1.);
#2831 = DIRECTION('',(-0.866025403784,0.5,0.));
#2832 = PCURVE('',#45,#2833);
#2833 = DEFINITIONAL_REPRESENTATION('',(#2834),#2838);
#2834 = LINE('',#2835,#2836);
#2835 = CARTESIAN_POINT('',(-59.27370205355,31.334936490539));
#2836 = VECTOR('',#2837,1.);
#2837 = DIRECTION('',(-0.866025403784,0.5));
#2838 = ( GEOMETRIC_REPRESENTATION_CONTEXT(2) 
PARAMETRIC_REPRESENTATION_CONTEXT() REPRESENTATION_CONTEXT('2D SPACE',''
  ) );
#2839 = PCURVE('',#1186,#2840);
#2840 = DEFINITIONAL_REPRESENTATION('',(#2841),#2845);
#2841 = LINE('',#2842,#2843);
#2842 = CARTESIAN_POINT('',(0.,0.));
#2843 = VECTOR('',#2844,1.);
#2844 = DIRECTION('',(0.,1.));
#2845 = ( GEOMETRIC_REPRESENTATION_CONTEXT(2) 
PARAMETRIC_REPRESENTATION_CONTEXT() REPRESENTATION_CONTEXT('2D SPACE',''
  ) );
#2846 = ORIENTED_EDGE('',*,*,#1147,.T.);
#2847 = ORIENTED_EDGE('',*,*,#2848,.T.);
#2848 = EDGE_CURVE('',#1122,#2849,#2851,.T.);
#2849 = VERTEX_POINT('',#2850);
#2850 = CARTESIAN_POINT('',(-65.33587988004,-34.83493649053,3.));
#2851 = SURFACE_CURVE('',#2852,(#2856,#2863),.PCURVE_S1.);
#2852 = LINE('',#2853,#2854);
#2853 = CARTESIAN_POINT('',(-59.27370205355,-31.33493649053,3.));
#2854 = VECTOR('',#2855,1.);
#2855 = DIRECTION('',(-0.866025403784,-0.5,0.));
#2856 = PCURVE('',#45,#2857);
#2857 = DEFINITIONAL_REPRESENTATION('',(#2858),#2862);
#2858 = LINE('',#2859,#2860);
#2859 = CARTESIAN_POINT('',(-59.27370205355,-31.33493649053));
#2860 = VECTOR('',#2861,1.);
#2861 = DIRECTION('',(-0.866025403784,-0.5));
#2862 = ( GEOMETRIC_REPRESENTATION_CONTEXT(2) 
PARAMETRIC_REPRESENTATION_CONTEXT() REPRESENTATION_CONTEXT('2D SPACE',''
  ) );
#2863 = PCURVE('',#1136,#2864);
#2864 = DEFINITIONAL_REPRESENTATION('',(#2865),#2869);
#2865 = LINE('',#2866,#2867);
#2866 = CARTESIAN_POINT('',(0.,0.));
#2867 = VECTOR('',#2868,1.);
#2868 = DIRECTION('',(0.,1.));
#2869 = ( GEOMETRIC_REPRESENTATION_CONTEXT(2) 
PARAMETRIC_REPRESENTATION_CONTEXT() REPRESENTATION_CONTEXT('2D SPACE',''
  ) );
#2870 = ORIENTED_EDGE('',*,*,#2871,.F.);
#2871 = EDGE_CURVE('',#2872,#2849,#2874,.T.);
#2872 = VERTEX_POINT('',#2873);
#2873 = CARTESIAN_POINT('',(-62.83587988004,-39.16506350946,3.));
#2874 = SURFACE_CURVE('',#2875,(#2879,#2886),.PCURVE_S1.);
#2875 = LINE('',#2876,#2877);
#2876 = CARTESIAN_POINT('',(-62.83587988004,-39.16506350946,3.));
#2877 = VECTOR('',#2878,1.);
#2878 = DIRECTION('',(-0.5,0.866025403784,0.));
#2879 = PCURVE('',#45,#2880);
#2880 = DEFINITIONAL_REPRESENTATION('',(#2881),#2885);
#2881 = LINE('',#2882,#2883);
#2882 = CARTESIAN_POINT('',(-62.83587988004,-39.16506350946));
#2883 = VECTOR('',#2884,1.);
#2884 = DIRECTION('',(-0.5,0.866025403784));
#2885 = ( GEOMETRIC_REPRESENTATION_CONTEXT(2) 
PARAMETRIC_REPRESENTATION_CONTEXT() REPRESENTATION_CONTEXT('2D SPACE',''
  ) );
#2886 = PCURVE('',#2887,#2892);
#2887 = PLANE('',#2888);
#2888 = AXIS2_PLACEMENT_3D('',#2889,#2890,#2891);
#2889 = CARTESIAN_POINT('',(-65.33587988004,-34.83493649053,3.));
#2890 = DIRECTION('',(-0.866025403784,-0.5,0.));
#2891 = DIRECTION('',(0.,0.,1.));
#2892 = DEFINITIONAL_REPRESENTATION('',(#2893),#2897);
#2893 = LINE('',#2894,#2895);
#2894 = CARTESIAN_POINT('',(0.,-5.));
#2895 = VECTOR('',#2896,1.);
#2896 = DIRECTION('',(0.,1.));
#2897 = ( GEOMETRIC_REPRESENTATION_CONTEXT(2) 
PARAMETRIC_REPRESENTATION_CONTEXT() REPRESENTATION_CONTEXT('2D SPACE',''
  ) );
#2898 = ORIENTED_EDGE('',*,*,#2899,.F.);
#2899 = EDGE_CURVE('',#1006,#2872,#2900,.T.);
#2900 = SURFACE_CURVE('',#2901,(#2905,#2912),.PCURVE_S1.);
#2901 = LINE('',#2902,#2903);
#2902 = CARTESIAN_POINT('',(-56.77370205355,-35.66506350946,3.));
#2903 = VECTOR('',#2904,1.);
#2904 = DIRECTION('',(-0.866025403784,-0.5,0.));
#2905 = PCURVE('',#45,#2906);
#2906 = DEFINITIONAL_REPRESENTATION('',(#2907),#2911);
#2907 = LINE('',#2908,#2909);
#2908 = CARTESIAN_POINT('',(-56.77370205355,-35.66506350946));
#2909 = VECTOR('',#2910,1.);
#2910 = DIRECTION('',(-0.866025403784,-0.5));
#2911 = ( GEOMETRIC_REPRESENTATION_CONTEXT(2) 
PARAMETRIC_REPRESENTATION_CONTEXT() REPRESENTATION_CONTEXT('2D SPACE',''
  ) );
#2912 = PCURVE('',#1044,#2913);
#2913 = DEFINITIONAL_REPRESENTATION('',(#2914),#2918);
#2914 = LINE('',#2915,#2916);
#2915 = CARTESIAN_POINT('',(0.,0.));
#2916 = VECTOR('',#2917,1.);
#2917 = DIRECTION('',(0.,1.));
#2918 = ( GEOMETRIC_REPRESENTATION_CONTEXT(2) 
PARAMETRIC_REPRESENTATION_CONTEXT() REPRESENTATION_CONTEXT('2D SPACE',''
  ) );
#2919 = ORIENTED_EDGE('',*,*,#1005,.T.);
#2920 = ORIENTED_EDGE('',*,*,#2921,.T.);
#2921 = EDGE_CURVE('',#980,#2922,#2924,.T.);
#2922 = VERTEX_POINT('',#2923);
#2923 = CARTESIAN_POINT('',(62.835879880048,-39.16506350946,3.));
#2924 = SURFACE_CURVE('',#2925,(#2929,#2936),.PCURVE_S1.);
#2925 = LINE('',#2926,#2927);
#2926 = CARTESIAN_POINT('',(56.773702053557,-35.66506350946,3.));
#2927 = VECTOR('',#2928,1.);
#2928 = DIRECTION('',(0.866025403784,-0.5,0.));
#2929 = PCURVE('',#45,#2930);
#2930 = DEFINITIONAL_REPRESENTATION('',(#2931),#2935);
#2931 = LINE('',#2932,#2933);
#2932 = CARTESIAN_POINT('',(56.773702053557,-35.66506350946));
#2933 = VECTOR('',#2934,1.);
#2934 = DIRECTION('',(0.866025403784,-0.5));
#2935 = ( GEOMETRIC_REPRESENTATION_CONTEXT(2) 
PARAMETRIC_REPRESENTATION_CONTEXT() REPRESENTATION_CONTEXT('2D SPACE',''
  ) );
#2936 = PCURVE('',#994,#2937);
#2937 = DEFINITIONAL_REPRESENTATION('',(#2938),#2942);
#2938 = LINE('',#2939,#2940);
#2939 = CARTESIAN_POINT('',(0.,0.));
#2940 = VECTOR('',#2941,1.);
#2941 = DIRECTION('',(0.,1.));
#2942 = ( GEOMETRIC_REPRESENTATION_CONTEXT(2) 
PARAMETRIC_REPRESENTATION_CONTEXT() REPRESENTATION_CONTEXT('2D SPACE',''
  ) );
#2943 = ORIENTED_EDGE('',*,*,#2944,.F.);
#2944 = EDGE_CURVE('',#2945,#2922,#2947,.T.);
#2945 = VERTEX_POINT('',#2946);
#2946 = CARTESIAN_POINT('',(65.335879880048,-34.83493649053,3.));
#2947 = SURFACE_CURVE('',#2948,(#2952,#2959),.PCURVE_S1.);
#2948 = LINE('',#2949,#2950);
#2949 = CARTESIAN_POINT('',(65.335879880048,-34.83493649053,3.));
#2950 = VECTOR('',#2951,1.);
#2951 = DIRECTION('',(-0.5,-0.866025403784,0.));
#2952 = PCURVE('',#45,#2953);
#2953 = DEFINITIONAL_REPRESENTATION('',(#2954),#2958);
#2954 = LINE('',#2955,#2956);
#2955 = CARTESIAN_POINT('',(65.335879880048,-34.83493649053));
#2956 = VECTOR('',#2957,1.);
#2957 = DIRECTION('',(-0.5,-0.866025403784));
#2958 = ( GEOMETRIC_REPRESENTATION_CONTEXT(2) 
PARAMETRIC_REPRESENTATION_CONTEXT() REPRESENTATION_CONTEXT('2D SPACE',''
  ) );
#2959 = PCURVE('',#2960,#2965);
#2960 = PLANE('',#2961);
#2961 = AXIS2_PLACEMENT_3D('',#2962,#2963,#2964);
#2962 = CARTESIAN_POINT('',(62.835879880048,-39.16506350946,3.));
#2963 = DIRECTION('',(0.866025403784,-0.5,0.));
#2964 = DIRECTION('',(0.,0.,1.));
#2965 = DEFINITIONAL_REPRESENTATION('',(#2966),#2970);
#2966 = LINE('',#2967,#2968);
#2967 = CARTESIAN_POINT('',(0.,-5.));
#2968 = VECTOR('',#2969,1.);
#2969 = DIRECTION('',(0.,1.));
#2970 = ( GEOMETRIC_REPRESENTATION_CONTEXT(2) 
PARAMETRIC_REPRESENTATION_CONTEXT() REPRESENTATION_CONTEXT('2D SPACE',''
  ) );
#2971 = ORIENTED_EDGE('',*,*,#2972,.F.);
#2972 = EDGE_CURVE('',#864,#2945,#2973,.T.);
#2973 = SURFACE_CURVE('',#2974,(#2978,#2985),.PCURVE_S1.);
#2974 = LINE('',#2975,#2976);
#2975 = CARTESIAN_POINT('',(59.273702053557,-31.33493649053,3.));
#2976 = VECTOR('',#2977,1.);
#2977 = DIRECTION('',(0.866025403784,-0.5,0.));
#2978 = PCURVE('',#45,#2979);
#2979 = DEFINITIONAL_REPRESENTATION('',(#2980),#2984);
#2980 = LINE('',#2981,#2982);
#2981 = CARTESIAN_POINT('',(59.273702053557,-31.33493649053));
#2982 = VECTOR('',#2983,1.);
#2983 = DIRECTION('',(0.866025403784,-0.5));
#2984 = ( GEOMETRIC_REPRESENTATION_CONTEXT(2) 
PARAMETRIC_REPRESENTATION_CONTEXT() REPRESENTATION_CONTEXT('2D SPACE',''
  ) );
#2985 = PCURVE('',#902,#2986);
#2986 = DEFINITIONAL_REPRESENTATION('',(#2987),#2991);
#2987 = LINE('',#2988,#2989);
#2988 = CARTESIAN_POINT('',(0.,0.));
#2989 = VECTOR('',#2990,1.);
#2990 = DIRECTION('',(0.,1.));
#2991 = ( GEOMETRIC_REPRESENTATION_CONTEXT(2) 
PARAMETRIC_REPRESENTATION_CONTEXT() REPRESENTATION_CONTEXT('2D SPACE',''
  ) );
#2992 = ORIENTED_EDGE('',*,*,#863,.T.);
#2993 = ORIENTED_EDGE('',*,*,#2994,.T.);
#2994 = EDGE_CURVE('',#838,#2995,#2997,.T.);
#2995 = VERTEX_POINT('',#2996);
#2996 = CARTESIAN_POINT('',(65.335879880048,34.834936490539,3.));
#2997 = SURFACE_CURVE('',#2998,(#3002,#3009),.PCURVE_S1.);
#2998 = LINE('',#2999,#3000);
#2999 = CARTESIAN_POINT('',(59.273702053557,31.334936490539,3.));
#3000 = VECTOR('',#3001,1.);
#3001 = DIRECTION('',(0.866025403784,0.5,0.));
#3002 = PCURVE('',#45,#3003);
#3003 = DEFINITIONAL_REPRESENTATION('',(#3004),#3008);
#3004 = LINE('',#3005,#3006);
#3005 = CARTESIAN_POINT('',(59.273702053557,31.334936490539));
#3006 = VECTOR('',#3007,1.);
#3007 = DIRECTION('',(0.866025403784,0.5));
#3008 = ( GEOMETRIC_REPRESENTATION_CONTEXT(2) 
PARAMETRIC_REPRESENTATION_CONTEXT() REPRESENTATION_CONTEXT('2D SPACE',''
  ) );
#3009 = PCURVE('',#852,#3010);
#3010 = DEFINITIONAL_REPRESENTATION('',(#3011),#3015);
#3011 = LINE('',#3012,#3013);
#3012 = CARTESIAN_POINT('',(0.,0.));
#3013 = VECTOR('',#3014,1.);
#3014 = DIRECTION('',(0.,1.));
#3015 = ( GEOMETRIC_REPRESENTATION_CONTEXT(2) 
PARAMETRIC_REPRESENTATION_CONTEXT() REPRESENTATION_CONTEXT('2D SPACE',''
  ) );
#3016 = ORIENTED_EDGE('',*,*,#3017,.F.);
#3017 = EDGE_CURVE('',#2731,#2995,#3018,.T.);
#3018 = SURFACE_CURVE('',#3019,(#3023,#3030),.PCURVE_S1.);
#3019 = LINE('',#3020,#3021);
#3020 = CARTESIAN_POINT('',(62.835879880048,39.165063509461,3.));
#3021 = VECTOR('',#3022,1.);
#3022 = DIRECTION('',(0.5,-0.866025403784,0.));
#3023 = PCURVE('',#45,#3024);
#3024 = DEFINITIONAL_REPRESENTATION('',(#3025),#3029);
#3025 = LINE('',#3026,#3027);
#3026 = CARTESIAN_POINT('',(62.835879880048,39.165063509461));
#3027 = VECTOR('',#3028,1.);
#3028 = DIRECTION('',(0.5,-0.866025403784));
#3029 = ( GEOMETRIC_REPRESENTATION_CONTEXT(2) 
PARAMETRIC_REPRESENTATION_CONTEXT() REPRESENTATION_CONTEXT('2D SPACE',''
  ) );
#3030 = PCURVE('',#3031,#3036);
#3031 = PLANE('',#3032);
#3032 = AXIS2_PLACEMENT_3D('',#3033,#3034,#3035);
#3033 = CARTESIAN_POINT('',(65.335879880048,34.834936490539,3.));
#3034 = DIRECTION('',(0.866025403784,0.5,0.));
#3035 = DIRECTION('',(0.,0.,1.));
#3036 = DEFINITIONAL_REPRESENTATION('',(#3037),#3041);
#3037 = LINE('',#3038,#3039);
#3038 = CARTESIAN_POINT('',(0.,-5.));
#3039 = VECTOR('',#3040,1.);
#3040 = DIRECTION('',(0.,1.));
#3041 = ( GEOMETRIC_REPRESENTATION_CONTEXT(2) 
PARAMETRIC_REPRESENTATION_CONTEXT() REPRESENTATION_CONTEXT('2D SPACE',''
  ) );
#3042 = FACE_BOUND('',#3043,.F.);
#3043 = EDGE_LOOP('',(#3044));
#3044 = ORIENTED_EDGE('',*,*,#3045,.F.);
#3045 = EDGE_CURVE('',#3046,#3046,#3048,.T.);
#3046 = VERTEX_POINT('',#3047);
#3047 = CARTESIAN_POINT('',(-55.92370205355,-33.5,3.));
#3048 = SURFACE_CURVE('',#3049,(#3054,#3061),.PCURVE_S1.);
#3049 = CIRCLE('',#3050,2.1);
#3050 = AXIS2_PLACEMENT_3D('',#3051,#3052,#3053);
#3051 = CARTESIAN_POINT('',(-58.02370205355,-33.5,3.));
#3052 = DIRECTION('',(0.,0.,1.));
#3053 = DIRECTION('',(1.,0.,0.));
#3054 = PCURVE('',#45,#3055);
#3055 = DEFINITIONAL_REPRESENTATION('',(#3056),#3060);
#3056 = CIRCLE('',#3057,2.1);
#3057 = AXIS2_PLACEMENT_2D('',#3058,#3059);
#3058 = CARTESIAN_POINT('',(-58.02370205355,-33.5));
#3059 = DIRECTION('',(1.,0.));
#3060 = ( GEOMETRIC_REPRESENTATION_CONTEXT(2) 
PARAMETRIC_REPRESENTATION_CONTEXT() REPRESENTATION_CONTEXT('2D SPACE',''
  ) );
#3061 = PCURVE('',#3062,#3067);
#3062 = CYLINDRICAL_SURFACE('',#3063,2.1);
#3063 = AXIS2_PLACEMENT_3D('',#3064,#3065,#3066);
#3064 = CARTESIAN_POINT('',(-58.02370205355,-33.5,3.));
#3065 = DIRECTION('',(-0.,-0.,-1.));
#3066 = DIRECTION('',(1.,0.,0.));
#3067 = DEFINITIONAL_REPRESENTATION('',(#3068),#3072);
#3068 = LINE('',#3069,#3070);
#3069 = CARTESIAN_POINT('',(-0.,0.));
#3070 = VECTOR('',#3071,1.);
#3071 = DIRECTION('',(-1.,0.));
#3072 = ( GEOMETRIC_REPRESENTATION_CONTEXT(2) 
PARAMETRIC_REPRESENTATION_CONTEXT() REPRESENTATION_CONTEXT('2D SPACE',''
  ) );
#3073 = FACE_BOUND('',#3074,.F.);
#3074 = EDGE_LOOP('',(#3075));
#3075 = ORIENTED_EDGE('',*,*,#3076,.F.);
#3076 = EDGE_CURVE('',#3077,#3077,#3079,.T.);
#3077 = VERTEX_POINT('',#3078);
#3078 = CARTESIAN_POINT('',(60.123702053557,-33.5,3.));
#3079 = SURFACE_CURVE('',#3080,(#3085,#3092),.PCURVE_S1.);
#3080 = CIRCLE('',#3081,2.1);
#3081 = AXIS2_PLACEMENT_3D('',#3082,#3083,#3084);
#3082 = CARTESIAN_POINT('',(58.023702053557,-33.5,3.));
#3083 = DIRECTION('',(0.,0.,1.));
#3084 = DIRECTION('',(1.,0.,0.));
#3085 = PCURVE('',#45,#3086);
#3086 = DEFINITIONAL_REPRESENTATION('',(#3087),#3091);
#3087 = CIRCLE('',#3088,2.1);
#3088 = AXIS2_PLACEMENT_2D('',#3089,#3090);
#3089 = CARTESIAN_POINT('',(58.023702053557,-33.5));
#3090 = DIRECTION('',(1.,0.));
#3091 = ( GEOMETRIC_REPRESENTATION_CONTEXT(2) 
PARAMETRIC_REPRESENTATION_CONTEXT() REPRESENTATION_CONTEXT('2D SPACE',''
  ) );
#3092 = PCURVE('',#3093,#3098);
#3093 = CYLINDRICAL_SURFACE('',#3094,2.1);
#3094 = AXIS2_PLACEMENT_3D('',#3095,#3096,#3097);
#3095 = CARTESIAN_POINT('',(58.023702053557,-33.5,3.));
#3096 = DIRECTION('',(-0.,-0.,-1.));
#3097 = DIRECTION('',(1.,0.,0.));
#3098 = DEFINITIONAL_REPRESENTATION('',(#3099),#3103);
#3099 = LINE('',#3100,#3101);
#3100 = CARTESIAN_POINT('',(-0.,0.));
#3101 = VECTOR('',#3102,1.);
#3102 = DIRECTION('',(-1.,0.));
#3103 = ( GEOMETRIC_REPRESENTATION_CONTEXT(2) 
PARAMETRIC_REPRESENTATION_CONTEXT() REPRESENTATION_CONTEXT('2D SPACE',''
  ) );
#3104 = FACE_BOUND('',#3105,.F.);
#3105 = EDGE_LOOP('',(#3106));
#3106 = ORIENTED_EDGE('',*,*,#3107,.F.);
#3107 = EDGE_CURVE('',#3108,#3108,#3110,.T.);
#3108 = VERTEX_POINT('',#3109);
#3109 = CARTESIAN_POINT('',(-55.92370205355,33.5,3.));
#3110 = SURFACE_CURVE('',#3111,(#3116,#3123),.PCURVE_S1.);
#3111 = CIRCLE('',#3112,2.1);
#3112 = AXIS2_PLACEMENT_3D('',#3113,#3114,#3115);
#3113 = CARTESIAN_POINT('',(-58.02370205355,33.5,3.));
#3114 = DIRECTION('',(0.,0.,1.));
#3115 = DIRECTION('',(1.,0.,0.));
#3116 = PCURVE('',#45,#3117);
#3117 = DEFINITIONAL_REPRESENTATION('',(#3118),#3122);
#3118 = CIRCLE('',#3119,2.1);
#3119 = AXIS2_PLACEMENT_2D('',#3120,#3121);
#3120 = CARTESIAN_POINT('',(-58.02370205355,33.5));
#3121 = DIRECTION('',(1.,0.));
#3122 = ( GEOMETRIC_REPRESENTATION_CONTEXT(2) 
PARAMETRIC_REPRESENTATION_CONTEXT() REPRESENTATION_CONTEXT('2D SPACE',''
  ) );
#3123 = PCURVE('',#3124,#3129);
#3124 = CYLINDRICAL_SURFACE('',#3125,2.1);
#3125 = AXIS2_PLACEMENT_3D('',#3126,#3127,#3128);
#3126 = CARTESIAN_POINT('',(-58.02370205355,33.5,3.));
#3127 = DIRECTION('',(-0.,-0.,-1.));
#3128 = DIRECTION('',(1.,0.,0.));
#3129 = DEFINITIONAL_REPRESENTATION('',(#3130),#3134);
#3130 = LINE('',#3131,#3132);
#3131 = CARTESIAN_POINT('',(-0.,0.));
#3132 = VECTOR('',#3133,1.);
#3133 = DIRECTION('',(-1.,0.));
#3134 = ( GEOMETRIC_REPRESENTATION_CONTEXT(2) 
PARAMETRIC_REPRESENTATION_CONTEXT() REPRESENTATION_CONTEXT('2D SPACE',''
  ) );
#3135 = FACE_BOUND('',#3136,.F.);
#3136 = EDGE_LOOP('',(#3137,#3168,#3201,#3230,#3258,#3291,#3319,#3352,
    #3380,#3407));
#3137 = ORIENTED_EDGE('',*,*,#3138,.T.);
#3138 = EDGE_CURVE('',#3139,#3141,#3143,.T.);
#3139 = VERTEX_POINT('',#3140);
#3140 = CARTESIAN_POINT('',(59.885875948928,38.140291842482,3.));
#3141 = VERTEX_POINT('',#3142);
#3142 = CARTESIAN_POINT('',(62.973399617805,32.792543978414,3.));
#3143 = SURFACE_CURVE('',#3144,(#3149,#3156),.PCURVE_S1.);
#3144 = CIRCLE('',#3145,5.);
#3145 = AXIS2_PLACEMENT_3D('',#3146,#3147,#3148);
#3146 = CARTESIAN_POINT('',(58.023702053557,33.5,3.));
#3147 = DIRECTION('',(0.,0.,1.));
#3148 = DIRECTION('',(1.,0.,0.));
#3149 = PCURVE('',#45,#3150);
#3150 = DEFINITIONAL_REPRESENTATION('',(#3151),#3155);
#3151 = CIRCLE('',#3152,5.);
#3152 = AXIS2_PLACEMENT_2D('',#3153,#3154);
#3153 = CARTESIAN_POINT('',(58.023702053557,33.5));
#3154 = DIRECTION('',(1.,0.));
#3155 = ( GEOMETRIC_REPRESENTATION_CONTEXT(2) 
PARAMETRIC_REPRESENTATION_CONTEXT() REPRESENTATION_CONTEXT('2D SPACE',''
  ) );
#3156 = PCURVE('',#3157,#3162);
#3157 = CYLINDRICAL_SURFACE('',#3158,5.);
#3158 = AXIS2_PLACEMENT_3D('',#3159,#3160,#3161);
#3159 = CARTESIAN_POINT('',(58.023702053557,33.5,3.));
#3160 = DIRECTION('',(-0.,-0.,-1.));
#3161 = DIRECTION('',(1.,0.,0.));
#3162 = DEFINITIONAL_REPRESENTATION('',(#3163),#3167);
#3163 = LINE('',#3164,#3165);
#3164 = CARTESIAN_POINT('',(-0.,0.));
#3165 = VECTOR('',#3166,1.);
#3166 = DIRECTION('',(-1.,0.));
#3167 = ( GEOMETRIC_REPRESENTATION_CONTEXT(2) 
PARAMETRIC_REPRESENTATION_CONTEXT() REPRESENTATION_CONTEXT('2D SPACE',''
  ) );
#3168 = ORIENTED_EDGE('',*,*,#3169,.T.);
#3169 = EDGE_CURVE('',#3141,#3170,#3172,.T.);
#3170 = VERTEX_POINT('',#3171);
#3171 = CARTESIAN_POINT('',(62.973399617805,-32.79254397841,3.));
#3172 = SURFACE_CURVE('',#3173,(#3178,#3189),.PCURVE_S1.);
#3173 = CIRCLE('',#3174,71.);
#3174 = AXIS2_PLACEMENT_3D('',#3175,#3176,#3177);
#3175 = CARTESIAN_POINT('',(0.,0.,3.));
#3176 = DIRECTION('',(0.,0.,-1.));
#3177 = DIRECTION('',(1.,0.,0.));
#3178 = PCURVE('',#45,#3179);
#3179 = DEFINITIONAL_REPRESENTATION('',(#3180),#3188);
#3180 = ( BOUNDED_CURVE() B_SPLINE_CURVE(2,(#3181,#3182,#3183,#3184,
#3185,#3186,#3187),.UNSPECIFIED.,.T.,.F.) B_SPLINE_CURVE_WITH_KNOTS((1,2
    ,2,2,2,1),(-2.094395102393,0.,2.094395102393,4.188790204786,
6.28318530718,8.377580409573),.UNSPECIFIED.) CURVE() 
GEOMETRIC_REPRESENTATION_ITEM() RATIONAL_B_SPLINE_CURVE((1.,0.5,1.,0.5,
1.,0.5,1.)) REPRESENTATION_ITEM('') );
#3181 = CARTESIAN_POINT('',(71.,-6.440411965619E-15));
#3182 = CARTESIAN_POINT('',(71.,-122.9756073373));
#3183 = CARTESIAN_POINT('',(-35.5,-61.48780366869));
#3184 = CARTESIAN_POINT('',(-142.,-2.383039651351E-14));
#3185 = CARTESIAN_POINT('',(-35.5,61.487803668695));
#3186 = CARTESIAN_POINT('',(71.,122.97560733739));
#3187 = CARTESIAN_POINT('',(71.,-6.440411965619E-15));
#3188 = ( GEOMETRIC_REPRESENTATION_CONTEXT(2) 
PARAMETRIC_REPRESENTATION_CONTEXT() REPRESENTATION_CONTEXT('2D SPACE',''
  ) );
#3189 = PCURVE('',#3190,#3195);
#3190 = CYLINDRICAL_SURFACE('',#3191,71.);
#3191 = AXIS2_PLACEMENT_3D('',#3192,#3193,#3194);
#3192 = CARTESIAN_POINT('',(0.,0.,2.));
#3193 = DIRECTION('',(-0.,-0.,-1.));
#3194 = DIRECTION('',(1.,0.,0.));
#3195 = DEFINITIONAL_REPRESENTATION('',(#3196),#3200);
#3196 = LINE('',#3197,#3198);
#3197 = CARTESIAN_POINT('',(-12.56637061435,-1.));
#3198 = VECTOR('',#3199,1.);
#3199 = DIRECTION('',(1.,-0.));
#3200 = ( GEOMETRIC_REPRESENTATION_CONTEXT(2) 
PARAMETRIC_REPRESENTATION_CONTEXT() REPRESENTATION_CONTEXT('2D SPACE',''
  ) );
#3201 = ORIENTED_EDGE('',*,*,#3202,.T.);
#3202 = EDGE_CURVE('',#3170,#3203,#3205,.T.);
#3203 = VERTEX_POINT('',#3204);
#3204 = CARTESIAN_POINT('',(59.885875948928,-38.14029184248,3.));
#3205 = SURFACE_CURVE('',#3206,(#3211,#3218),.PCURVE_S1.);
#3206 = CIRCLE('',#3207,5.);
#3207 = AXIS2_PLACEMENT_3D('',#3208,#3209,#3210);
#3208 = CARTESIAN_POINT('',(58.023702053557,-33.5,3.));
#3209 = DIRECTION('',(0.,0.,1.));
#3210 = DIRECTION('',(1.,0.,0.));
#3211 = PCURVE('',#45,#3212);
#3212 = DEFINITIONAL_REPRESENTATION('',(#3213),#3217);
#3213 = CIRCLE('',#3214,5.);
#3214 = AXIS2_PLACEMENT_2D('',#3215,#3216);
#3215 = CARTESIAN_POINT('',(58.023702053557,-33.5));
#3216 = DIRECTION('',(1.,0.));
#3217 = ( GEOMETRIC_REPRESENTATION_CONTEXT(2) 
PARAMETRIC_REPRESENTATION_CONTEXT() REPRESENTATION_CONTEXT('2D SPACE',''
  ) );
#3218 = PCURVE('',#3219,#3224);
#3219 = CYLINDRICAL_SURFACE('',#3220,5.);
#3220 = AXIS2_PLACEMENT_3D('',#3221,#3222,#3223);
#3221 = CARTESIAN_POINT('',(58.023702053557,-33.5,3.));
#3222 = DIRECTION('',(-0.,-0.,-1.));
#3223 = DIRECTION('',(1.,0.,0.));
#3224 = DEFINITIONAL_REPRESENTATION('',(#3225),#3229);
#3225 = LINE('',#3226,#3227);
#3226 = CARTESIAN_POINT('',(-0.,0.));
#3227 = VECTOR('',#3228,1.);
#3228 = DIRECTION('',(-1.,0.));
#3229 = ( GEOMETRIC_REPRESENTATION_CONTEXT(2) 
PARAMETRIC_REPRESENTATION_CONTEXT() REPRESENTATION_CONTEXT('2D SPACE',''
  ) );
#3230 = ORIENTED_EDGE('',*,*,#3231,.T.);
#3231 = EDGE_CURVE('',#3203,#3232,#3234,.T.);
#3232 = VERTEX_POINT('',#3233);
#3233 = CARTESIAN_POINT('',(-59.88587594892,-38.14029184248,3.));
#3234 = SURFACE_CURVE('',#3235,(#3240,#3251),.PCURVE_S1.);
#3235 = CIRCLE('',#3236,71.);
#3236 = AXIS2_PLACEMENT_3D('',#3237,#3238,#3239);
#3237 = CARTESIAN_POINT('',(0.,0.,3.));
#3238 = DIRECTION('',(0.,0.,-1.));
#3239 = DIRECTION('',(1.,0.,0.));
#3240 = PCURVE('',#45,#3241);
#3241 = DEFINITIONAL_REPRESENTATION('',(#3242),#3250);
#3242 = ( BOUNDED_CURVE() B_SPLINE_CURVE(2,(#3243,#3244,#3245,#3246,
#3247,#3248,#3249),.UNSPECIFIED.,.T.,.F.) B_SPLINE_CURVE_WITH_KNOTS((1,2
    ,2,2,2,1),(-2.094395102393,0.,2.094395102393,4.188790204786,
6.28318530718,8.377580409573),.UNSPECIFIED.) CURVE() 
GEOMETRIC_REPRESENTATION_ITEM() RATIONAL_B_SPLINE_CURVE((1.,0.5,1.,0.5,
1.,0.5,1.)) REPRESENTATION_ITEM('') );
#3243 = CARTESIAN_POINT('',(71.,-6.440411965619E-15));
#3244 = CARTESIAN_POINT('',(71.,-122.9756073373));
#3245 = CARTESIAN_POINT('',(-35.5,-61.48780366869));
#3246 = CARTESIAN_POINT('',(-142.,-2.383039651351E-14));
#3247 = CARTESIAN_POINT('',(-35.5,61.487803668695));
#3248 = CARTESIAN_POINT('',(71.,122.97560733739));
#3249 = CARTESIAN_POINT('',(71.,-6.440411965619E-15));
#3250 = ( GEOMETRIC_REPRESENTATION_CONTEXT(2) 
PARAMETRIC_REPRESENTATION_CONTEXT() REPRESENTATION_CONTEXT('2D SPACE',''
  ) );
#3251 = PCURVE('',#3190,#3252);
#3252 = DEFINITIONAL_REPRESENTATION('',(#3253),#3257);
#3253 = LINE('',#3254,#3255);
#3254 = CARTESIAN_POINT('',(-12.56637061435,-1.));
#3255 = VECTOR('',#3256,1.);
#3256 = DIRECTION('',(1.,-0.));
#3257 = ( GEOMETRIC_REPRESENTATION_CONTEXT(2) 
PARAMETRIC_REPRESENTATION_CONTEXT() REPRESENTATION_CONTEXT('2D SPACE',''
  ) );
#3258 = ORIENTED_EDGE('',*,*,#3259,.F.);
#3259 = EDGE_CURVE('',#3260,#3232,#3262,.T.);
#3260 = VERTEX_POINT('',#3261);
#3261 = CARTESIAN_POINT('',(-62.9733996178,-32.79254397841,3.));
#3262 = SURFACE_CURVE('',#3263,(#3268,#3279),.PCURVE_S1.);
#3263 = CIRCLE('',#3264,5.);
#3264 = AXIS2_PLACEMENT_3D('',#3265,#3266,#3267);
#3265 = CARTESIAN_POINT('',(-58.02370205355,-33.5,3.));
#3266 = DIRECTION('',(0.,0.,-1.));
#3267 = DIRECTION('',(-0.98993951285,0.141491204317,0.));
#3268 = PCURVE('',#45,#3269);
#3269 = DEFINITIONAL_REPRESENTATION('',(#3270),#3278);
#3270 = ( BOUNDED_CURVE() B_SPLINE_CURVE(2,(#3271,#3272,#3273,#3274,
#3275,#3276,#3277),.UNSPECIFIED.,.T.,.F.) B_SPLINE_CURVE_WITH_KNOTS((1,2
    ,2,2,2,1),(-2.094395102393,0.,2.094395102393,4.188790204786,
6.28318530718,8.377580409573),.UNSPECIFIED.) CURVE() 
GEOMETRIC_REPRESENTATION_ITEM() RATIONAL_B_SPLINE_CURVE((1.,0.5,1.,0.5,
1.,0.5,1.)) REPRESENTATION_ITEM('') );
#3271 = CARTESIAN_POINT('',(-62.9733996178,-32.79254397841));
#3272 = CARTESIAN_POINT('',(-61.74804984429,-24.21941631503));
#3273 = CARTESIAN_POINT('',(-54.93617838468,-29.5671641791));
#3274 = CARTESIAN_POINT('',(-48.12430692506,-34.91491204317));
#3275 = CARTESIAN_POINT('',(-56.16152815818,-38.14029184248));
#3276 = CARTESIAN_POINT('',(-64.19874939131,-41.36567164179));
#3277 = CARTESIAN_POINT('',(-62.9733996178,-32.79254397841));
#3278 = ( GEOMETRIC_REPRESENTATION_CONTEXT(2) 
PARAMETRIC_REPRESENTATION_CONTEXT() REPRESENTATION_CONTEXT('2D SPACE',''
  ) );
#3279 = PCURVE('',#3280,#3285);
#3280 = CYLINDRICAL_SURFACE('',#3281,5.);
#3281 = AXIS2_PLACEMENT_3D('',#3282,#3283,#3284);
#3282 = CARTESIAN_POINT('',(-58.02370205355,-33.5,3.));
#3283 = DIRECTION('',(-0.,-0.,-1.));
#3284 = DIRECTION('',(1.,0.,0.));
#3285 = DEFINITIONAL_REPRESENTATION('',(#3286),#3290);
#3286 = LINE('',#3287,#3288);
#3287 = CARTESIAN_POINT('',(-9.282810348594,0.));
#3288 = VECTOR('',#3289,1.);
#3289 = DIRECTION('',(1.,-0.));
#3290 = ( GEOMETRIC_REPRESENTATION_CONTEXT(2) 
PARAMETRIC_REPRESENTATION_CONTEXT() REPRESENTATION_CONTEXT('2D SPACE',''
  ) );
#3291 = ORIENTED_EDGE('',*,*,#3292,.T.);
#3292 = EDGE_CURVE('',#3260,#3293,#3295,.T.);
#3293 = VERTEX_POINT('',#3294);
#3294 = CARTESIAN_POINT('',(-62.9733996178,32.792543978414,3.));
#3295 = SURFACE_CURVE('',#3296,(#3301,#3312),.PCURVE_S1.);
#3296 = CIRCLE('',#3297,71.);
#3297 = AXIS2_PLACEMENT_3D('',#3298,#3299,#3300);
#3298 = CARTESIAN_POINT('',(0.,0.,3.));
#3299 = DIRECTION('',(0.,0.,-1.));
#3300 = DIRECTION('',(1.,0.,0.));
#3301 = PCURVE('',#45,#3302);
#3302 = DEFINITIONAL_REPRESENTATION('',(#3303),#3311);
#3303 = ( BOUNDED_CURVE() B_SPLINE_CURVE(2,(#3304,#3305,#3306,#3307,
#3308,#3309,#3310),.UNSPECIFIED.,.T.,.F.) B_SPLINE_CURVE_WITH_KNOTS((1,2
    ,2,2,2,1),(-2.094395102393,0.,2.094395102393,4.188790204786,
6.28318530718,8.377580409573),.UNSPECIFIED.) CURVE() 
GEOMETRIC_REPRESENTATION_ITEM() RATIONAL_B_SPLINE_CURVE((1.,0.5,1.,0.5,
1.,0.5,1.)) REPRESENTATION_ITEM('') );
#3304 = CARTESIAN_POINT('',(71.,-6.440411965619E-15));
#3305 = CARTESIAN_POINT('',(71.,-122.9756073373));
#3306 = CARTESIAN_POINT('',(-35.5,-61.48780366869));
#3307 = CARTESIAN_POINT('',(-142.,-2.383039651351E-14));
#3308 = CARTESIAN_POINT('',(-35.5,61.487803668695));
#3309 = CARTESIAN_POINT('',(71.,122.97560733739));
#3310 = CARTESIAN_POINT('',(71.,-6.440411965619E-15));
#3311 = ( GEOMETRIC_REPRESENTATION_CONTEXT(2) 
PARAMETRIC_REPRESENTATION_CONTEXT() REPRESENTATION_CONTEXT('2D SPACE',''
  ) );
#3312 = PCURVE('',#3190,#3313);
#3313 = DEFINITIONAL_REPRESENTATION('',(#3314),#3318);
#3314 = LINE('',#3315,#3316);
#3315 = CARTESIAN_POINT('',(-6.28318530718,-1.));
#3316 = VECTOR('',#3317,1.);
#3317 = DIRECTION('',(1.,-0.));
#3318 = ( GEOMETRIC_REPRESENTATION_CONTEXT(2) 
PARAMETRIC_REPRESENTATION_CONTEXT() REPRESENTATION_CONTEXT('2D SPACE',''
  ) );
#3319 = ORIENTED_EDGE('',*,*,#3320,.F.);
#3320 = EDGE_CURVE('',#3321,#3293,#3323,.T.);
#3321 = VERTEX_POINT('',#3322);
#3322 = CARTESIAN_POINT('',(-59.88587594892,38.140291842482,3.));
#3323 = SURFACE_CURVE('',#3324,(#3329,#3340),.PCURVE_S1.);
#3324 = CIRCLE('',#3325,5.);
#3325 = AXIS2_PLACEMENT_3D('',#3326,#3327,#3328);
#3326 = CARTESIAN_POINT('',(-58.02370205355,33.5,3.));
#3327 = DIRECTION('',(0.,0.,-1.));
#3328 = DIRECTION('',(-0.372434779074,0.928058368496,0.));
#3329 = PCURVE('',#45,#3330);
#3330 = DEFINITIONAL_REPRESENTATION('',(#3331),#3339);
#3331 = ( BOUNDED_CURVE() B_SPLINE_CURVE(2,(#3332,#3333,#3334,#3335,
#3336,#3337,#3338),.UNSPECIFIED.,.T.,.F.) B_SPLINE_CURVE_WITH_KNOTS((1,2
    ,2,2,2,1),(-2.094395102393,0.,2.094395102393,4.188790204786,
6.28318530718,8.377580409573),.UNSPECIFIED.) CURVE() 
GEOMETRIC_REPRESENTATION_ITEM() RATIONAL_B_SPLINE_CURVE((1.,0.5,1.,0.5,
1.,0.5,1.)) REPRESENTATION_ITEM('') );
#3332 = CARTESIAN_POINT('',(-59.88587594892,38.140291842482));
#3333 = CARTESIAN_POINT('',(-51.8486547158,41.365671641791));
#3334 = CARTESIAN_POINT('',(-53.07400448931,32.792543978414));
#3335 = CARTESIAN_POINT('',(-54.29935426281,24.219416315036));
#3336 = CARTESIAN_POINT('',(-61.11122572243,29.567164179105));
#3337 = CARTESIAN_POINT('',(-67.92309718205,34.914912043173));
#3338 = CARTESIAN_POINT('',(-59.88587594892,38.140291842482));
#3339 = ( GEOMETRIC_REPRESENTATION_CONTEXT(2) 
PARAMETRIC_REPRESENTATION_CONTEXT() REPRESENTATION_CONTEXT('2D SPACE',''
  ) );
#3340 = PCURVE('',#3341,#3346);
#3341 = CYLINDRICAL_SURFACE('',#3342,5.);
#3342 = AXIS2_PLACEMENT_3D('',#3343,#3344,#3345);
#3343 = CARTESIAN_POINT('',(-58.02370205355,33.5,3.));
#3344 = DIRECTION('',(-0.,-0.,-1.));
#3345 = DIRECTION('',(1.,0.,0.));
#3346 = DEFINITIONAL_REPRESENTATION('',(#3347),#3351);
#3347 = LINE('',#3348,#3349);
#3348 = CARTESIAN_POINT('',(-8.235612797397,0.));
#3349 = VECTOR('',#3350,1.);
#3350 = DIRECTION('',(1.,-0.));
#3351 = ( GEOMETRIC_REPRESENTATION_CONTEXT(2) 
PARAMETRIC_REPRESENTATION_CONTEXT() REPRESENTATION_CONTEXT('2D SPACE',''
  ) );
#3352 = ORIENTED_EDGE('',*,*,#3353,.T.);
#3353 = EDGE_CURVE('',#3321,#3354,#3356,.T.);
#3354 = VERTEX_POINT('',#3355);
#3355 = CARTESIAN_POINT('',(-37.9605057922,60.,3.));
#3356 = SURFACE_CURVE('',#3357,(#3362,#3373),.PCURVE_S1.);
#3357 = CIRCLE('',#3358,71.);
#3358 = AXIS2_PLACEMENT_3D('',#3359,#3360,#3361);
#3359 = CARTESIAN_POINT('',(0.,0.,3.));
#3360 = DIRECTION('',(0.,0.,-1.));
#3361 = DIRECTION('',(1.,0.,0.));
#3362 = PCURVE('',#45,#3363);
#3363 = DEFINITIONAL_REPRESENTATION('',(#3364),#3372);
#3364 = ( BOUNDED_CURVE() B_SPLINE_CURVE(2,(#3365,#3366,#3367,#3368,
#3369,#3370,#3371),.UNSPECIFIED.,.T.,.F.) B_SPLINE_CURVE_WITH_KNOTS((1,2
    ,2,2,2,1),(-2.094395102393,0.,2.094395102393,4.188790204786,
6.28318530718,8.377580409573),.UNSPECIFIED.) CURVE() 
GEOMETRIC_REPRESENTATION_ITEM() RATIONAL_B_SPLINE_CURVE((1.,0.5,1.,0.5,
1.,0.5,1.)) REPRESENTATION_ITEM('') );
#3365 = CARTESIAN_POINT('',(71.,-6.440411965619E-15));
#3366 = CARTESIAN_POINT('',(71.,-122.9756073373));
#3367 = CARTESIAN_POINT('',(-35.5,-61.48780366869));
#3368 = CARTESIAN_POINT('',(-142.,-2.383039651351E-14));
#3369 = CARTESIAN_POINT('',(-35.5,61.487803668695));
#3370 = CARTESIAN_POINT('',(71.,122.97560733739));
#3371 = CARTESIAN_POINT('',(71.,-6.440411965619E-15));
#3372 = ( GEOMETRIC_REPRESENTATION_CONTEXT(2) 
PARAMETRIC_REPRESENTATION_CONTEXT() REPRESENTATION_CONTEXT('2D SPACE',''
  ) );
#3373 = PCURVE('',#3190,#3374);
#3374 = DEFINITIONAL_REPRESENTATION('',(#3375),#3379);
#3375 = LINE('',#3376,#3377);
#3376 = CARTESIAN_POINT('',(-6.28318530718,-1.));
#3377 = VECTOR('',#3378,1.);
#3378 = DIRECTION('',(1.,-0.));
#3379 = ( GEOMETRIC_REPRESENTATION_CONTEXT(2) 
PARAMETRIC_REPRESENTATION_CONTEXT() REPRESENTATION_CONTEXT('2D SPACE',''
  ) );
#3380 = ORIENTED_EDGE('',*,*,#3381,.F.);
#3381 = EDGE_CURVE('',#3382,#3354,#3384,.T.);
#3382 = VERTEX_POINT('',#3383);
#3383 = CARTESIAN_POINT('',(37.960505792205,60.,3.));
#3384 = SURFACE_CURVE('',#3385,(#3389,#3396),.PCURVE_S1.);
#3385 = LINE('',#3386,#3387);
#3386 = CARTESIAN_POINT('',(-41.5,60.,3.));
#3387 = VECTOR('',#3388,1.);
#3388 = DIRECTION('',(-1.,0.,0.));
#3389 = PCURVE('',#45,#3390);
#3390 = DEFINITIONAL_REPRESENTATION('',(#3391),#3395);
#3391 = LINE('',#3392,#3393);
#3392 = CARTESIAN_POINT('',(-41.5,60.));
#3393 = VECTOR('',#3394,1.);
#3394 = DIRECTION('',(-1.,0.));
#3395 = ( GEOMETRIC_REPRESENTATION_CONTEXT(2) 
PARAMETRIC_REPRESENTATION_CONTEXT() REPRESENTATION_CONTEXT('2D SPACE',''
  ) );
#3396 = PCURVE('',#3397,#3402);
#3397 = PLANE('',#3398);
#3398 = AXIS2_PLACEMENT_3D('',#3399,#3400,#3401);
#3399 = CARTESIAN_POINT('',(-83.,60.,-2.));
#3400 = DIRECTION('',(0.,1.,0.));
#3401 = DIRECTION('',(0.,0.,1.));
#3402 = DEFINITIONAL_REPRESENTATION('',(#3403),#3406);
#3403 = B_SPLINE_CURVE_WITH_KNOTS('',1,(#3404,#3405),.UNSPECIFIED.,.F.,
  .F.,(2,2),(-79.4605057922,-3.539494207795),.PIECEWISE_BEZIER_KNOTS.);
#3404 = CARTESIAN_POINT('',(5.,120.9605057922));
#3405 = CARTESIAN_POINT('',(5.,45.039494207795));
#3406 = ( GEOMETRIC_REPRESENTATION_CONTEXT(2) 
PARAMETRIC_REPRESENTATION_CONTEXT() REPRESENTATION_CONTEXT('2D SPACE',''
  ) );
#3407 = ORIENTED_EDGE('',*,*,#3408,.T.);
#3408 = EDGE_CURVE('',#3382,#3139,#3409,.T.);
#3409 = SURFACE_CURVE('',#3410,(#3415,#3426),.PCURVE_S1.);
#3410 = CIRCLE('',#3411,71.);
#3411 = AXIS2_PLACEMENT_3D('',#3412,#3413,#3414);
#3412 = CARTESIAN_POINT('',(0.,0.,3.));
#3413 = DIRECTION('',(0.,0.,-1.));
#3414 = DIRECTION('',(1.,0.,0.));
#3415 = PCURVE('',#45,#3416);
#3416 = DEFINITIONAL_REPRESENTATION('',(#3417),#3425);
#3417 = ( BOUNDED_CURVE() B_SPLINE_CURVE(2,(#3418,#3419,#3420,#3421,
#3422,#3423,#3424),.UNSPECIFIED.,.T.,.F.) B_SPLINE_CURVE_WITH_KNOTS((1,2
    ,2,2,2,1),(-2.094395102393,0.,2.094395102393,4.188790204786,
6.28318530718,8.377580409573),.UNSPECIFIED.) CURVE() 
GEOMETRIC_REPRESENTATION_ITEM() RATIONAL_B_SPLINE_CURVE((1.,0.5,1.,0.5,
1.,0.5,1.)) REPRESENTATION_ITEM('') );
#3418 = CARTESIAN_POINT('',(71.,-6.440411965619E-15));
#3419 = CARTESIAN_POINT('',(71.,-122.9756073373));
#3420 = CARTESIAN_POINT('',(-35.5,-61.48780366869));
#3421 = CARTESIAN_POINT('',(-142.,-2.383039651351E-14));
#3422 = CARTESIAN_POINT('',(-35.5,61.487803668695));
#3423 = CARTESIAN_POINT('',(71.,122.97560733739));
#3424 = CARTESIAN_POINT('',(71.,-6.440411965619E-15));
#3425 = ( GEOMETRIC_REPRESENTATION_CONTEXT(2) 
PARAMETRIC_REPRESENTATION_CONTEXT() REPRESENTATION_CONTEXT('2D SPACE',''
  ) );
#3426 = PCURVE('',#3190,#3427);
#3427 = DEFINITIONAL_REPRESENTATION('',(#3428),#3432);
#3428 = LINE('',#3429,#3430);
#3429 = CARTESIAN_POINT('',(-12.56637061435,-1.));
#3430 = VECTOR('',#3431,1.);
#3431 = DIRECTION('',(1.,-0.));
#3432 = ( GEOMETRIC_REPRESENTATION_CONTEXT(2) 
PARAMETRIC_REPRESENTATION_CONTEXT() REPRESENTATION_CONTEXT('2D SPACE',''
  ) );
#3433 = FACE_BOUND('',#3434,.F.);
#3434 = EDGE_LOOP('',(#3435));
#3435 = ORIENTED_EDGE('',*,*,#3436,.F.);
#3436 = EDGE_CURVE('',#3437,#3437,#3439,.T.);
#3437 = VERTEX_POINT('',#3438);
#3438 = CARTESIAN_POINT('',(60.123702053557,33.5,3.));
#3439 = SURFACE_CURVE('',#3440,(#3445,#3452),.PCURVE_S1.);
#3440 = CIRCLE('',#3441,2.1);
#3441 = AXIS2_PLACEMENT_3D('',#3442,#3443,#3444);
#3442 = CARTESIAN_POINT('',(58.023702053557,33.5,3.));
#3443 = DIRECTION('',(0.,0.,1.));
#3444 = DIRECTION('',(1.,0.,0.));
#3445 = PCURVE('',#45,#3446);
#3446 = DEFINITIONAL_REPRESENTATION('',(#3447),#3451);
#3447 = CIRCLE('',#3448,2.1);
#3448 = AXIS2_PLACEMENT_2D('',#3449,#3450);
#3449 = CARTESIAN_POINT('',(58.023702053557,33.5));
#3450 = DIRECTION('',(1.,0.));
#3451 = ( GEOMETRIC_REPRESENTATION_CONTEXT(2) 
PARAMETRIC_REPRESENTATION_CONTEXT() REPRESENTATION_CONTEXT('2D SPACE',''
  ) );
#3452 = PCURVE('',#3453,#3458);
#3453 = CYLINDRICAL_SURFACE('',#3454,2.1);
#3454 = AXIS2_PLACEMENT_3D('',#3455,#3456,#3457);
#3455 = CARTESIAN_POINT('',(58.023702053557,33.5,3.));
#3456 = DIRECTION('',(-0.,-0.,-1.));
#3457 = DIRECTION('',(1.,0.,0.));
#3458 = DEFINITIONAL_REPRESENTATION('',(#3459),#3463);
#3459 = LINE('',#3460,#3461);
#3460 = CARTESIAN_POINT('',(-0.,0.));
#3461 = VECTOR('',#3462,1.);
#3462 = DIRECTION('',(-1.,0.));
#3463 = ( GEOMETRIC_REPRESENTATION_CONTEXT(2) 
PARAMETRIC_REPRESENTATION_CONTEXT() REPRESENTATION_CONTEXT('2D SPACE',''
  ) );
#3464 = ADVANCED_FACE('',(#3465,#3490,#3525,#3560,#3595,#3630,#3738),#72
  ,.T.);
#3465 = FACE_BOUND('',#3466,.T.);
#3466 = EDGE_LOOP('',(#3467,#3468,#3488,#3489));
#3467 = ORIENTED_EDGE('',*,*,#57,.F.);
#3468 = ORIENTED_EDGE('',*,*,#3469,.F.);
#3469 = EDGE_CURVE('',#673,#58,#3470,.T.);
#3470 = SURFACE_CURVE('',#3471,(#3475,#3481),.PCURVE_S1.);
#3471 = LINE('',#3472,#3473);
#3472 = CARTESIAN_POINT('',(-42.5,63.,68.));
#3473 = VECTOR('',#3474,1.);
#3474 = DIRECTION('',(-1.,0.,0.));
#3475 = PCURVE('',#72,#3476);
#3476 = DEFINITIONAL_REPRESENTATION('',(#3477),#3480);
#3477 = B_SPLINE_CURVE_WITH_KNOTS('',1,(#3478,#3479),.UNSPECIFIED.,.F.,
  .F.,(2,2),(-116.5,31.5),.PIECEWISE_BEZIER_KNOTS.);
#3478 = CARTESIAN_POINT('',(70.,159.));
#3479 = CARTESIAN_POINT('',(70.,11.));
#3480 = ( GEOMETRIC_REPRESENTATION_CONTEXT(2) 
PARAMETRIC_REPRESENTATION_CONTEXT() REPRESENTATION_CONTEXT('2D SPACE',''
  ) );
#3481 = PCURVE('',#100,#3482);
#3482 = DEFINITIONAL_REPRESENTATION('',(#3483),#3487);
#3483 = LINE('',#3484,#3485);
#3484 = CARTESIAN_POINT('',(-42.5,63.));
#3485 = VECTOR('',#3486,1.);
#3486 = DIRECTION('',(-1.,0.));
#3487 = ( GEOMETRIC_REPRESENTATION_CONTEXT(2) 
PARAMETRIC_REPRESENTATION_CONTEXT() REPRESENTATION_CONTEXT('2D SPACE',''
  ) );
#3488 = ORIENTED_EDGE('',*,*,#700,.T.);
#3489 = ORIENTED_EDGE('',*,*,#2754,.T.);
#3490 = FACE_BOUND('',#3491,.T.);
#3491 = EDGE_LOOP('',(#3492));
#3492 = ORIENTED_EDGE('',*,*,#3493,.T.);
#3493 = EDGE_CURVE('',#3494,#3494,#3496,.T.);
#3494 = VERTEX_POINT('',#3495);
#3495 = CARTESIAN_POINT('',(-18.8,63.,22.));
#3496 = SURFACE_CURVE('',#3497,(#3502,#3513),.PCURVE_S1.);
#3497 = CIRCLE('',#3498,3.2);
#3498 = AXIS2_PLACEMENT_3D('',#3499,#3500,#3501);
#3499 = CARTESIAN_POINT('',(-22.,63.,22.));
#3500 = DIRECTION('',(0.,-1.,0.));
#3501 = DIRECTION('',(1.,0.,0.));
#3502 = PCURVE('',#72,#3503);
#3503 = DEFINITIONAL_REPRESENTATION('',(#3504),#3512);
#3504 = ( BOUNDED_CURVE() B_SPLINE_CURVE(2,(#3505,#3506,#3507,#3508,
#3509,#3510,#3511),.UNSPECIFIED.,.T.,.F.) B_SPLINE_CURVE_WITH_KNOTS((1,2
    ,2,2,2,1),(-2.094395102393,0.,2.094395102393,4.188790204786,
6.28318530718,8.377580409573),.UNSPECIFIED.) CURVE() 
GEOMETRIC_REPRESENTATION_ITEM() RATIONAL_B_SPLINE_CURVE((1.,0.5,1.,0.5,
1.,0.5,1.)) REPRESENTATION_ITEM('') );
#3505 = CARTESIAN_POINT('',(24.,66.2));
#3506 = CARTESIAN_POINT('',(29.54256258422,66.2));
#3507 = CARTESIAN_POINT('',(26.77128129211,61.4));
#3508 = CARTESIAN_POINT('',(24.,56.6));
#3509 = CARTESIAN_POINT('',(21.22871870789,61.4));
#3510 = CARTESIAN_POINT('',(18.45743741578,66.2));
#3511 = CARTESIAN_POINT('',(24.,66.2));
#3512 = ( GEOMETRIC_REPRESENTATION_CONTEXT(2) 
PARAMETRIC_REPRESENTATION_CONTEXT() REPRESENTATION_CONTEXT('2D SPACE',''
  ) );
#3513 = PCURVE('',#3514,#3519);
#3514 = CYLINDRICAL_SURFACE('',#3515,3.2);
#3515 = AXIS2_PLACEMENT_3D('',#3516,#3517,#3518);
#3516 = CARTESIAN_POINT('',(-22.,61.5,22.));
#3517 = DIRECTION('',(0.,-1.,0.));
#3518 = DIRECTION('',(1.,0.,0.));
#3519 = DEFINITIONAL_REPRESENTATION('',(#3520),#3524);
#3520 = LINE('',#3521,#3522);
#3521 = CARTESIAN_POINT('',(0.,-1.5));
#3522 = VECTOR('',#3523,1.);
#3523 = DIRECTION('',(1.,0.));
#3524 = ( GEOMETRIC_REPRESENTATION_CONTEXT(2) 
PARAMETRIC_REPRESENTATION_CONTEXT() REPRESENTATION_CONTEXT('2D SPACE',''
  ) );
#3525 = FACE_BOUND('',#3526,.T.);
#3526 = EDGE_LOOP('',(#3527));
#3527 = ORIENTED_EDGE('',*,*,#3528,.T.);
#3528 = EDGE_CURVE('',#3529,#3529,#3531,.T.);
#3529 = VERTEX_POINT('',#3530);
#3530 = CARTESIAN_POINT('',(-15.9,63.,39.));
#3531 = SURFACE_CURVE('',#3532,(#3537,#3548),.PCURVE_S1.);
#3532 = CIRCLE('',#3533,6.1);
#3533 = AXIS2_PLACEMENT_3D('',#3534,#3535,#3536);
#3534 = CARTESIAN_POINT('',(-22.,63.,39.));
#3535 = DIRECTION('',(0.,-1.,0.));
#3536 = DIRECTION('',(1.,0.,0.));
#3537 = PCURVE('',#72,#3538);
#3538 = DEFINITIONAL_REPRESENTATION('',(#3539),#3547);
#3539 = ( BOUNDED_CURVE() B_SPLINE_CURVE(2,(#3540,#3541,#3542,#3543,
#3544,#3545,#3546),.UNSPECIFIED.,.T.,.F.) B_SPLINE_CURVE_WITH_KNOTS((1,2
    ,2,2,2,1),(-2.094395102393,0.,2.094395102393,4.188790204786,
6.28318530718,8.377580409573),.UNSPECIFIED.) CURVE() 
GEOMETRIC_REPRESENTATION_ITEM() RATIONAL_B_SPLINE_CURVE((1.,0.5,1.,0.5,
1.,0.5,1.)) REPRESENTATION_ITEM('') );
#3540 = CARTESIAN_POINT('',(41.,69.1));
#3541 = CARTESIAN_POINT('',(51.56550992617,69.1));
#3542 = CARTESIAN_POINT('',(46.282754963085,59.95));
#3543 = CARTESIAN_POINT('',(41.,50.8));
#3544 = CARTESIAN_POINT('',(35.717245036915,59.95));
#3545 = CARTESIAN_POINT('',(30.43449007383,69.1));
#3546 = CARTESIAN_POINT('',(41.,69.1));
#3547 = ( GEOMETRIC_REPRESENTATION_CONTEXT(2) 
PARAMETRIC_REPRESENTATION_CONTEXT() REPRESENTATION_CONTEXT('2D SPACE',''
  ) );
#3548 = PCURVE('',#3549,#3554);
#3549 = CYLINDRICAL_SURFACE('',#3550,6.1);
#3550 = AXIS2_PLACEMENT_3D('',#3551,#3552,#3553);
#3551 = CARTESIAN_POINT('',(-22.,61.5,39.));
#3552 = DIRECTION('',(0.,-1.,0.));
#3553 = DIRECTION('',(1.,0.,0.));
#3554 = DEFINITIONAL_REPRESENTATION('',(#3555),#3559);
#3555 = LINE('',#3556,#3557);
#3556 = CARTESIAN_POINT('',(0.,-1.5));
#3557 = VECTOR('',#3558,1.);
#3558 = DIRECTION('',(1.,0.));
#3559 = ( GEOMETRIC_REPRESENTATION_CONTEXT(2) 
PARAMETRIC_REPRESENTATION_CONTEXT() REPRESENTATION_CONTEXT('2D SPACE',''
  ) );
#3560 = FACE_BOUND('',#3561,.T.);
#3561 = EDGE_LOOP('',(#3562));
#3562 = ORIENTED_EDGE('',*,*,#3563,.T.);
#3563 = EDGE_CURVE('',#3564,#3564,#3566,.T.);
#3564 = VERTEX_POINT('',#3565);
#3565 = CARTESIAN_POINT('',(-26.,63.,52.));
#3566 = SURFACE_CURVE('',#3567,(#3572,#3583),.PCURVE_S1.);
#3567 = CIRCLE('',#3568,1.);
#3568 = AXIS2_PLACEMENT_3D('',#3569,#3570,#3571);
#3569 = CARTESIAN_POINT('',(-27.,63.,52.));
#3570 = DIRECTION('',(0.,-1.,0.));
#3571 = DIRECTION('',(1.,0.,0.));
#3572 = PCURVE('',#72,#3573);
#3573 = DEFINITIONAL_REPRESENTATION('',(#3574),#3582);
#3574 = ( BOUNDED_CURVE() B_SPLINE_CURVE(2,(#3575,#3576,#3577,#3578,
#3579,#3580,#3581),.UNSPECIFIED.,.T.,.F.) B_SPLINE_CURVE_WITH_KNOTS((1,2
    ,2,2,2,1),(-2.094395102393,0.,2.094395102393,4.188790204786,
6.28318530718,8.377580409573),.UNSPECIFIED.) CURVE() 
GEOMETRIC_REPRESENTATION_ITEM() RATIONAL_B_SPLINE_CURVE((1.,0.5,1.,0.5,
1.,0.5,1.)) REPRESENTATION_ITEM('') );
#3575 = CARTESIAN_POINT('',(54.,59.));
#3576 = CARTESIAN_POINT('',(55.732050807569,59.));
#3577 = CARTESIAN_POINT('',(54.866025403784,57.5));
#3578 = CARTESIAN_POINT('',(54.,56.));
#3579 = CARTESIAN_POINT('',(53.133974596216,57.5));
#3580 = CARTESIAN_POINT('',(52.267949192431,59.));
#3581 = CARTESIAN_POINT('',(54.,59.));
#3582 = ( GEOMETRIC_REPRESENTATION_CONTEXT(2) 
PARAMETRIC_REPRESENTATION_CONTEXT() REPRESENTATION_CONTEXT('2D SPACE',''
  ) );
#3583 = PCURVE('',#3584,#3589);
#3584 = CYLINDRICAL_SURFACE('',#3585,1.);
#3585 = AXIS2_PLACEMENT_3D('',#3586,#3587,#3588);
#3586 = CARTESIAN_POINT('',(-27.,61.5,52.));
#3587 = DIRECTION('',(0.,-1.,0.));
#3588 = DIRECTION('',(1.,0.,0.));
#3589 = DEFINITIONAL_REPRESENTATION('',(#3590),#3594);
#3590 = LINE('',#3591,#3592);
#3591 = CARTESIAN_POINT('',(0.,-1.5));
#3592 = VECTOR('',#3593,1.);
#3593 = DIRECTION('',(1.,0.));
#3594 = ( GEOMETRIC_REPRESENTATION_CONTEXT(2) 
PARAMETRIC_REPRESENTATION_CONTEXT() REPRESENTATION_CONTEXT('2D SPACE',''
  ) );
#3595 = FACE_BOUND('',#3596,.T.);
#3596 = EDGE_LOOP('',(#3597));
#3597 = ORIENTED_EDGE('',*,*,#3598,.T.);
#3598 = EDGE_CURVE('',#3599,#3599,#3601,.T.);
#3599 = VERTEX_POINT('',#3600);
#3600 = CARTESIAN_POINT('',(6.1,63.,39.));
#3601 = SURFACE_CURVE('',#3602,(#3607,#3618),.PCURVE_S1.);
#3602 = CIRCLE('',#3603,6.1);
#3603 = AXIS2_PLACEMENT_3D('',#3604,#3605,#3606);
#3604 = CARTESIAN_POINT('',(0.,63.,39.));
#3605 = DIRECTION('',(0.,-1.,0.));
#3606 = DIRECTION('',(1.,0.,0.));
#3607 = PCURVE('',#72,#3608);
#3608 = DEFINITIONAL_REPRESENTATION('',(#3609),#3617);
#3609 = ( BOUNDED_CURVE() B_SPLINE_CURVE(2,(#3610,#3611,#3612,#3613,
#3614,#3615,#3616),.UNSPECIFIED.,.T.,.F.) B_SPLINE_CURVE_WITH_KNOTS((1,2
    ,2,2,2,1),(-2.094395102393,0.,2.094395102393,4.188790204786,
6.28318530718,8.377580409573),.UNSPECIFIED.) CURVE() 
GEOMETRIC_REPRESENTATION_ITEM() RATIONAL_B_SPLINE_CURVE((1.,0.5,1.,0.5,
1.,0.5,1.)) REPRESENTATION_ITEM('') );
#3610 = CARTESIAN_POINT('',(41.,91.1));
#3611 = CARTESIAN_POINT('',(51.56550992617,91.1));
#3612 = CARTESIAN_POINT('',(46.282754963085,81.95));
#3613 = CARTESIAN_POINT('',(41.,72.8));
#3614 = CARTESIAN_POINT('',(35.717245036915,81.95));
#3615 = CARTESIAN_POINT('',(30.43449007383,91.1));
#3616 = CARTESIAN_POINT('',(41.,91.1));
#3617 = ( GEOMETRIC_REPRESENTATION_CONTEXT(2) 
PARAMETRIC_REPRESENTATION_CONTEXT() REPRESENTATION_CONTEXT('2D SPACE',''
  ) );
#3618 = PCURVE('',#3619,#3624);
#3619 = CYLINDRICAL_SURFACE('',#3620,6.1);
#3620 = AXIS2_PLACEMENT_3D('',#3621,#3622,#3623);
#3621 = CARTESIAN_POINT('',(0.,61.5,39.));
#3622 = DIRECTION('',(0.,-1.,0.));
#3623 = DIRECTION('',(1.,0.,0.));
#3624 = DEFINITIONAL_REPRESENTATION('',(#3625),#3629);
#3625 = LINE('',#3626,#3627);
#3626 = CARTESIAN_POINT('',(0.,-1.5));
#3627 = VECTOR('',#3628,1.);
#3628 = DIRECTION('',(1.,0.));
#3629 = ( GEOMETRIC_REPRESENTATION_CONTEXT(2) 
PARAMETRIC_REPRESENTATION_CONTEXT() REPRESENTATION_CONTEXT('2D SPACE',''
  ) );
#3630 = FACE_BOUND('',#3631,.T.);
#3631 = EDGE_LOOP('',(#3632,#3660,#3687,#3713));
#3632 = ORIENTED_EDGE('',*,*,#3633,.F.);
#3633 = EDGE_CURVE('',#3634,#3636,#3638,.T.);
#3634 = VERTEX_POINT('',#3635);
#3635 = CARTESIAN_POINT('',(23.,63.,35.5));
#3636 = VERTEX_POINT('',#3637);
#3637 = CARTESIAN_POINT('',(35.,63.,35.5));
#3638 = SURFACE_CURVE('',#3639,(#3643,#3649),.PCURVE_S1.);
#3639 = LINE('',#3640,#3641);
#3640 = CARTESIAN_POINT('',(-31.,63.,35.5));
#3641 = VECTOR('',#3642,1.);
#3642 = DIRECTION('',(1.,0.,0.));
#3643 = PCURVE('',#72,#3644);
#3644 = DEFINITIONAL_REPRESENTATION('',(#3645),#3648);
#3645 = B_SPLINE_CURVE_WITH_KNOTS('',1,(#3646,#3647),.UNSPECIFIED.,.F.,
  .F.,(2,2),(54.,66.),.PIECEWISE_BEZIER_KNOTS.);
#3646 = CARTESIAN_POINT('',(37.5,108.));
#3647 = CARTESIAN_POINT('',(37.5,120.));
#3648 = ( GEOMETRIC_REPRESENTATION_CONTEXT(2) 
PARAMETRIC_REPRESENTATION_CONTEXT() REPRESENTATION_CONTEXT('2D SPACE',''
  ) );
#3649 = PCURVE('',#3650,#3655);
#3650 = PLANE('',#3651);
#3651 = AXIS2_PLACEMENT_3D('',#3652,#3653,#3654);
#3652 = CARTESIAN_POINT('',(23.,54.,35.5));
#3653 = DIRECTION('',(0.,0.,1.));
#3654 = DIRECTION('',(1.,0.,0.));
#3655 = DEFINITIONAL_REPRESENTATION('',(#3656),#3659);
#3656 = B_SPLINE_CURVE_WITH_KNOTS('',1,(#3657,#3658),.UNSPECIFIED.,.F.,
  .F.,(2,2),(54.,66.),.PIECEWISE_BEZIER_KNOTS.);
#3657 = CARTESIAN_POINT('',(0.,9.));
#3658 = CARTESIAN_POINT('',(12.,9.));
#3659 = ( GEOMETRIC_REPRESENTATION_CONTEXT(2) 
PARAMETRIC_REPRESENTATION_CONTEXT() REPRESENTATION_CONTEXT('2D SPACE',''
  ) );
#3660 = ORIENTED_EDGE('',*,*,#3661,.T.);
#3661 = EDGE_CURVE('',#3634,#3662,#3664,.T.);
#3662 = VERTEX_POINT('',#3663);
#3663 = CARTESIAN_POINT('',(23.,63.,28.5));
#3664 = SURFACE_CURVE('',#3665,(#3669,#3675),.PCURVE_S1.);
#3665 = LINE('',#3666,#3667);
#3666 = CARTESIAN_POINT('',(23.,63.,13.25));
#3667 = VECTOR('',#3668,1.);
#3668 = DIRECTION('',(0.,0.,-1.));
#3669 = PCURVE('',#72,#3670);
#3670 = DEFINITIONAL_REPRESENTATION('',(#3671),#3674);
#3671 = B_SPLINE_CURVE_WITH_KNOTS('',1,(#3672,#3673),.UNSPECIFIED.,.F.,
  .F.,(2,2),(-22.25,-15.25),.PIECEWISE_BEZIER_KNOTS.);
#3672 = CARTESIAN_POINT('',(37.5,108.));
#3673 = CARTESIAN_POINT('',(30.5,108.));
#3674 = ( GEOMETRIC_REPRESENTATION_CONTEXT(2) 
PARAMETRIC_REPRESENTATION_CONTEXT() REPRESENTATION_CONTEXT('2D SPACE',''
  ) );
#3675 = PCURVE('',#3676,#3681);
#3676 = PLANE('',#3677);
#3677 = AXIS2_PLACEMENT_3D('',#3678,#3679,#3680);
#3678 = CARTESIAN_POINT('',(23.,54.,28.5));
#3679 = DIRECTION('',(1.,0.,0.));
#3680 = DIRECTION('',(0.,0.,1.));
#3681 = DEFINITIONAL_REPRESENTATION('',(#3682),#3686);
#3682 = LINE('',#3683,#3684);
#3683 = CARTESIAN_POINT('',(-15.25,-9.));
#3684 = VECTOR('',#3685,1.);
#3685 = DIRECTION('',(-1.,0.));
#3686 = ( GEOMETRIC_REPRESENTATION_CONTEXT(2) 
PARAMETRIC_REPRESENTATION_CONTEXT() REPRESENTATION_CONTEXT('2D SPACE',''
  ) );
#3687 = ORIENTED_EDGE('',*,*,#3688,.T.);
#3688 = EDGE_CURVE('',#3662,#3689,#3691,.T.);
#3689 = VERTEX_POINT('',#3690);
#3690 = CARTESIAN_POINT('',(35.,63.,28.5));
#3691 = SURFACE_CURVE('',#3692,(#3696,#3702),.PCURVE_S1.);
#3692 = LINE('',#3693,#3694);
#3693 = CARTESIAN_POINT('',(-31.,63.,28.5));
#3694 = VECTOR('',#3695,1.);
#3695 = DIRECTION('',(1.,0.,0.));
#3696 = PCURVE('',#72,#3697);
#3697 = DEFINITIONAL_REPRESENTATION('',(#3698),#3701);
#3698 = B_SPLINE_CURVE_WITH_KNOTS('',1,(#3699,#3700),.UNSPECIFIED.,.F.,
  .F.,(2,2),(54.,66.),.PIECEWISE_BEZIER_KNOTS.);
#3699 = CARTESIAN_POINT('',(30.5,108.));
#3700 = CARTESIAN_POINT('',(30.5,120.));
#3701 = ( GEOMETRIC_REPRESENTATION_CONTEXT(2) 
PARAMETRIC_REPRESENTATION_CONTEXT() REPRESENTATION_CONTEXT('2D SPACE',''
  ) );
#3702 = PCURVE('',#3703,#3708);
#3703 = PLANE('',#3704);
#3704 = AXIS2_PLACEMENT_3D('',#3705,#3706,#3707);
#3705 = CARTESIAN_POINT('',(23.,54.,28.5));
#3706 = DIRECTION('',(0.,0.,1.));
#3707 = DIRECTION('',(1.,0.,0.));
#3708 = DEFINITIONAL_REPRESENTATION('',(#3709),#3712);
#3709 = B_SPLINE_CURVE_WITH_KNOTS('',1,(#3710,#3711),.UNSPECIFIED.,.F.,
  .F.,(2,2),(54.,66.),.PIECEWISE_BEZIER_KNOTS.);
#3710 = CARTESIAN_POINT('',(0.,9.));
#3711 = CARTESIAN_POINT('',(12.,9.));
#3712 = ( GEOMETRIC_REPRESENTATION_CONTEXT(2) 
PARAMETRIC_REPRESENTATION_CONTEXT() REPRESENTATION_CONTEXT('2D SPACE',''
  ) );
#3713 = ORIENTED_EDGE('',*,*,#3714,.F.);
#3714 = EDGE_CURVE('',#3636,#3689,#3715,.T.);
#3715 = SURFACE_CURVE('',#3716,(#3720,#3726),.PCURVE_S1.);
#3716 = LINE('',#3717,#3718);
#3717 = CARTESIAN_POINT('',(35.,63.,13.25));
#3718 = VECTOR('',#3719,1.);
#3719 = DIRECTION('',(0.,0.,-1.));
#3720 = PCURVE('',#72,#3721);
#3721 = DEFINITIONAL_REPRESENTATION('',(#3722),#3725);
#3722 = B_SPLINE_CURVE_WITH_KNOTS('',1,(#3723,#3724),.UNSPECIFIED.,.F.,
  .F.,(2,2),(-22.25,-15.25),.PIECEWISE_BEZIER_KNOTS.);
#3723 = CARTESIAN_POINT('',(37.5,120.));
#3724 = CARTESIAN_POINT('',(30.5,120.));
#3725 = ( GEOMETRIC_REPRESENTATION_CONTEXT(2) 
PARAMETRIC_REPRESENTATION_CONTEXT() REPRESENTATION_CONTEXT('2D SPACE',''
  ) );
#3726 = PCURVE('',#3727,#3732);
#3727 = PLANE('',#3728);
#3728 = AXIS2_PLACEMENT_3D('',#3729,#3730,#3731);
#3729 = CARTESIAN_POINT('',(35.,54.,28.5));
#3730 = DIRECTION('',(1.,0.,0.));
#3731 = DIRECTION('',(0.,0.,1.));
#3732 = DEFINITIONAL_REPRESENTATION('',(#3733),#3737);
#3733 = LINE('',#3734,#3735);
#3734 = CARTESIAN_POINT('',(-15.25,-9.));
#3735 = VECTOR('',#3736,1.);
#3736 = DIRECTION('',(-1.,0.));
#3737 = ( GEOMETRIC_REPRESENTATION_CONTEXT(2) 
PARAMETRIC_REPRESENTATION_CONTEXT() REPRESENTATION_CONTEXT('2D SPACE',''
  ) );
#3738 = FACE_BOUND('',#3739,.T.);
#3739 = EDGE_LOOP('',(#3740));
#3740 = ORIENTED_EDGE('',*,*,#3741,.T.);
#3741 = EDGE_CURVE('',#3742,#3742,#3744,.T.);
#3742 = VERTEX_POINT('',#3743);
#3743 = CARTESIAN_POINT('',(19.6,63.,39.));
#3744 = SURFACE_CURVE('',#3745,(#3750,#3761),.PCURVE_S1.);
#3745 = CIRCLE('',#3746,1.6);
#3746 = AXIS2_PLACEMENT_3D('',#3747,#3748,#3749);
#3747 = CARTESIAN_POINT('',(18.,63.,39.));
#3748 = DIRECTION('',(0.,-1.,0.));
#3749 = DIRECTION('',(1.,0.,0.));
#3750 = PCURVE('',#72,#3751);
#3751 = DEFINITIONAL_REPRESENTATION('',(#3752),#3760);
#3752 = ( BOUNDED_CURVE() B_SPLINE_CURVE(2,(#3753,#3754,#3755,#3756,
#3757,#3758,#3759),.UNSPECIFIED.,.T.,.F.) B_SPLINE_CURVE_WITH_KNOTS((1,2
    ,2,2,2,1),(-2.094395102393,0.,2.094395102393,4.188790204786,
6.28318530718,8.377580409573),.UNSPECIFIED.) CURVE() 
GEOMETRIC_REPRESENTATION_ITEM() RATIONAL_B_SPLINE_CURVE((1.,0.5,1.,0.5,
1.,0.5,1.)) REPRESENTATION_ITEM('') );
#3753 = CARTESIAN_POINT('',(41.,104.6));
#3754 = CARTESIAN_POINT('',(43.77128129211,104.6));
#3755 = CARTESIAN_POINT('',(42.385640646055,102.2));
#3756 = CARTESIAN_POINT('',(41.,99.8));
#3757 = CARTESIAN_POINT('',(39.614359353945,102.2));
#3758 = CARTESIAN_POINT('',(38.22871870789,104.6));
#3759 = CARTESIAN_POINT('',(41.,104.6));
#3760 = ( GEOMETRIC_REPRESENTATION_CONTEXT(2) 
PARAMETRIC_REPRESENTATION_CONTEXT() REPRESENTATION_CONTEXT('2D SPACE',''
  ) );
#3761 = PCURVE('',#3762,#3767);
#3762 = CYLINDRICAL_SURFACE('',#3763,1.6);
#3763 = AXIS2_PLACEMENT_3D('',#3764,#3765,#3766);
#3764 = CARTESIAN_POINT('',(18.,61.5,39.));
#3765 = DIRECTION('',(0.,-1.,0.));
#3766 = DIRECTION('',(1.,0.,0.));
#3767 = DEFINITIONAL_REPRESENTATION('',(#3768),#3772);
#3768 = LINE('',#3769,#3770);
#3769 = CARTESIAN_POINT('',(0.,-1.5));
#3770 = VECTOR('',#3771,1.);
#3771 = DIRECTION('',(1.,0.));
#3772 = ( GEOMETRIC_REPRESENTATION_CONTEXT(2) 
PARAMETRIC_REPRESENTATION_CONTEXT() REPRESENTATION_CONTEXT('2D SPACE',''
  ) );
#3773 = ADVANCED_FACE('',(#3774),#1276,.F.);
#3774 = FACE_BOUND('',#3775,.F.);
#3775 = EDGE_LOOP('',(#3776,#3777,#3778,#3801));
#3776 = ORIENTED_EDGE('',*,*,#2775,.F.);
#3777 = ORIENTED_EDGE('',*,*,#1263,.F.);
#3778 = ORIENTED_EDGE('',*,*,#3779,.T.);
#3779 = EDGE_CURVE('',#1231,#3780,#3782,.T.);
#3780 = VERTEX_POINT('',#3781);
#3781 = CARTESIAN_POINT('',(-62.83587988004,39.165063509461,15.));
#3782 = SURFACE_CURVE('',#3783,(#3787,#3794),.PCURVE_S1.);
#3783 = LINE('',#3784,#3785);
#3784 = CARTESIAN_POINT('',(-56.77370205355,35.665063509461,15.));
#3785 = VECTOR('',#3786,1.);
#3786 = DIRECTION('',(-0.866025403784,0.5,0.));
#3787 = PCURVE('',#1276,#3788);
#3788 = DEFINITIONAL_REPRESENTATION('',(#3789),#3793);
#3789 = LINE('',#3790,#3791);
#3790 = CARTESIAN_POINT('',(12.,0.));
#3791 = VECTOR('',#3792,1.);
#3792 = DIRECTION('',(0.,1.));
#3793 = ( GEOMETRIC_REPRESENTATION_CONTEXT(2) 
PARAMETRIC_REPRESENTATION_CONTEXT() REPRESENTATION_CONTEXT('2D SPACE',''
  ) );
#3794 = PCURVE('',#1247,#3795);
#3795 = DEFINITIONAL_REPRESENTATION('',(#3796),#3800);
#3796 = LINE('',#3797,#3798);
#3797 = CARTESIAN_POINT('',(0.,0.));
#3798 = VECTOR('',#3799,1.);
#3799 = DIRECTION('',(1.,0.));
#3800 = ( GEOMETRIC_REPRESENTATION_CONTEXT(2) 
PARAMETRIC_REPRESENTATION_CONTEXT() REPRESENTATION_CONTEXT('2D SPACE',''
  ) );
#3801 = ORIENTED_EDGE('',*,*,#3802,.F.);
#3802 = EDGE_CURVE('',#2776,#3780,#3803,.T.);
#3803 = SURFACE_CURVE('',#3804,(#3808,#3815),.PCURVE_S1.);
#3804 = LINE('',#3805,#3806);
#3805 = CARTESIAN_POINT('',(-62.83587988004,39.165063509461,3.));
#3806 = VECTOR('',#3807,1.);
#3807 = DIRECTION('',(0.,0.,1.));
#3808 = PCURVE('',#1276,#3809);
#3809 = DEFINITIONAL_REPRESENTATION('',(#3810),#3814);
#3810 = LINE('',#3811,#3812);
#3811 = CARTESIAN_POINT('',(0.,7.));
#3812 = VECTOR('',#3813,1.);
#3813 = DIRECTION('',(1.,0.));
#3814 = ( GEOMETRIC_REPRESENTATION_CONTEXT(2) 
PARAMETRIC_REPRESENTATION_CONTEXT() REPRESENTATION_CONTEXT('2D SPACE',''
  ) );
#3815 = PCURVE('',#2814,#3816);
#3816 = DEFINITIONAL_REPRESENTATION('',(#3817),#3821);
#3817 = LINE('',#3818,#3819);
#3818 = CARTESIAN_POINT('',(0.,0.));
#3819 = VECTOR('',#3820,1.);
#3820 = DIRECTION('',(1.,0.));
#3821 = ( GEOMETRIC_REPRESENTATION_CONTEXT(2) 
PARAMETRIC_REPRESENTATION_CONTEXT() REPRESENTATION_CONTEXT('2D SPACE',''
  ) );
#3822 = ADVANCED_FACE('',(#3823,#4119,#4154,#4189,#4224,#4728),#100,.T.
  );
#3823 = FACE_BOUND('',#3824,.T.);
#3824 = EDGE_LOOP('',(#3825,#3826,#3827,#3828,#3851,#3879,#3900,#3901,
    #3924,#3952,#3973,#3974,#3997,#4025,#4046,#4047,#4070,#4098));
#3825 = ORIENTED_EDGE('',*,*,#672,.F.);
#3826 = ORIENTED_EDGE('',*,*,#3469,.T.);
#3827 = ORIENTED_EDGE('',*,*,#83,.F.);
#3828 = ORIENTED_EDGE('',*,*,#3829,.T.);
#3829 = EDGE_CURVE('',#84,#3830,#3832,.T.);
#3830 = VERTEX_POINT('',#3831);
#3831 = CARTESIAN_POINT('',(-50.55813485483,54.093668760771,68.));
#3832 = SURFACE_CURVE('',#3833,(#3837,#3844),.PCURVE_S1.);
#3833 = LINE('',#3834,#3835);
#3834 = CARTESIAN_POINT('',(-42.77996026178,46.315494167719,68.));
#3835 = VECTOR('',#3836,1.);
#3836 = DIRECTION('',(-0.707106781187,0.707106781187,0.));
#3837 = PCURVE('',#100,#3838);
#3838 = DEFINITIONAL_REPRESENTATION('',(#3839),#3843);
#3839 = LINE('',#3840,#3841);
#3840 = CARTESIAN_POINT('',(-42.77996026178,46.315494167719));
#3841 = VECTOR('',#3842,1.);
#3842 = DIRECTION('',(-0.707106781187,0.707106781187));
#3843 = ( GEOMETRIC_REPRESENTATION_CONTEXT(2) 
PARAMETRIC_REPRESENTATION_CONTEXT() REPRESENTATION_CONTEXT('2D SPACE',''
  ) );
#3844 = PCURVE('',#131,#3845);
#3845 = DEFINITIONAL_REPRESENTATION('',(#3846),#3850);
#3846 = LINE('',#3847,#3848);
#3847 = CARTESIAN_POINT('',(9.,0.));
#3848 = VECTOR('',#3849,1.);
#3849 = DIRECTION('',(0.,1.));
#3850 = ( GEOMETRIC_REPRESENTATION_CONTEXT(2) 
PARAMETRIC_REPRESENTATION_CONTEXT() REPRESENTATION_CONTEXT('2D SPACE',''
  ) );
#3851 = ORIENTED_EDGE('',*,*,#3852,.T.);
#3852 = EDGE_CURVE('',#3830,#3853,#3855,.T.);
#3853 = VERTEX_POINT('',#3854);
#3854 = CARTESIAN_POINT('',(-54.09366876077,50.558134854838,68.));
#3855 = SURFACE_CURVE('',#3856,(#3860,#3867),.PCURVE_S1.);
#3856 = LINE('',#3857,#3858);
#3857 = CARTESIAN_POINT('',(-50.55813485483,54.093668760771,68.));
#3858 = VECTOR('',#3859,1.);
#3859 = DIRECTION('',(-0.707106781187,-0.707106781187,0.));
#3860 = PCURVE('',#100,#3861);
#3861 = DEFINITIONAL_REPRESENTATION('',(#3862),#3866);
#3862 = LINE('',#3863,#3864);
#3863 = CARTESIAN_POINT('',(-50.55813485483,54.093668760771));
#3864 = VECTOR('',#3865,1.);
#3865 = DIRECTION('',(-0.707106781187,-0.707106781187));
#3866 = ( GEOMETRIC_REPRESENTATION_CONTEXT(2) 
PARAMETRIC_REPRESENTATION_CONTEXT() REPRESENTATION_CONTEXT('2D SPACE',''
  ) );
#3867 = PCURVE('',#3868,#3873);
#3868 = PLANE('',#3869);
#3869 = AXIS2_PLACEMENT_3D('',#3870,#3871,#3872);
#3870 = CARTESIAN_POINT('',(-50.55813485483,54.093668760771,59.));
#3871 = DIRECTION('',(-0.707106781187,0.707106781187,0.));
#3872 = DIRECTION('',(0.,0.,1.));
#3873 = DEFINITIONAL_REPRESENTATION('',(#3874),#3878);
#3874 = LINE('',#3875,#3876);
#3875 = CARTESIAN_POINT('',(9.,0.));
#3876 = VECTOR('',#3877,1.);
#3877 = DIRECTION('',(0.,-1.));
#3878 = ( GEOMETRIC_REPRESENTATION_CONTEXT(2) 
PARAMETRIC_REPRESENTATION_CONTEXT() REPRESENTATION_CONTEXT('2D SPACE',''
  ) );
#3879 = ORIENTED_EDGE('',*,*,#3880,.F.);
#3880 = EDGE_CURVE('',#209,#3853,#3881,.T.);
#3881 = SURFACE_CURVE('',#3882,(#3886,#3893),.PCURVE_S1.);
#3882 = LINE('',#3883,#3884);
#3883 = CARTESIAN_POINT('',(-46.31549416771,42.779960261786,68.));
#3884 = VECTOR('',#3885,1.);
#3885 = DIRECTION('',(-0.707106781187,0.707106781187,0.));
#3886 = PCURVE('',#100,#3887);
#3887 = DEFINITIONAL_REPRESENTATION('',(#3888),#3892);
#3888 = LINE('',#3889,#3890);
#3889 = CARTESIAN_POINT('',(-46.31549416771,42.779960261786));
#3890 = VECTOR('',#3891,1.);
#3891 = DIRECTION('',(-0.707106781187,0.707106781187));
#3892 = ( GEOMETRIC_REPRESENTATION_CONTEXT(2) 
PARAMETRIC_REPRESENTATION_CONTEXT() REPRESENTATION_CONTEXT('2D SPACE',''
  ) );
#3893 = PCURVE('',#223,#3894);
#3894 = DEFINITIONAL_REPRESENTATION('',(#3895),#3899);
#3895 = LINE('',#3896,#3897);
#3896 = CARTESIAN_POINT('',(9.,0.));
#3897 = VECTOR('',#3898,1.);
#3898 = DIRECTION('',(0.,1.));
#3899 = ( GEOMETRIC_REPRESENTATION_CONTEXT(2) 
PARAMETRIC_REPRESENTATION_CONTEXT() REPRESENTATION_CONTEXT('2D SPACE',''
  ) );
#3900 = ORIENTED_EDGE('',*,*,#234,.F.);
#3901 = ORIENTED_EDGE('',*,*,#3902,.T.);
#3902 = EDGE_CURVE('',#235,#3903,#3905,.T.);
#3903 = VERTEX_POINT('',#3904);
#3904 = CARTESIAN_POINT('',(-54.09366876077,-50.55813485483,68.));
#3905 = SURFACE_CURVE('',#3906,(#3910,#3917),.PCURVE_S1.);
#3906 = LINE('',#3907,#3908);
#3907 = CARTESIAN_POINT('',(-46.31549416771,-42.77996026178,68.));
#3908 = VECTOR('',#3909,1.);
#3909 = DIRECTION('',(-0.707106781187,-0.707106781187,0.));
#3910 = PCURVE('',#100,#3911);
#3911 = DEFINITIONAL_REPRESENTATION('',(#3912),#3916);
#3912 = LINE('',#3913,#3914);
#3913 = CARTESIAN_POINT('',(-46.31549416771,-42.77996026178));
#3914 = VECTOR('',#3915,1.);
#3915 = DIRECTION('',(-0.707106781187,-0.707106781187));
#3916 = ( GEOMETRIC_REPRESENTATION_CONTEXT(2) 
PARAMETRIC_REPRESENTATION_CONTEXT() REPRESENTATION_CONTEXT('2D SPACE',''
  ) );
#3917 = PCURVE('',#277,#3918);
#3918 = DEFINITIONAL_REPRESENTATION('',(#3919),#3923);
#3919 = LINE('',#3920,#3921);
#3920 = CARTESIAN_POINT('',(9.,0.));
#3921 = VECTOR('',#3922,1.);
#3922 = DIRECTION('',(0.,1.));
#3923 = ( GEOMETRIC_REPRESENTATION_CONTEXT(2) 
PARAMETRIC_REPRESENTATION_CONTEXT() REPRESENTATION_CONTEXT('2D SPACE',''
  ) );
#3924 = ORIENTED_EDGE('',*,*,#3925,.T.);
#3925 = EDGE_CURVE('',#3903,#3926,#3928,.T.);
#3926 = VERTEX_POINT('',#3927);
#3927 = CARTESIAN_POINT('',(-50.55813485483,-54.09366876077,68.));
#3928 = SURFACE_CURVE('',#3929,(#3933,#3940),.PCURVE_S1.);
#3929 = LINE('',#3930,#3931);
#3930 = CARTESIAN_POINT('',(-54.09366876077,-50.55813485483,68.));
#3931 = VECTOR('',#3932,1.);
#3932 = DIRECTION('',(0.707106781187,-0.707106781187,0.));
#3933 = PCURVE('',#100,#3934);
#3934 = DEFINITIONAL_REPRESENTATION('',(#3935),#3939);
#3935 = LINE('',#3936,#3937);
#3936 = CARTESIAN_POINT('',(-54.09366876077,-50.55813485483));
#3937 = VECTOR('',#3938,1.);
#3938 = DIRECTION('',(0.707106781187,-0.707106781187));
#3939 = ( GEOMETRIC_REPRESENTATION_CONTEXT(2) 
PARAMETRIC_REPRESENTATION_CONTEXT() REPRESENTATION_CONTEXT('2D SPACE',''
  ) );
#3940 = PCURVE('',#3941,#3946);
#3941 = PLANE('',#3942);
#3942 = AXIS2_PLACEMENT_3D('',#3943,#3944,#3945);
#3943 = CARTESIAN_POINT('',(-54.09366876077,-50.55813485483,59.));
#3944 = DIRECTION('',(-0.707106781187,-0.707106781187,0.));
#3945 = DIRECTION('',(0.,0.,1.));
#3946 = DEFINITIONAL_REPRESENTATION('',(#3947),#3951);
#3947 = LINE('',#3948,#3949);
#3948 = CARTESIAN_POINT('',(9.,0.));
#3949 = VECTOR('',#3950,1.);
#3950 = DIRECTION('',(0.,-1.));
#3951 = ( GEOMETRIC_REPRESENTATION_CONTEXT(2) 
PARAMETRIC_REPRESENTATION_CONTEXT() REPRESENTATION_CONTEXT('2D SPACE',''
  ) );
#3952 = ORIENTED_EDGE('',*,*,#3953,.F.);
#3953 = EDGE_CURVE('',#355,#3926,#3954,.T.);
#3954 = SURFACE_CURVE('',#3955,(#3959,#3966),.PCURVE_S1.);
#3955 = LINE('',#3956,#3957);
#3956 = CARTESIAN_POINT('',(-42.77996026178,-46.31549416771,68.));
#3957 = VECTOR('',#3958,1.);
#3958 = DIRECTION('',(-0.707106781187,-0.707106781187,0.));
#3959 = PCURVE('',#100,#3960);
#3960 = DEFINITIONAL_REPRESENTATION('',(#3961),#3965);
#3961 = LINE('',#3962,#3963);
#3962 = CARTESIAN_POINT('',(-42.77996026178,-46.31549416771));
#3963 = VECTOR('',#3964,1.);
#3964 = DIRECTION('',(-0.707106781187,-0.707106781187));
#3965 = ( GEOMETRIC_REPRESENTATION_CONTEXT(2) 
PARAMETRIC_REPRESENTATION_CONTEXT() REPRESENTATION_CONTEXT('2D SPACE',''
  ) );
#3966 = PCURVE('',#369,#3967);
#3967 = DEFINITIONAL_REPRESENTATION('',(#3968),#3972);
#3968 = LINE('',#3969,#3970);
#3969 = CARTESIAN_POINT('',(9.,0.));
#3970 = VECTOR('',#3971,1.);
#3971 = DIRECTION('',(0.,1.));
#3972 = ( GEOMETRIC_REPRESENTATION_CONTEXT(2) 
PARAMETRIC_REPRESENTATION_CONTEXT() REPRESENTATION_CONTEXT('2D SPACE',''
  ) );
#3973 = ORIENTED_EDGE('',*,*,#380,.F.);
#3974 = ORIENTED_EDGE('',*,*,#3975,.T.);
#3975 = EDGE_CURVE('',#381,#3976,#3978,.T.);
#3976 = VERTEX_POINT('',#3977);
#3977 = CARTESIAN_POINT('',(50.558134854838,-54.09366876077,68.));
#3978 = SURFACE_CURVE('',#3979,(#3983,#3990),.PCURVE_S1.);
#3979 = LINE('',#3980,#3981);
#3980 = CARTESIAN_POINT('',(42.779960261786,-46.31549416771,68.));
#3981 = VECTOR('',#3982,1.);
#3982 = DIRECTION('',(0.707106781187,-0.707106781187,0.));
#3983 = PCURVE('',#100,#3984);
#3984 = DEFINITIONAL_REPRESENTATION('',(#3985),#3989);
#3985 = LINE('',#3986,#3987);
#3986 = CARTESIAN_POINT('',(42.779960261786,-46.31549416771));
#3987 = VECTOR('',#3988,1.);
#3988 = DIRECTION('',(0.707106781187,-0.707106781187));
#3989 = ( GEOMETRIC_REPRESENTATION_CONTEXT(2) 
PARAMETRIC_REPRESENTATION_CONTEXT() REPRESENTATION_CONTEXT('2D SPACE',''
  ) );
#3990 = PCURVE('',#423,#3991);
#3991 = DEFINITIONAL_REPRESENTATION('',(#3992),#3996);
#3992 = LINE('',#3993,#3994);
#3993 = CARTESIAN_POINT('',(9.,0.));
#3994 = VECTOR('',#3995,1.);
#3995 = DIRECTION('',(0.,1.));
#3996 = ( GEOMETRIC_REPRESENTATION_CONTEXT(2) 
PARAMETRIC_REPRESENTATION_CONTEXT() REPRESENTATION_CONTEXT('2D SPACE',''
  ) );
#3997 = ORIENTED_EDGE('',*,*,#3998,.T.);
#3998 = EDGE_CURVE('',#3976,#3999,#4001,.T.);
#3999 = VERTEX_POINT('',#4000);
#4000 = CARTESIAN_POINT('',(54.093668760771,-50.55813485483,68.));
#4001 = SURFACE_CURVE('',#4002,(#4006,#4013),.PCURVE_S1.);
#4002 = LINE('',#4003,#4004);
#4003 = CARTESIAN_POINT('',(50.558134854838,-54.09366876077,68.));
#4004 = VECTOR('',#4005,1.);
#4005 = DIRECTION('',(0.707106781187,0.707106781187,0.));
#4006 = PCURVE('',#100,#4007);
#4007 = DEFINITIONAL_REPRESENTATION('',(#4008),#4012);
#4008 = LINE('',#4009,#4010);
#4009 = CARTESIAN_POINT('',(50.558134854838,-54.09366876077));
#4010 = VECTOR('',#4011,1.);
#4011 = DIRECTION('',(0.707106781187,0.707106781187));
#4012 = ( GEOMETRIC_REPRESENTATION_CONTEXT(2) 
PARAMETRIC_REPRESENTATION_CONTEXT() REPRESENTATION_CONTEXT('2D SPACE',''
  ) );
#4013 = PCURVE('',#4014,#4019);
#4014 = PLANE('',#4015);
#4015 = AXIS2_PLACEMENT_3D('',#4016,#4017,#4018);
#4016 = CARTESIAN_POINT('',(50.558134854838,-54.09366876077,59.));
#4017 = DIRECTION('',(0.707106781187,-0.707106781187,0.));
#4018 = DIRECTION('',(0.,0.,1.));
#4019 = DEFINITIONAL_REPRESENTATION('',(#4020),#4024);
#4020 = LINE('',#4021,#4022);
#4021 = CARTESIAN_POINT('',(9.,0.));
#4022 = VECTOR('',#4023,1.);
#4023 = DIRECTION('',(0.,-1.));
#4024 = ( GEOMETRIC_REPRESENTATION_CONTEXT(2) 
PARAMETRIC_REPRESENTATION_CONTEXT() REPRESENTATION_CONTEXT('2D SPACE',''
  ) );
#4025 = ORIENTED_EDGE('',*,*,#4026,.F.);
#4026 = EDGE_CURVE('',#501,#3999,#4027,.T.);
#4027 = SURFACE_CURVE('',#4028,(#4032,#4039),.PCURVE_S1.);
#4028 = LINE('',#4029,#4030);
#4029 = CARTESIAN_POINT('',(46.315494167719,-42.77996026178,68.));
#4030 = VECTOR('',#4031,1.);
#4031 = DIRECTION('',(0.707106781187,-0.707106781187,0.));
#4032 = PCURVE('',#100,#4033);
#4033 = DEFINITIONAL_REPRESENTATION('',(#4034),#4038);
#4034 = LINE('',#4035,#4036);
#4035 = CARTESIAN_POINT('',(46.315494167719,-42.77996026178));
#4036 = VECTOR('',#4037,1.);
#4037 = DIRECTION('',(0.707106781187,-0.707106781187));
#4038 = ( GEOMETRIC_REPRESENTATION_CONTEXT(2) 
PARAMETRIC_REPRESENTATION_CONTEXT() REPRESENTATION_CONTEXT('2D SPACE',''
  ) );
#4039 = PCURVE('',#515,#4040);
#4040 = DEFINITIONAL_REPRESENTATION('',(#4041),#4045);
#4041 = LINE('',#4042,#4043);
#4042 = CARTESIAN_POINT('',(9.,0.));
#4043 = VECTOR('',#4044,1.);
#4044 = DIRECTION('',(0.,1.));
#4045 = ( GEOMETRIC_REPRESENTATION_CONTEXT(2) 
PARAMETRIC_REPRESENTATION_CONTEXT() REPRESENTATION_CONTEXT('2D SPACE',''
  ) );
#4046 = ORIENTED_EDGE('',*,*,#526,.F.);
#4047 = ORIENTED_EDGE('',*,*,#4048,.T.);
#4048 = EDGE_CURVE('',#527,#4049,#4051,.T.);
#4049 = VERTEX_POINT('',#4050);
#4050 = CARTESIAN_POINT('',(54.093668760771,50.558134854838,68.));
#4051 = SURFACE_CURVE('',#4052,(#4056,#4063),.PCURVE_S1.);
#4052 = LINE('',#4053,#4054);
#4053 = CARTESIAN_POINT('',(46.315494167719,42.779960261786,68.));
#4054 = VECTOR('',#4055,1.);
#4055 = DIRECTION('',(0.707106781187,0.707106781187,0.));
#4056 = PCURVE('',#100,#4057);
#4057 = DEFINITIONAL_REPRESENTATION('',(#4058),#4062);
#4058 = LINE('',#4059,#4060);
#4059 = CARTESIAN_POINT('',(46.315494167719,42.779960261786));
#4060 = VECTOR('',#4061,1.);
#4061 = DIRECTION('',(0.707106781187,0.707106781187));
#4062 = ( GEOMETRIC_REPRESENTATION_CONTEXT(2) 
PARAMETRIC_REPRESENTATION_CONTEXT() REPRESENTATION_CONTEXT('2D SPACE',''
  ) );
#4063 = PCURVE('',#569,#4064);
#4064 = DEFINITIONAL_REPRESENTATION('',(#4065),#4069);
#4065 = LINE('',#4066,#4067);
#4066 = CARTESIAN_POINT('',(9.,0.));
#4067 = VECTOR('',#4068,1.);
#4068 = DIRECTION('',(0.,1.));
#4069 = ( GEOMETRIC_REPRESENTATION_CONTEXT(2) 
PARAMETRIC_REPRESENTATION_CONTEXT() REPRESENTATION_CONTEXT('2D SPACE',''
  ) );
#4070 = ORIENTED_EDGE('',*,*,#4071,.T.);
#4071 = EDGE_CURVE('',#4049,#4072,#4074,.T.);
#4072 = VERTEX_POINT('',#4073);
#4073 = CARTESIAN_POINT('',(50.558134854838,54.093668760771,68.));
#4074 = SURFACE_CURVE('',#4075,(#4079,#4086),.PCURVE_S1.);
#4075 = LINE('',#4076,#4077);
#4076 = CARTESIAN_POINT('',(54.093668760771,50.558134854838,68.));
#4077 = VECTOR('',#4078,1.);
#4078 = DIRECTION('',(-0.707106781187,0.707106781187,0.));
#4079 = PCURVE('',#100,#4080);
#4080 = DEFINITIONAL_REPRESENTATION('',(#4081),#4085);
#4081 = LINE('',#4082,#4083);
#4082 = CARTESIAN_POINT('',(54.093668760771,50.558134854838));
#4083 = VECTOR('',#4084,1.);
#4084 = DIRECTION('',(-0.707106781187,0.707106781187));
#4085 = ( GEOMETRIC_REPRESENTATION_CONTEXT(2) 
PARAMETRIC_REPRESENTATION_CONTEXT() REPRESENTATION_CONTEXT('2D SPACE',''
  ) );
#4086 = PCURVE('',#4087,#4092);
#4087 = PLANE('',#4088);
#4088 = AXIS2_PLACEMENT_3D('',#4089,#4090,#4091);
#4089 = CARTESIAN_POINT('',(54.093668760771,50.558134854838,59.));
#4090 = DIRECTION('',(0.707106781187,0.707106781187,0.));
#4091 = DIRECTION('',(0.,0.,1.));
#4092 = DEFINITIONAL_REPRESENTATION('',(#4093),#4097);
#4093 = LINE('',#4094,#4095);
#4094 = CARTESIAN_POINT('',(9.,0.));
#4095 = VECTOR('',#4096,1.);
#4096 = DIRECTION('',(0.,-1.));
#4097 = ( GEOMETRIC_REPRESENTATION_CONTEXT(2) 
PARAMETRIC_REPRESENTATION_CONTEXT() REPRESENTATION_CONTEXT('2D SPACE',''
  ) );
#4098 = ORIENTED_EDGE('',*,*,#4099,.F.);
#4099 = EDGE_CURVE('',#647,#4072,#4100,.T.);
#4100 = SURFACE_CURVE('',#4101,(#4105,#4112),.PCURVE_S1.);
#4101 = LINE('',#4102,#4103);
#4102 = CARTESIAN_POINT('',(42.779960261786,46.315494167719,68.));
#4103 = VECTOR('',#4104,1.);
#4104 = DIRECTION('',(0.707106781187,0.707106781187,0.));
#4105 = PCURVE('',#100,#4106);
#4106 = DEFINITIONAL_REPRESENTATION('',(#4107),#4111);
#4107 = LINE('',#4108,#4109);
#4108 = CARTESIAN_POINT('',(42.779960261786,46.315494167719));
#4109 = VECTOR('',#4110,1.);
#4110 = DIRECTION('',(0.707106781187,0.707106781187));
#4111 = ( GEOMETRIC_REPRESENTATION_CONTEXT(2) 
PARAMETRIC_REPRESENTATION_CONTEXT() REPRESENTATION_CONTEXT('2D SPACE',''
  ) );
#4112 = PCURVE('',#661,#4113);
#4113 = DEFINITIONAL_REPRESENTATION('',(#4114),#4118);
#4114 = LINE('',#4115,#4116);
#4115 = CARTESIAN_POINT('',(9.,0.));
#4116 = VECTOR('',#4117,1.);
#4117 = DIRECTION('',(0.,1.));
#4118 = ( GEOMETRIC_REPRESENTATION_CONTEXT(2) 
PARAMETRIC_REPRESENTATION_CONTEXT() REPRESENTATION_CONTEXT('2D SPACE',''
  ) );
#4119 = FACE_BOUND('',#4120,.T.);
#4120 = EDGE_LOOP('',(#4121));
#4121 = ORIENTED_EDGE('',*,*,#4122,.T.);
#4122 = EDGE_CURVE('',#4123,#4123,#4125,.T.);
#4123 = VERTEX_POINT('',#4124);
#4124 = CARTESIAN_POINT('',(-42.44772721475,-44.54772721475,68.));
#4125 = SURFACE_CURVE('',#4126,(#4131,#4142),.PCURVE_S1.);
#4126 = CIRCLE('',#4127,2.1);
#4127 = AXIS2_PLACEMENT_3D('',#4128,#4129,#4130);
#4128 = CARTESIAN_POINT('',(-44.54772721475,-44.54772721475,68.));
#4129 = DIRECTION('',(0.,0.,-1.));
#4130 = DIRECTION('',(1.,0.,0.));
#4131 = PCURVE('',#100,#4132);
#4132 = DEFINITIONAL_REPRESENTATION('',(#4133),#4141);
#4133 = ( BOUNDED_CURVE() B_SPLINE_CURVE(2,(#4134,#4135,#4136,#4137,
#4138,#4139,#4140),.UNSPECIFIED.,.T.,.F.) B_SPLINE_CURVE_WITH_KNOTS((1,2
    ,2,2,2,1),(-2.094395102393,0.,2.094395102393,4.188790204786,
6.28318530718,8.377580409573),.UNSPECIFIED.) CURVE() 
GEOMETRIC_REPRESENTATION_ITEM() RATIONAL_B_SPLINE_CURVE((1.,0.5,1.,0.5,
1.,0.5,1.)) REPRESENTATION_ITEM('') );
#4134 = CARTESIAN_POINT('',(-42.44772721475,-44.54772721475));
#4135 = CARTESIAN_POINT('',(-42.44772721475,-48.18503391064));
#4136 = CARTESIAN_POINT('',(-45.59772721475,-46.3663805627));
#4137 = CARTESIAN_POINT('',(-48.74772721475,-44.54772721475));
#4138 = CARTESIAN_POINT('',(-45.59772721475,-42.7290738668));
#4139 = CARTESIAN_POINT('',(-42.44772721475,-40.91042051885));
#4140 = CARTESIAN_POINT('',(-42.44772721475,-44.54772721475));
#4141 = ( GEOMETRIC_REPRESENTATION_CONTEXT(2) 
PARAMETRIC_REPRESENTATION_CONTEXT() REPRESENTATION_CONTEXT('2D SPACE',''
  ) );
#4142 = PCURVE('',#4143,#4148);
#4143 = CYLINDRICAL_SURFACE('',#4144,2.1);
#4144 = AXIS2_PLACEMENT_3D('',#4145,#4146,#4147);
#4145 = CARTESIAN_POINT('',(-44.54772721475,-44.54772721475,62.5));
#4146 = DIRECTION('',(-0.,-0.,-1.));
#4147 = DIRECTION('',(1.,0.,0.));
#4148 = DEFINITIONAL_REPRESENTATION('',(#4149),#4153);
#4149 = LINE('',#4150,#4151);
#4150 = CARTESIAN_POINT('',(-6.28318530718,-5.5));
#4151 = VECTOR('',#4152,1.);
#4152 = DIRECTION('',(1.,-0.));
#4153 = ( GEOMETRIC_REPRESENTATION_CONTEXT(2) 
PARAMETRIC_REPRESENTATION_CONTEXT() REPRESENTATION_CONTEXT('2D SPACE',''
  ) );
#4154 = FACE_BOUND('',#4155,.T.);
#4155 = EDGE_LOOP('',(#4156));
#4156 = ORIENTED_EDGE('',*,*,#4157,.T.);
#4157 = EDGE_CURVE('',#4158,#4158,#4160,.T.);
#4158 = VERTEX_POINT('',#4159);
#4159 = CARTESIAN_POINT('',(46.647727214752,-44.54772721475,68.));
#4160 = SURFACE_CURVE('',#4161,(#4166,#4177),.PCURVE_S1.);
#4161 = CIRCLE('',#4162,2.1);
#4162 = AXIS2_PLACEMENT_3D('',#4163,#4164,#4165);
#4163 = CARTESIAN_POINT('',(44.547727214752,-44.54772721475,68.));
#4164 = DIRECTION('',(0.,0.,-1.));
#4165 = DIRECTION('',(1.,0.,0.));
#4166 = PCURVE('',#100,#4167);
#4167 = DEFINITIONAL_REPRESENTATION('',(#4168),#4176);
#4168 = ( BOUNDED_CURVE() B_SPLINE_CURVE(2,(#4169,#4170,#4171,#4172,
#4173,#4174,#4175),.UNSPECIFIED.,.T.,.F.) B_SPLINE_CURVE_WITH_KNOTS((1,2
    ,2,2,2,1),(-2.094395102393,0.,2.094395102393,4.188790204786,
6.28318530718,8.377580409573),.UNSPECIFIED.) CURVE() 
GEOMETRIC_REPRESENTATION_ITEM() RATIONAL_B_SPLINE_CURVE((1.,0.5,1.,0.5,
1.,0.5,1.)) REPRESENTATION_ITEM('') );
#4169 = CARTESIAN_POINT('',(46.647727214752,-44.54772721475));
#4170 = CARTESIAN_POINT('',(46.647727214752,-48.18503391064));
#4171 = CARTESIAN_POINT('',(43.497727214752,-46.3663805627));
#4172 = CARTESIAN_POINT('',(40.347727214752,-44.54772721475));
#4173 = CARTESIAN_POINT('',(43.497727214752,-42.7290738668));
#4174 = CARTESIAN_POINT('',(46.647727214752,-40.91042051885));
#4175 = CARTESIAN_POINT('',(46.647727214752,-44.54772721475));
#4176 = ( GEOMETRIC_REPRESENTATION_CONTEXT(2) 
PARAMETRIC_REPRESENTATION_CONTEXT() REPRESENTATION_CONTEXT('2D SPACE',''
  ) );
#4177 = PCURVE('',#4178,#4183);
#4178 = CYLINDRICAL_SURFACE('',#4179,2.1);
#4179 = AXIS2_PLACEMENT_3D('',#4180,#4181,#4182);
#4180 = CARTESIAN_POINT('',(44.547727214752,-44.54772721475,62.5));
#4181 = DIRECTION('',(-0.,-0.,-1.));
#4182 = DIRECTION('',(1.,0.,0.));
#4183 = DEFINITIONAL_REPRESENTATION('',(#4184),#4188);
#4184 = LINE('',#4185,#4186);
#4185 = CARTESIAN_POINT('',(-6.28318530718,-5.5));
#4186 = VECTOR('',#4187,1.);
#4187 = DIRECTION('',(1.,-0.));
#4188 = ( GEOMETRIC_REPRESENTATION_CONTEXT(2) 
PARAMETRIC_REPRESENTATION_CONTEXT() REPRESENTATION_CONTEXT('2D SPACE',''
  ) );
#4189 = FACE_BOUND('',#4190,.T.);
#4190 = EDGE_LOOP('',(#4191));
#4191 = ORIENTED_EDGE('',*,*,#4192,.T.);
#4192 = EDGE_CURVE('',#4193,#4193,#4195,.T.);
#4193 = VERTEX_POINT('',#4194);
#4194 = CARTESIAN_POINT('',(-42.44772721475,44.547727214752,68.));
#4195 = SURFACE_CURVE('',#4196,(#4201,#4212),.PCURVE_S1.);
#4196 = CIRCLE('',#4197,2.1);
#4197 = AXIS2_PLACEMENT_3D('',#4198,#4199,#4200);
#4198 = CARTESIAN_POINT('',(-44.54772721475,44.547727214752,68.));
#4199 = DIRECTION('',(0.,0.,-1.));
#4200 = DIRECTION('',(1.,0.,0.));
#4201 = PCURVE('',#100,#4202);
#4202 = DEFINITIONAL_REPRESENTATION('',(#4203),#4211);
#4203 = ( BOUNDED_CURVE() B_SPLINE_CURVE(2,(#4204,#4205,#4206,#4207,
#4208,#4209,#4210),.UNSPECIFIED.,.T.,.F.) B_SPLINE_CURVE_WITH_KNOTS((1,2
    ,2,2,2,1),(-2.094395102393,0.,2.094395102393,4.188790204786,
6.28318530718,8.377580409573),.UNSPECIFIED.) CURVE() 
GEOMETRIC_REPRESENTATION_ITEM() RATIONAL_B_SPLINE_CURVE((1.,0.5,1.,0.5,
1.,0.5,1.)) REPRESENTATION_ITEM('') );
#4204 = CARTESIAN_POINT('',(-42.44772721475,44.547727214752));
#4205 = CARTESIAN_POINT('',(-42.44772721475,40.910420518858));
#4206 = CARTESIAN_POINT('',(-45.59772721475,42.729073866805));
#4207 = CARTESIAN_POINT('',(-48.74772721475,44.547727214752));
#4208 = CARTESIAN_POINT('',(-45.59772721475,46.3663805627));
#4209 = CARTESIAN_POINT('',(-42.44772721475,48.185033910647));
#4210 = CARTESIAN_POINT('',(-42.44772721475,44.547727214752));
#4211 = ( GEOMETRIC_REPRESENTATION_CONTEXT(2) 
PARAMETRIC_REPRESENTATION_CONTEXT() REPRESENTATION_CONTEXT('2D SPACE',''
  ) );
#4212 = PCURVE('',#4213,#4218);
#4213 = CYLINDRICAL_SURFACE('',#4214,2.1);
#4214 = AXIS2_PLACEMENT_3D('',#4215,#4216,#4217);
#4215 = CARTESIAN_POINT('',(-44.54772721475,44.547727214752,62.5));
#4216 = DIRECTION('',(-0.,-0.,-1.));
#4217 = DIRECTION('',(1.,0.,0.));
#4218 = DEFINITIONAL_REPRESENTATION('',(#4219),#4223);
#4219 = LINE('',#4220,#4221);
#4220 = CARTESIAN_POINT('',(-6.28318530718,-5.5));
#4221 = VECTOR('',#4222,1.);
#4222 = DIRECTION('',(1.,-0.));
#4223 = ( GEOMETRIC_REPRESENTATION_CONTEXT(2) 
PARAMETRIC_REPRESENTATION_CONTEXT() REPRESENTATION_CONTEXT('2D SPACE',''
  ) );
#4224 = FACE_BOUND('',#4225,.T.);
#4225 = EDGE_LOOP('',(#4226,#4256,#4284,#4313,#4341,#4369,#4397,#4426,
    #4454,#4482,#4510,#4539,#4567,#4595,#4617,#4645,#4673,#4702));
#4226 = ORIENTED_EDGE('',*,*,#4227,.T.);
#4227 = EDGE_CURVE('',#4228,#4230,#4232,.T.);
#4228 = VERTEX_POINT('',#4229);
#4229 = CARTESIAN_POINT('',(51.941216106876,48.405682200944,68.));
#4230 = VERTEX_POINT('',#4231);
#4231 = CARTESIAN_POINT('',(51.941216106876,-48.40568220094,68.));
#4232 = SURFACE_CURVE('',#4233,(#4238,#4249),.PCURVE_S1.);
#4233 = CIRCLE('',#4234,71.);
#4234 = AXIS2_PLACEMENT_3D('',#4235,#4236,#4237);
#4235 = CARTESIAN_POINT('',(0.,0.,68.));
#4236 = DIRECTION('',(0.,0.,-1.));
#4237 = DIRECTION('',(1.,0.,0.));
#4238 = PCURVE('',#100,#4239);
#4239 = DEFINITIONAL_REPRESENTATION('',(#4240),#4248);
#4240 = ( BOUNDED_CURVE() B_SPLINE_CURVE(2,(#4241,#4242,#4243,#4244,
#4245,#4246,#4247),.UNSPECIFIED.,.T.,.F.) B_SPLINE_CURVE_WITH_KNOTS((1,2
    ,2,2,2,1),(-2.094395102393,0.,2.094395102393,4.188790204786,
6.28318530718,8.377580409573),.UNSPECIFIED.) CURVE() 
GEOMETRIC_REPRESENTATION_ITEM() RATIONAL_B_SPLINE_CURVE((1.,0.5,1.,0.5,
1.,0.5,1.)) REPRESENTATION_ITEM('') );
#4241 = CARTESIAN_POINT('',(71.,-6.440411965619E-15));
#4242 = CARTESIAN_POINT('',(71.,-122.9756073373));
#4243 = CARTESIAN_POINT('',(-35.5,-61.48780366869));
#4244 = CARTESIAN_POINT('',(-142.,-2.383039651351E-14));
#4245 = CARTESIAN_POINT('',(-35.5,61.487803668695));
#4246 = CARTESIAN_POINT('',(71.,122.97560733739));
#4247 = CARTESIAN_POINT('',(71.,-6.440411965619E-15));
#4248 = ( GEOMETRIC_REPRESENTATION_CONTEXT(2) 
PARAMETRIC_REPRESENTATION_CONTEXT() REPRESENTATION_CONTEXT('2D SPACE',''
  ) );
#4249 = PCURVE('',#3190,#4250);
#4250 = DEFINITIONAL_REPRESENTATION('',(#4251),#4255);
#4251 = LINE('',#4252,#4253);
#4252 = CARTESIAN_POINT('',(-12.56637061435,-66.));
#4253 = VECTOR('',#4254,1.);
#4254 = DIRECTION('',(1.,-0.));
#4255 = ( GEOMETRIC_REPRESENTATION_CONTEXT(2) 
PARAMETRIC_REPRESENTATION_CONTEXT() REPRESENTATION_CONTEXT('2D SPACE',''
  ) );
#4256 = ORIENTED_EDGE('',*,*,#4257,.F.);
#4257 = EDGE_CURVE('',#4258,#4230,#4260,.T.);
#4258 = VERTEX_POINT('',#4259);
#4259 = CARTESIAN_POINT('',(49.377356346198,-45.84182244026,68.));
#4260 = SURFACE_CURVE('',#4261,(#4265,#4272),.PCURVE_S1.);
#4261 = LINE('',#4262,#4263);
#4262 = CARTESIAN_POINT('',(46.315494167719,-42.77996026178,68.));
#4263 = VECTOR('',#4264,1.);
#4264 = DIRECTION('',(0.707106781187,-0.707106781187,0.));
#4265 = PCURVE('',#100,#4266);
#4266 = DEFINITIONAL_REPRESENTATION('',(#4267),#4271);
#4267 = LINE('',#4268,#4269);
#4268 = CARTESIAN_POINT('',(46.315494167719,-42.77996026178));
#4269 = VECTOR('',#4270,1.);
#4270 = DIRECTION('',(0.707106781187,-0.707106781187));
#4271 = ( GEOMETRIC_REPRESENTATION_CONTEXT(2) 
PARAMETRIC_REPRESENTATION_CONTEXT() REPRESENTATION_CONTEXT('2D SPACE',''
  ) );
#4272 = PCURVE('',#4273,#4278);
#4273 = PLANE('',#4274);
#4274 = AXIS2_PLACEMENT_3D('',#4275,#4276,#4277);
#4275 = CARTESIAN_POINT('',(46.315494167719,-42.77996026178,59.));
#4276 = DIRECTION('',(0.707106781187,0.707106781187,0.));
#4277 = DIRECTION('',(0.,0.,1.));
#4278 = DEFINITIONAL_REPRESENTATION('',(#4279),#4283);
#4279 = LINE('',#4280,#4281);
#4280 = CARTESIAN_POINT('',(9.,0.));
#4281 = VECTOR('',#4282,1.);
#4282 = DIRECTION('',(0.,1.));
#4283 = ( GEOMETRIC_REPRESENTATION_CONTEXT(2) 
PARAMETRIC_REPRESENTATION_CONTEXT() REPRESENTATION_CONTEXT('2D SPACE',''
  ) );
#4284 = ORIENTED_EDGE('',*,*,#4285,.T.);
#4285 = EDGE_CURVE('',#4258,#4286,#4288,.T.);
#4286 = VERTEX_POINT('',#4287);
#4287 = CARTESIAN_POINT('',(45.841822440265,-49.37735634619,68.));
#4288 = SURFACE_CURVE('',#4289,(#4294,#4301),.PCURVE_S1.);
#4289 = CIRCLE('',#4290,5.);
#4290 = AXIS2_PLACEMENT_3D('',#4291,#4292,#4293);
#4291 = CARTESIAN_POINT('',(44.547727214752,-44.54772721475,68.));
#4292 = DIRECTION('',(-0.,0.,1.));
#4293 = DIRECTION('',(0.965925826289,-0.258819045103,0.));
#4294 = PCURVE('',#100,#4295);
#4295 = DEFINITIONAL_REPRESENTATION('',(#4296),#4300);
#4296 = CIRCLE('',#4297,5.);
#4297 = AXIS2_PLACEMENT_2D('',#4298,#4299);
#4298 = CARTESIAN_POINT('',(44.547727214752,-44.54772721475));
#4299 = DIRECTION('',(0.965925826289,-0.258819045103));
#4300 = ( GEOMETRIC_REPRESENTATION_CONTEXT(2) 
PARAMETRIC_REPRESENTATION_CONTEXT() REPRESENTATION_CONTEXT('2D SPACE',''
  ) );
#4301 = PCURVE('',#4302,#4307);
#4302 = CYLINDRICAL_SURFACE('',#4303,5.);
#4303 = AXIS2_PLACEMENT_3D('',#4304,#4305,#4306);
#4304 = CARTESIAN_POINT('',(44.547727214752,-44.54772721475,59.));
#4305 = DIRECTION('',(-0.,-0.,-1.));
#4306 = DIRECTION('',(1.,0.,0.));
#4307 = DEFINITIONAL_REPRESENTATION('',(#4308),#4312);
#4308 = LINE('',#4309,#4310);
#4309 = CARTESIAN_POINT('',(-6.02138591938,-9.));
#4310 = VECTOR('',#4311,1.);
#4311 = DIRECTION('',(-1.,0.));
#4312 = ( GEOMETRIC_REPRESENTATION_CONTEXT(2) 
PARAMETRIC_REPRESENTATION_CONTEXT() REPRESENTATION_CONTEXT('2D SPACE',''
  ) );
#4313 = ORIENTED_EDGE('',*,*,#4314,.T.);
#4314 = EDGE_CURVE('',#4286,#4315,#4317,.T.);
#4315 = VERTEX_POINT('',#4316);
#4316 = CARTESIAN_POINT('',(48.405682200944,-51.94121610687,68.));
#4317 = SURFACE_CURVE('',#4318,(#4322,#4329),.PCURVE_S1.);
#4318 = LINE('',#4319,#4320);
#4319 = CARTESIAN_POINT('',(42.779960261786,-46.31549416771,68.));
#4320 = VECTOR('',#4321,1.);
#4321 = DIRECTION('',(0.707106781187,-0.707106781187,0.));
#4322 = PCURVE('',#100,#4323);
#4323 = DEFINITIONAL_REPRESENTATION('',(#4324),#4328);
#4324 = LINE('',#4325,#4326);
#4325 = CARTESIAN_POINT('',(42.779960261786,-46.31549416771));
#4326 = VECTOR('',#4327,1.);
#4327 = DIRECTION('',(0.707106781187,-0.707106781187));
#4328 = ( GEOMETRIC_REPRESENTATION_CONTEXT(2) 
PARAMETRIC_REPRESENTATION_CONTEXT() REPRESENTATION_CONTEXT('2D SPACE',''
  ) );
#4329 = PCURVE('',#4330,#4335);
#4330 = PLANE('',#4331);
#4331 = AXIS2_PLACEMENT_3D('',#4332,#4333,#4334);
#4332 = CARTESIAN_POINT('',(42.779960261786,-46.31549416771,59.));
#4333 = DIRECTION('',(0.707106781187,0.707106781187,0.));
#4334 = DIRECTION('',(0.,0.,1.));
#4335 = DEFINITIONAL_REPRESENTATION('',(#4336),#4340);
#4336 = LINE('',#4337,#4338);
#4337 = CARTESIAN_POINT('',(9.,0.));
#4338 = VECTOR('',#4339,1.);
#4339 = DIRECTION('',(0.,1.));
#4340 = ( GEOMETRIC_REPRESENTATION_CONTEXT(2) 
PARAMETRIC_REPRESENTATION_CONTEXT() REPRESENTATION_CONTEXT('2D SPACE',''
  ) );
#4341 = ORIENTED_EDGE('',*,*,#4342,.T.);
#4342 = EDGE_CURVE('',#4315,#4343,#4345,.T.);
#4343 = VERTEX_POINT('',#4344);
#4344 = CARTESIAN_POINT('',(-48.40568220094,-51.94121610687,68.));
#4345 = SURFACE_CURVE('',#4346,(#4351,#4362),.PCURVE_S1.);
#4346 = CIRCLE('',#4347,71.);
#4347 = AXIS2_PLACEMENT_3D('',#4348,#4349,#4350);
#4348 = CARTESIAN_POINT('',(0.,0.,68.));
#4349 = DIRECTION('',(0.,0.,-1.));
#4350 = DIRECTION('',(1.,0.,0.));
#4351 = PCURVE('',#100,#4352);
#4352 = DEFINITIONAL_REPRESENTATION('',(#4353),#4361);
#4353 = ( BOUNDED_CURVE() B_SPLINE_CURVE(2,(#4354,#4355,#4356,#4357,
#4358,#4359,#4360),.UNSPECIFIED.,.T.,.F.) B_SPLINE_CURVE_WITH_KNOTS((1,2
    ,2,2,2,1),(-2.094395102393,0.,2.094395102393,4.188790204786,
6.28318530718,8.377580409573),.UNSPECIFIED.) CURVE() 
GEOMETRIC_REPRESENTATION_ITEM() RATIONAL_B_SPLINE_CURVE((1.,0.5,1.,0.5,
1.,0.5,1.)) REPRESENTATION_ITEM('') );
#4354 = CARTESIAN_POINT('',(71.,-6.440411965619E-15));
#4355 = CARTESIAN_POINT('',(71.,-122.9756073373));
#4356 = CARTESIAN_POINT('',(-35.5,-61.48780366869));
#4357 = CARTESIAN_POINT('',(-142.,-2.383039651351E-14));
#4358 = CARTESIAN_POINT('',(-35.5,61.487803668695));
#4359 = CARTESIAN_POINT('',(71.,122.97560733739));
#4360 = CARTESIAN_POINT('',(71.,-6.440411965619E-15));
#4361 = ( GEOMETRIC_REPRESENTATION_CONTEXT(2) 
PARAMETRIC_REPRESENTATION_CONTEXT() REPRESENTATION_CONTEXT('2D SPACE',''
  ) );
#4362 = PCURVE('',#3190,#4363);
#4363 = DEFINITIONAL_REPRESENTATION('',(#4364),#4368);
#4364 = LINE('',#4365,#4366);
#4365 = CARTESIAN_POINT('',(-12.56637061435,-66.));
#4366 = VECTOR('',#4367,1.);
#4367 = DIRECTION('',(1.,-0.));
#4368 = ( GEOMETRIC_REPRESENTATION_CONTEXT(2) 
PARAMETRIC_REPRESENTATION_CONTEXT() REPRESENTATION_CONTEXT('2D SPACE',''
  ) );
#4369 = ORIENTED_EDGE('',*,*,#4370,.F.);
#4370 = EDGE_CURVE('',#4371,#4343,#4373,.T.);
#4371 = VERTEX_POINT('',#4372);
#4372 = CARTESIAN_POINT('',(-45.84182244026,-49.37735634619,68.));
#4373 = SURFACE_CURVE('',#4374,(#4378,#4385),.PCURVE_S1.);
#4374 = LINE('',#4375,#4376);
#4375 = CARTESIAN_POINT('',(-42.77996026178,-46.31549416771,68.));
#4376 = VECTOR('',#4377,1.);
#4377 = DIRECTION('',(-0.707106781187,-0.707106781187,0.));
#4378 = PCURVE('',#100,#4379);
#4379 = DEFINITIONAL_REPRESENTATION('',(#4380),#4384);
#4380 = LINE('',#4381,#4382);
#4381 = CARTESIAN_POINT('',(-42.77996026178,-46.31549416771));
#4382 = VECTOR('',#4383,1.);
#4383 = DIRECTION('',(-0.707106781187,-0.707106781187));
#4384 = ( GEOMETRIC_REPRESENTATION_CONTEXT(2) 
PARAMETRIC_REPRESENTATION_CONTEXT() REPRESENTATION_CONTEXT('2D SPACE',''
  ) );
#4385 = PCURVE('',#4386,#4391);
#4386 = PLANE('',#4387);
#4387 = AXIS2_PLACEMENT_3D('',#4388,#4389,#4390);
#4388 = CARTESIAN_POINT('',(-42.77996026178,-46.31549416771,59.));
#4389 = DIRECTION('',(0.707106781187,-0.707106781187,0.));
#4390 = DIRECTION('',(0.,0.,1.));
#4391 = DEFINITIONAL_REPRESENTATION('',(#4392),#4396);
#4392 = LINE('',#4393,#4394);
#4393 = CARTESIAN_POINT('',(9.,0.));
#4394 = VECTOR('',#4395,1.);
#4395 = DIRECTION('',(0.,1.));
#4396 = ( GEOMETRIC_REPRESENTATION_CONTEXT(2) 
PARAMETRIC_REPRESENTATION_CONTEXT() REPRESENTATION_CONTEXT('2D SPACE',''
  ) );
#4397 = ORIENTED_EDGE('',*,*,#4398,.T.);
#4398 = EDGE_CURVE('',#4371,#4399,#4401,.T.);
#4399 = VERTEX_POINT('',#4400);
#4400 = CARTESIAN_POINT('',(-49.37735634619,-45.84182244026,68.));
#4401 = SURFACE_CURVE('',#4402,(#4407,#4414),.PCURVE_S1.);
#4402 = CIRCLE('',#4403,5.);
#4403 = AXIS2_PLACEMENT_3D('',#4404,#4405,#4406);
#4404 = CARTESIAN_POINT('',(-44.54772721475,-44.54772721475,68.));
#4405 = DIRECTION('',(0.,0.,1.));
#4406 = DIRECTION('',(-0.258819045103,-0.965925826289,0.));
#4407 = PCURVE('',#100,#4408);
#4408 = DEFINITIONAL_REPRESENTATION('',(#4409),#4413);
#4409 = CIRCLE('',#4410,5.);
#4410 = AXIS2_PLACEMENT_2D('',#4411,#4412);
#4411 = CARTESIAN_POINT('',(-44.54772721475,-44.54772721475));
#4412 = DIRECTION('',(-0.258819045103,-0.965925826289));
#4413 = ( GEOMETRIC_REPRESENTATION_CONTEXT(2) 
PARAMETRIC_REPRESENTATION_CONTEXT() REPRESENTATION_CONTEXT('2D SPACE',''
  ) );
#4414 = PCURVE('',#4415,#4420);
#4415 = CYLINDRICAL_SURFACE('',#4416,5.);
#4416 = AXIS2_PLACEMENT_3D('',#4417,#4418,#4419);
#4417 = CARTESIAN_POINT('',(-44.54772721475,-44.54772721475,59.));
#4418 = DIRECTION('',(-0.,-0.,-1.));
#4419 = DIRECTION('',(1.,0.,0.));
#4420 = DEFINITIONAL_REPRESENTATION('',(#4421),#4425);
#4421 = LINE('',#4422,#4423);
#4422 = CARTESIAN_POINT('',(-4.450589592586,-9.));
#4423 = VECTOR('',#4424,1.);
#4424 = DIRECTION('',(-1.,0.));
#4425 = ( GEOMETRIC_REPRESENTATION_CONTEXT(2) 
PARAMETRIC_REPRESENTATION_CONTEXT() REPRESENTATION_CONTEXT('2D SPACE',''
  ) );
#4426 = ORIENTED_EDGE('',*,*,#4427,.T.);
#4427 = EDGE_CURVE('',#4399,#4428,#4430,.T.);
#4428 = VERTEX_POINT('',#4429);
#4429 = CARTESIAN_POINT('',(-51.94121610687,-48.40568220094,68.));
#4430 = SURFACE_CURVE('',#4431,(#4435,#4442),.PCURVE_S1.);
#4431 = LINE('',#4432,#4433);
#4432 = CARTESIAN_POINT('',(-46.31549416771,-42.77996026178,68.));
#4433 = VECTOR('',#4434,1.);
#4434 = DIRECTION('',(-0.707106781187,-0.707106781187,0.));
#4435 = PCURVE('',#100,#4436);
#4436 = DEFINITIONAL_REPRESENTATION('',(#4437),#4441);
#4437 = LINE('',#4438,#4439);
#4438 = CARTESIAN_POINT('',(-46.31549416771,-42.77996026178));
#4439 = VECTOR('',#4440,1.);
#4440 = DIRECTION('',(-0.707106781187,-0.707106781187));
#4441 = ( GEOMETRIC_REPRESENTATION_CONTEXT(2) 
PARAMETRIC_REPRESENTATION_CONTEXT() REPRESENTATION_CONTEXT('2D SPACE',''
  ) );
#4442 = PCURVE('',#4443,#4448);
#4443 = PLANE('',#4444);
#4444 = AXIS2_PLACEMENT_3D('',#4445,#4446,#4447);
#4445 = CARTESIAN_POINT('',(-46.31549416771,-42.77996026178,59.));
#4446 = DIRECTION('',(0.707106781187,-0.707106781187,0.));
#4447 = DIRECTION('',(0.,0.,1.));
#4448 = DEFINITIONAL_REPRESENTATION('',(#4449),#4453);
#4449 = LINE('',#4450,#4451);
#4450 = CARTESIAN_POINT('',(9.,0.));
#4451 = VECTOR('',#4452,1.);
#4452 = DIRECTION('',(0.,1.));
#4453 = ( GEOMETRIC_REPRESENTATION_CONTEXT(2) 
PARAMETRIC_REPRESENTATION_CONTEXT() REPRESENTATION_CONTEXT('2D SPACE',''
  ) );
#4454 = ORIENTED_EDGE('',*,*,#4455,.T.);
#4455 = EDGE_CURVE('',#4428,#4456,#4458,.T.);
#4456 = VERTEX_POINT('',#4457);
#4457 = CARTESIAN_POINT('',(-51.94121610687,48.405682200944,68.));
#4458 = SURFACE_CURVE('',#4459,(#4464,#4475),.PCURVE_S1.);
#4459 = CIRCLE('',#4460,71.);
#4460 = AXIS2_PLACEMENT_3D('',#4461,#4462,#4463);
#4461 = CARTESIAN_POINT('',(0.,0.,68.));
#4462 = DIRECTION('',(0.,0.,-1.));
#4463 = DIRECTION('',(1.,0.,0.));
#4464 = PCURVE('',#100,#4465);
#4465 = DEFINITIONAL_REPRESENTATION('',(#4466),#4474);
#4466 = ( BOUNDED_CURVE() B_SPLINE_CURVE(2,(#4467,#4468,#4469,#4470,
#4471,#4472,#4473),.UNSPECIFIED.,.T.,.F.) B_SPLINE_CURVE_WITH_KNOTS((1,2
    ,2,2,2,1),(-2.094395102393,0.,2.094395102393,4.188790204786,
6.28318530718,8.377580409573),.UNSPECIFIED.) CURVE() 
GEOMETRIC_REPRESENTATION_ITEM() RATIONAL_B_SPLINE_CURVE((1.,0.5,1.,0.5,
1.,0.5,1.)) REPRESENTATION_ITEM('') );
#4467 = CARTESIAN_POINT('',(71.,-6.440411965619E-15));
#4468 = CARTESIAN_POINT('',(71.,-122.9756073373));
#4469 = CARTESIAN_POINT('',(-35.5,-61.48780366869));
#4470 = CARTESIAN_POINT('',(-142.,-2.383039651351E-14));
#4471 = CARTESIAN_POINT('',(-35.5,61.487803668695));
#4472 = CARTESIAN_POINT('',(71.,122.97560733739));
#4473 = CARTESIAN_POINT('',(71.,-6.440411965619E-15));
#4474 = ( GEOMETRIC_REPRESENTATION_CONTEXT(2) 
PARAMETRIC_REPRESENTATION_CONTEXT() REPRESENTATION_CONTEXT('2D SPACE',''
  ) );
#4475 = PCURVE('',#3190,#4476);
#4476 = DEFINITIONAL_REPRESENTATION('',(#4477),#4481);
#4477 = LINE('',#4478,#4479);
#4478 = CARTESIAN_POINT('',(-12.56637061435,-66.));
#4479 = VECTOR('',#4480,1.);
#4480 = DIRECTION('',(1.,-0.));
#4481 = ( GEOMETRIC_REPRESENTATION_CONTEXT(2) 
PARAMETRIC_REPRESENTATION_CONTEXT() REPRESENTATION_CONTEXT('2D SPACE',''
  ) );
#4482 = ORIENTED_EDGE('',*,*,#4483,.F.);
#4483 = EDGE_CURVE('',#4484,#4456,#4486,.T.);
#4484 = VERTEX_POINT('',#4485);
#4485 = CARTESIAN_POINT('',(-49.37735634619,45.841822440265,68.));
#4486 = SURFACE_CURVE('',#4487,(#4491,#4498),.PCURVE_S1.);
#4487 = LINE('',#4488,#4489);
#4488 = CARTESIAN_POINT('',(-46.31549416771,42.779960261786,68.));
#4489 = VECTOR('',#4490,1.);
#4490 = DIRECTION('',(-0.707106781187,0.707106781187,0.));
#4491 = PCURVE('',#100,#4492);
#4492 = DEFINITIONAL_REPRESENTATION('',(#4493),#4497);
#4493 = LINE('',#4494,#4495);
#4494 = CARTESIAN_POINT('',(-46.31549416771,42.779960261786));
#4495 = VECTOR('',#4496,1.);
#4496 = DIRECTION('',(-0.707106781187,0.707106781187));
#4497 = ( GEOMETRIC_REPRESENTATION_CONTEXT(2) 
PARAMETRIC_REPRESENTATION_CONTEXT() REPRESENTATION_CONTEXT('2D SPACE',''
  ) );
#4498 = PCURVE('',#4499,#4504);
#4499 = PLANE('',#4500);
#4500 = AXIS2_PLACEMENT_3D('',#4501,#4502,#4503);
#4501 = CARTESIAN_POINT('',(-46.31549416771,42.779960261786,59.));
#4502 = DIRECTION('',(-0.707106781187,-0.707106781187,0.));
#4503 = DIRECTION('',(0.,0.,1.));
#4504 = DEFINITIONAL_REPRESENTATION('',(#4505),#4509);
#4505 = LINE('',#4506,#4507);
#4506 = CARTESIAN_POINT('',(9.,0.));
#4507 = VECTOR('',#4508,1.);
#4508 = DIRECTION('',(0.,1.));
#4509 = ( GEOMETRIC_REPRESENTATION_CONTEXT(2) 
PARAMETRIC_REPRESENTATION_CONTEXT() REPRESENTATION_CONTEXT('2D SPACE',''
  ) );
#4510 = ORIENTED_EDGE('',*,*,#4511,.T.);
#4511 = EDGE_CURVE('',#4484,#4512,#4514,.T.);
#4512 = VERTEX_POINT('',#4513);
#4513 = CARTESIAN_POINT('',(-45.84182244026,49.377356346198,68.));
#4514 = SURFACE_CURVE('',#4515,(#4520,#4527),.PCURVE_S1.);
#4515 = CIRCLE('',#4516,5.);
#4516 = AXIS2_PLACEMENT_3D('',#4517,#4518,#4519);
#4517 = CARTESIAN_POINT('',(-44.54772721475,44.547727214752,68.));
#4518 = DIRECTION('',(0.,0.,1.));
#4519 = DIRECTION('',(-0.965925826289,0.258819045103,0.));
#4520 = PCURVE('',#100,#4521);
#4521 = DEFINITIONAL_REPRESENTATION('',(#4522),#4526);
#4522 = CIRCLE('',#4523,5.);
#4523 = AXIS2_PLACEMENT_2D('',#4524,#4525);
#4524 = CARTESIAN_POINT('',(-44.54772721475,44.547727214752));
#4525 = DIRECTION('',(-0.965925826289,0.258819045103));
#4526 = ( GEOMETRIC_REPRESENTATION_CONTEXT(2) 
PARAMETRIC_REPRESENTATION_CONTEXT() REPRESENTATION_CONTEXT('2D SPACE',''
  ) );
#4527 = PCURVE('',#4528,#4533);
#4528 = CYLINDRICAL_SURFACE('',#4529,5.);
#4529 = AXIS2_PLACEMENT_3D('',#4530,#4531,#4532);
#4530 = CARTESIAN_POINT('',(-44.54772721475,44.547727214752,59.));
#4531 = DIRECTION('',(-0.,-0.,-1.));
#4532 = DIRECTION('',(1.,0.,0.));
#4533 = DEFINITIONAL_REPRESENTATION('',(#4534),#4538);
#4534 = LINE('',#4535,#4536);
#4535 = CARTESIAN_POINT('',(-2.879793265791,-9.));
#4536 = VECTOR('',#4537,1.);
#4537 = DIRECTION('',(-1.,0.));
#4538 = ( GEOMETRIC_REPRESENTATION_CONTEXT(2) 
PARAMETRIC_REPRESENTATION_CONTEXT() REPRESENTATION_CONTEXT('2D SPACE',''
  ) );
#4539 = ORIENTED_EDGE('',*,*,#4540,.T.);
#4540 = EDGE_CURVE('',#4512,#4541,#4543,.T.);
#4541 = VERTEX_POINT('',#4542);
#4542 = CARTESIAN_POINT('',(-48.40568220094,51.941216106876,68.));
#4543 = SURFACE_CURVE('',#4544,(#4548,#4555),.PCURVE_S1.);
#4544 = LINE('',#4545,#4546);
#4545 = CARTESIAN_POINT('',(-42.77996026178,46.315494167719,68.));
#4546 = VECTOR('',#4547,1.);
#4547 = DIRECTION('',(-0.707106781187,0.707106781187,0.));
#4548 = PCURVE('',#100,#4549);
#4549 = DEFINITIONAL_REPRESENTATION('',(#4550),#4554);
#4550 = LINE('',#4551,#4552);
#4551 = CARTESIAN_POINT('',(-42.77996026178,46.315494167719));
#4552 = VECTOR('',#4553,1.);
#4553 = DIRECTION('',(-0.707106781187,0.707106781187));
#4554 = ( GEOMETRIC_REPRESENTATION_CONTEXT(2) 
PARAMETRIC_REPRESENTATION_CONTEXT() REPRESENTATION_CONTEXT('2D SPACE',''
  ) );
#4555 = PCURVE('',#4556,#4561);
#4556 = PLANE('',#4557);
#4557 = AXIS2_PLACEMENT_3D('',#4558,#4559,#4560);
#4558 = CARTESIAN_POINT('',(-42.77996026178,46.315494167719,59.));
#4559 = DIRECTION('',(-0.707106781187,-0.707106781187,0.));
#4560 = DIRECTION('',(0.,0.,1.));
#4561 = DEFINITIONAL_REPRESENTATION('',(#4562),#4566);
#4562 = LINE('',#4563,#4564);
#4563 = CARTESIAN_POINT('',(9.,0.));
#4564 = VECTOR('',#4565,1.);
#4565 = DIRECTION('',(0.,1.));
#4566 = ( GEOMETRIC_REPRESENTATION_CONTEXT(2) 
PARAMETRIC_REPRESENTATION_CONTEXT() REPRESENTATION_CONTEXT('2D SPACE',''
  ) );
#4567 = ORIENTED_EDGE('',*,*,#4568,.T.);
#4568 = EDGE_CURVE('',#4541,#4569,#4571,.T.);
#4569 = VERTEX_POINT('',#4570);
#4570 = CARTESIAN_POINT('',(-37.9605057922,60.,68.));
#4571 = SURFACE_CURVE('',#4572,(#4577,#4588),.PCURVE_S1.);
#4572 = CIRCLE('',#4573,71.);
#4573 = AXIS2_PLACEMENT_3D('',#4574,#4575,#4576);
#4574 = CARTESIAN_POINT('',(0.,0.,68.));
#4575 = DIRECTION('',(0.,0.,-1.));
#4576 = DIRECTION('',(1.,0.,0.));
#4577 = PCURVE('',#100,#4578);
#4578 = DEFINITIONAL_REPRESENTATION('',(#4579),#4587);
#4579 = ( BOUNDED_CURVE() B_SPLINE_CURVE(2,(#4580,#4581,#4582,#4583,
#4584,#4585,#4586),.UNSPECIFIED.,.T.,.F.) B_SPLINE_CURVE_WITH_KNOTS((1,2
    ,2,2,2,1),(-2.094395102393,0.,2.094395102393,4.188790204786,
6.28318530718,8.377580409573),.UNSPECIFIED.) CURVE() 
GEOMETRIC_REPRESENTATION_ITEM() RATIONAL_B_SPLINE_CURVE((1.,0.5,1.,0.5,
1.,0.5,1.)) REPRESENTATION_ITEM('') );
#4580 = CARTESIAN_POINT('',(71.,-6.440411965619E-15));
#4581 = CARTESIAN_POINT('',(71.,-122.9756073373));
#4582 = CARTESIAN_POINT('',(-35.5,-61.48780366869));
#4583 = CARTESIAN_POINT('',(-142.,-2.383039651351E-14));
#4584 = CARTESIAN_POINT('',(-35.5,61.487803668695));
#4585 = CARTESIAN_POINT('',(71.,122.97560733739));
#4586 = CARTESIAN_POINT('',(71.,-6.440411965619E-15));
#4587 = ( GEOMETRIC_REPRESENTATION_CONTEXT(2) 
PARAMETRIC_REPRESENTATION_CONTEXT() REPRESENTATION_CONTEXT('2D SPACE',''
  ) );
#4588 = PCURVE('',#3190,#4589);
#4589 = DEFINITIONAL_REPRESENTATION('',(#4590),#4594);
#4590 = LINE('',#4591,#4592);
#4591 = CARTESIAN_POINT('',(-12.56637061435,-66.));
#4592 = VECTOR('',#4593,1.);
#4593 = DIRECTION('',(1.,-0.));
#4594 = ( GEOMETRIC_REPRESENTATION_CONTEXT(2) 
PARAMETRIC_REPRESENTATION_CONTEXT() REPRESENTATION_CONTEXT('2D SPACE',''
  ) );
#4595 = ORIENTED_EDGE('',*,*,#4596,.F.);
#4596 = EDGE_CURVE('',#4597,#4569,#4599,.T.);
#4597 = VERTEX_POINT('',#4598);
#4598 = CARTESIAN_POINT('',(37.960505792205,60.,68.));
#4599 = SURFACE_CURVE('',#4600,(#4604,#4611),.PCURVE_S1.);
#4600 = LINE('',#4601,#4602);
#4601 = CARTESIAN_POINT('',(-41.5,60.,68.));
#4602 = VECTOR('',#4603,1.);
#4603 = DIRECTION('',(-1.,0.,0.));
#4604 = PCURVE('',#100,#4605);
#4605 = DEFINITIONAL_REPRESENTATION('',(#4606),#4610);
#4606 = LINE('',#4607,#4608);
#4607 = CARTESIAN_POINT('',(-41.5,60.));
#4608 = VECTOR('',#4609,1.);
#4609 = DIRECTION('',(-1.,0.));
#4610 = ( GEOMETRIC_REPRESENTATION_CONTEXT(2) 
PARAMETRIC_REPRESENTATION_CONTEXT() REPRESENTATION_CONTEXT('2D SPACE',''
  ) );
#4611 = PCURVE('',#3397,#4612);
#4612 = DEFINITIONAL_REPRESENTATION('',(#4613),#4616);
#4613 = B_SPLINE_CURVE_WITH_KNOTS('',1,(#4614,#4615),.UNSPECIFIED.,.F.,
  .F.,(2,2),(-79.4605057922,-3.539494207795),.PIECEWISE_BEZIER_KNOTS.);
#4614 = CARTESIAN_POINT('',(70.,120.9605057922));
#4615 = CARTESIAN_POINT('',(70.,45.039494207795));
#4616 = ( GEOMETRIC_REPRESENTATION_CONTEXT(2) 
PARAMETRIC_REPRESENTATION_CONTEXT() REPRESENTATION_CONTEXT('2D SPACE',''
  ) );
#4617 = ORIENTED_EDGE('',*,*,#4618,.T.);
#4618 = EDGE_CURVE('',#4597,#4619,#4621,.T.);
#4619 = VERTEX_POINT('',#4620);
#4620 = CARTESIAN_POINT('',(48.405682200944,51.941216106876,68.));
#4621 = SURFACE_CURVE('',#4622,(#4627,#4638),.PCURVE_S1.);
#4622 = CIRCLE('',#4623,71.);
#4623 = AXIS2_PLACEMENT_3D('',#4624,#4625,#4626);
#4624 = CARTESIAN_POINT('',(0.,0.,68.));
#4625 = DIRECTION('',(0.,0.,-1.));
#4626 = DIRECTION('',(1.,0.,0.));
#4627 = PCURVE('',#100,#4628);
#4628 = DEFINITIONAL_REPRESENTATION('',(#4629),#4637);
#4629 = ( BOUNDED_CURVE() B_SPLINE_CURVE(2,(#4630,#4631,#4632,#4633,
#4634,#4635,#4636),.UNSPECIFIED.,.T.,.F.) B_SPLINE_CURVE_WITH_KNOTS((1,2
    ,2,2,2,1),(-2.094395102393,0.,2.094395102393,4.188790204786,
6.28318530718,8.377580409573),.UNSPECIFIED.) CURVE() 
GEOMETRIC_REPRESENTATION_ITEM() RATIONAL_B_SPLINE_CURVE((1.,0.5,1.,0.5,
1.,0.5,1.)) REPRESENTATION_ITEM('') );
#4630 = CARTESIAN_POINT('',(71.,-6.440411965619E-15));
#4631 = CARTESIAN_POINT('',(71.,-122.9756073373));
#4632 = CARTESIAN_POINT('',(-35.5,-61.48780366869));
#4633 = CARTESIAN_POINT('',(-142.,-2.383039651351E-14));
#4634 = CARTESIAN_POINT('',(-35.5,61.487803668695));
#4635 = CARTESIAN_POINT('',(71.,122.97560733739));
#4636 = CARTESIAN_POINT('',(71.,-6.440411965619E-15));
#4637 = ( GEOMETRIC_REPRESENTATION_CONTEXT(2) 
PARAMETRIC_REPRESENTATION_CONTEXT() REPRESENTATION_CONTEXT('2D SPACE',''
  ) );
#4638 = PCURVE('',#3190,#4639);
#4639 = DEFINITIONAL_REPRESENTATION('',(#4640),#4644);
#4640 = LINE('',#4641,#4642);
#4641 = CARTESIAN_POINT('',(-12.56637061435,-66.));
#4642 = VECTOR('',#4643,1.);
#4643 = DIRECTION('',(1.,-0.));
#4644 = ( GEOMETRIC_REPRESENTATION_CONTEXT(2) 
PARAMETRIC_REPRESENTATION_CONTEXT() REPRESENTATION_CONTEXT('2D SPACE',''
  ) );
#4645 = ORIENTED_EDGE('',*,*,#4646,.F.);
#4646 = EDGE_CURVE('',#4647,#4619,#4649,.T.);
#4647 = VERTEX_POINT('',#4648);
#4648 = CARTESIAN_POINT('',(45.841822440265,49.377356346198,68.));
#4649 = SURFACE_CURVE('',#4650,(#4654,#4661),.PCURVE_S1.);
#4650 = LINE('',#4651,#4652);
#4651 = CARTESIAN_POINT('',(42.779960261786,46.315494167719,68.));
#4652 = VECTOR('',#4653,1.);
#4653 = DIRECTION('',(0.707106781187,0.707106781187,0.));
#4654 = PCURVE('',#100,#4655);
#4655 = DEFINITIONAL_REPRESENTATION('',(#4656),#4660);
#4656 = LINE('',#4657,#4658);
#4657 = CARTESIAN_POINT('',(42.779960261786,46.315494167719));
#4658 = VECTOR('',#4659,1.);
#4659 = DIRECTION('',(0.707106781187,0.707106781187));
#4660 = ( GEOMETRIC_REPRESENTATION_CONTEXT(2) 
PARAMETRIC_REPRESENTATION_CONTEXT() REPRESENTATION_CONTEXT('2D SPACE',''
  ) );
#4661 = PCURVE('',#4662,#4667);
#4662 = PLANE('',#4663);
#4663 = AXIS2_PLACEMENT_3D('',#4664,#4665,#4666);
#4664 = CARTESIAN_POINT('',(42.779960261786,46.315494167719,59.));
#4665 = DIRECTION('',(-0.707106781187,0.707106781187,0.));
#4666 = DIRECTION('',(0.,0.,1.));
#4667 = DEFINITIONAL_REPRESENTATION('',(#4668),#4672);
#4668 = LINE('',#4669,#4670);
#4669 = CARTESIAN_POINT('',(9.,0.));
#4670 = VECTOR('',#4671,1.);
#4671 = DIRECTION('',(0.,1.));
#4672 = ( GEOMETRIC_REPRESENTATION_CONTEXT(2) 
PARAMETRIC_REPRESENTATION_CONTEXT() REPRESENTATION_CONTEXT('2D SPACE',''
  ) );
#4673 = ORIENTED_EDGE('',*,*,#4674,.T.);
#4674 = EDGE_CURVE('',#4647,#4675,#4677,.T.);
#4675 = VERTEX_POINT('',#4676);
#4676 = CARTESIAN_POINT('',(49.377356346198,45.841822440265,68.));
#4677 = SURFACE_CURVE('',#4678,(#4683,#4690),.PCURVE_S1.);
#4678 = CIRCLE('',#4679,5.);
#4679 = AXIS2_PLACEMENT_3D('',#4680,#4681,#4682);
#4680 = CARTESIAN_POINT('',(44.547727214752,44.547727214752,68.));
#4681 = DIRECTION('',(0.,-0.,1.));
#4682 = DIRECTION('',(0.258819045103,0.965925826289,0.));
#4683 = PCURVE('',#100,#4684);
#4684 = DEFINITIONAL_REPRESENTATION('',(#4685),#4689);
#4685 = CIRCLE('',#4686,5.);
#4686 = AXIS2_PLACEMENT_2D('',#4687,#4688);
#4687 = CARTESIAN_POINT('',(44.547727214753,44.547727214752));
#4688 = DIRECTION('',(0.258819045103,0.965925826289));
#4689 = ( GEOMETRIC_REPRESENTATION_CONTEXT(2) 
PARAMETRIC_REPRESENTATION_CONTEXT() REPRESENTATION_CONTEXT('2D SPACE',''
  ) );
#4690 = PCURVE('',#4691,#4696);
#4691 = CYLINDRICAL_SURFACE('',#4692,5.);
#4692 = AXIS2_PLACEMENT_3D('',#4693,#4694,#4695);
#4693 = CARTESIAN_POINT('',(44.547727214752,44.547727214752,59.));
#4694 = DIRECTION('',(-0.,-0.,-1.));
#4695 = DIRECTION('',(1.,0.,0.));
#4696 = DEFINITIONAL_REPRESENTATION('',(#4697),#4701);
#4697 = LINE('',#4698,#4699);
#4698 = CARTESIAN_POINT('',(-1.308996938996,-9.));
#4699 = VECTOR('',#4700,1.);
#4700 = DIRECTION('',(-1.,0.));
#4701 = ( GEOMETRIC_REPRESENTATION_CONTEXT(2) 
PARAMETRIC_REPRESENTATION_CONTEXT() REPRESENTATION_CONTEXT('2D SPACE',''
  ) );
#4702 = ORIENTED_EDGE('',*,*,#4703,.T.);
#4703 = EDGE_CURVE('',#4675,#4228,#4704,.T.);
#4704 = SURFACE_CURVE('',#4705,(#4709,#4716),.PCURVE_S1.);
#4705 = LINE('',#4706,#4707);
#4706 = CARTESIAN_POINT('',(46.315494167719,42.779960261786,68.));
#4707 = VECTOR('',#4708,1.);
#4708 = DIRECTION('',(0.707106781187,0.707106781187,0.));
#4709 = PCURVE('',#100,#4710);
#4710 = DEFINITIONAL_REPRESENTATION('',(#4711),#4715);
#4711 = LINE('',#4712,#4713);
#4712 = CARTESIAN_POINT('',(46.315494167719,42.779960261786));
#4713 = VECTOR('',#4714,1.);
#4714 = DIRECTION('',(0.707106781187,0.707106781187));
#4715 = ( GEOMETRIC_REPRESENTATION_CONTEXT(2) 
PARAMETRIC_REPRESENTATION_CONTEXT() REPRESENTATION_CONTEXT('2D SPACE',''
  ) );
#4716 = PCURVE('',#4717,#4722);
#4717 = PLANE('',#4718);
#4718 = AXIS2_PLACEMENT_3D('',#4719,#4720,#4721);
#4719 = CARTESIAN_POINT('',(46.315494167719,42.779960261786,59.));
#4720 = DIRECTION('',(-0.707106781187,0.707106781187,0.));
#4721 = DIRECTION('',(0.,0.,1.));
#4722 = DEFINITIONAL_REPRESENTATION('',(#4723),#4727);
#4723 = LINE('',#4724,#4725);
#4724 = CARTESIAN_POINT('',(9.,0.));
#4725 = VECTOR('',#4726,1.);
#4726 = DIRECTION('',(0.,1.));
#4727 = ( GEOMETRIC_REPRESENTATION_CONTEXT(2) 
PARAMETRIC_REPRESENTATION_CONTEXT() REPRESENTATION_CONTEXT('2D SPACE',''
  ) );
#4728 = FACE_BOUND('',#4729,.T.);
#4729 = EDGE_LOOP('',(#4730));
#4730 = ORIENTED_EDGE('',*,*,#4731,.T.);
#4731 = EDGE_CURVE('',#4732,#4732,#4734,.T.);
#4732 = VERTEX_POINT('',#4733);
#4733 = CARTESIAN_POINT('',(46.647727214752,44.547727214752,68.));
#4734 = SURFACE_CURVE('',#4735,(#4740,#4751),.PCURVE_S1.);
#4735 = CIRCLE('',#4736,2.1);
#4736 = AXIS2_PLACEMENT_3D('',#4737,#4738,#4739);
#4737 = CARTESIAN_POINT('',(44.547727214752,44.547727214752,68.));
#4738 = DIRECTION('',(0.,0.,-1.));
#4739 = DIRECTION('',(1.,0.,0.));
#4740 = PCURVE('',#100,#4741);
#4741 = DEFINITIONAL_REPRESENTATION('',(#4742),#4750);
#4742 = ( BOUNDED_CURVE() B_SPLINE_CURVE(2,(#4743,#4744,#4745,#4746,
#4747,#4748,#4749),.UNSPECIFIED.,.T.,.F.) B_SPLINE_CURVE_WITH_KNOTS((1,2
    ,2,2,2,1),(-2.094395102393,0.,2.094395102393,4.188790204786,
6.28318530718,8.377580409573),.UNSPECIFIED.) CURVE() 
GEOMETRIC_REPRESENTATION_ITEM() RATIONAL_B_SPLINE_CURVE((1.,0.5,1.,0.5,
1.,0.5,1.)) REPRESENTATION_ITEM('') );
#4743 = CARTESIAN_POINT('',(46.647727214753,44.547727214752));
#4744 = CARTESIAN_POINT('',(46.647727214753,40.910420518858));
#4745 = CARTESIAN_POINT('',(43.497727214753,42.729073866805));
#4746 = CARTESIAN_POINT('',(40.347727214753,44.547727214752));
#4747 = CARTESIAN_POINT('',(43.497727214753,46.3663805627));
#4748 = CARTESIAN_POINT('',(46.647727214753,48.185033910647));
#4749 = CARTESIAN_POINT('',(46.647727214753,44.547727214752));
#4750 = ( GEOMETRIC_REPRESENTATION_CONTEXT(2) 
PARAMETRIC_REPRESENTATION_CONTEXT() REPRESENTATION_CONTEXT('2D SPACE',''
  ) );
#4751 = PCURVE('',#4752,#4757);
#4752 = CYLINDRICAL_SURFACE('',#4753,2.1);
#4753 = AXIS2_PLACEMENT_3D('',#4754,#4755,#4756);
#4754 = CARTESIAN_POINT('',(44.547727214752,44.547727214752,62.5));
#4755 = DIRECTION('',(-0.,-0.,-1.));
#4756 = DIRECTION('',(1.,0.,0.));
#4757 = DEFINITIONAL_REPRESENTATION('',(#4758),#4762);
#4758 = LINE('',#4759,#4760);
#4759 = CARTESIAN_POINT('',(-6.28318530718,-5.5));
#4760 = VECTOR('',#4761,1.);
#4761 = DIRECTION('',(1.,-0.));
#4762 = ( GEOMETRIC_REPRESENTATION_CONTEXT(2) 
PARAMETRIC_REPRESENTATION_CONTEXT() REPRESENTATION_CONTEXT('2D SPACE',''
  ) );
#4763 = ADVANCED_FACE('',(#4764),#1247,.T.);
#4764 = FACE_BOUND('',#4765,.T.);
#4765 = EDGE_LOOP('',(#4766,#4767,#4768));
#4766 = ORIENTED_EDGE('',*,*,#1230,.T.);
#4767 = ORIENTED_EDGE('',*,*,#3779,.T.);
#4768 = ORIENTED_EDGE('',*,*,#4769,.T.);
#4769 = EDGE_CURVE('',#3780,#1198,#4770,.T.);
#4770 = SURFACE_CURVE('',#4771,(#4775,#4782),.PCURVE_S1.);
#4771 = LINE('',#4772,#4773);
#4772 = CARTESIAN_POINT('',(-62.83587988004,39.165063509461,15.));
#4773 = VECTOR('',#4774,1.);
#4774 = DIRECTION('',(-0.5,-0.866025403784,0.));
#4775 = PCURVE('',#1247,#4776);
#4776 = DEFINITIONAL_REPRESENTATION('',(#4777),#4781);
#4777 = LINE('',#4778,#4779);
#4778 = CARTESIAN_POINT('',(7.,-3.10862446895E-15));
#4779 = VECTOR('',#4780,1.);
#4780 = DIRECTION('',(0.,1.));
#4781 = ( GEOMETRIC_REPRESENTATION_CONTEXT(2) 
PARAMETRIC_REPRESENTATION_CONTEXT() REPRESENTATION_CONTEXT('2D SPACE',''
  ) );
#4782 = PCURVE('',#2814,#4783);
#4783 = DEFINITIONAL_REPRESENTATION('',(#4784),#4788);
#4784 = LINE('',#4785,#4786);
#4785 = CARTESIAN_POINT('',(12.,0.));
#4786 = VECTOR('',#4787,1.);
#4787 = DIRECTION('',(0.,-1.));
#4788 = ( GEOMETRIC_REPRESENTATION_CONTEXT(2) 
PARAMETRIC_REPRESENTATION_CONTEXT() REPRESENTATION_CONTEXT('2D SPACE',''
  ) );
#4789 = ADVANCED_FACE('',(#4790),#131,.F.);
#4790 = FACE_BOUND('',#4791,.F.);
#4791 = EDGE_LOOP('',(#4792,#4815,#4816,#4817));
#4792 = ORIENTED_EDGE('',*,*,#4793,.F.);
#4793 = EDGE_CURVE('',#117,#4794,#4796,.T.);
#4794 = VERTEX_POINT('',#4795);
#4795 = CARTESIAN_POINT('',(-50.55813485483,54.093668760771,59.));
#4796 = SURFACE_CURVE('',#4797,(#4801,#4808),.PCURVE_S1.);
#4797 = LINE('',#4798,#4799);
#4798 = CARTESIAN_POINT('',(-42.77996026178,46.315494167719,59.));
#4799 = VECTOR('',#4800,1.);
#4800 = DIRECTION('',(-0.707106781187,0.707106781187,0.));
#4801 = PCURVE('',#131,#4802);
#4802 = DEFINITIONAL_REPRESENTATION('',(#4803),#4807);
#4803 = LINE('',#4804,#4805);
#4804 = CARTESIAN_POINT('',(0.,0.));
#4805 = VECTOR('',#4806,1.);
#4806 = DIRECTION('',(0.,1.));
#4807 = ( GEOMETRIC_REPRESENTATION_CONTEXT(2) 
PARAMETRIC_REPRESENTATION_CONTEXT() REPRESENTATION_CONTEXT('2D SPACE',''
  ) );
#4808 = PCURVE('',#159,#4809);
#4809 = DEFINITIONAL_REPRESENTATION('',(#4810),#4814);
#4810 = LINE('',#4811,#4812);
#4811 = CARTESIAN_POINT('',(0.,0.));
#4812 = VECTOR('',#4813,1.);
#4813 = DIRECTION('',(1.,0.));
#4814 = ( GEOMETRIC_REPRESENTATION_CONTEXT(2) 
PARAMETRIC_REPRESENTATION_CONTEXT() REPRESENTATION_CONTEXT('2D SPACE',''
  ) );
#4815 = ORIENTED_EDGE('',*,*,#116,.F.);
#4816 = ORIENTED_EDGE('',*,*,#3829,.T.);
#4817 = ORIENTED_EDGE('',*,*,#4818,.F.);
#4818 = EDGE_CURVE('',#4794,#3830,#4819,.T.);
#4819 = SURFACE_CURVE('',#4820,(#4824,#4831),.PCURVE_S1.);
#4820 = LINE('',#4821,#4822);
#4821 = CARTESIAN_POINT('',(-50.55813485483,54.093668760771,59.));
#4822 = VECTOR('',#4823,1.);
#4823 = DIRECTION('',(0.,0.,1.));
#4824 = PCURVE('',#131,#4825);
#4825 = DEFINITIONAL_REPRESENTATION('',(#4826),#4830);
#4826 = LINE('',#4827,#4828);
#4827 = CARTESIAN_POINT('',(0.,11.));
#4828 = VECTOR('',#4829,1.);
#4829 = DIRECTION('',(1.,0.));
#4830 = ( GEOMETRIC_REPRESENTATION_CONTEXT(2) 
PARAMETRIC_REPRESENTATION_CONTEXT() REPRESENTATION_CONTEXT('2D SPACE',''
  ) );
#4831 = PCURVE('',#3868,#4832);
#4832 = DEFINITIONAL_REPRESENTATION('',(#4833),#4837);
#4833 = LINE('',#4834,#4835);
#4834 = CARTESIAN_POINT('',(0.,0.));
#4835 = VECTOR('',#4836,1.);
#4836 = DIRECTION('',(1.,0.));
#4837 = ( GEOMETRIC_REPRESENTATION_CONTEXT(2) 
PARAMETRIC_REPRESENTATION_CONTEXT() REPRESENTATION_CONTEXT('2D SPACE',''
  ) );
#4838 = ADVANCED_FACE('',(#4839),#1214,.T.);
#4839 = FACE_BOUND('',#4840,.T.);
#4840 = EDGE_LOOP('',(#4841,#4864,#4865));
#4841 = ORIENTED_EDGE('',*,*,#4842,.F.);
#4842 = EDGE_CURVE('',#1172,#4843,#4845,.T.);
#4843 = VERTEX_POINT('',#4844);
#4844 = CARTESIAN_POINT('',(-65.33587988004,34.834936490539,15.));
#4845 = SURFACE_CURVE('',#4846,(#4850,#4857),.PCURVE_S1.);
#4846 = LINE('',#4847,#4848);
#4847 = CARTESIAN_POINT('',(-59.27370205355,31.334936490539,15.));
#4848 = VECTOR('',#4849,1.);
#4849 = DIRECTION('',(-0.866025403784,0.5,0.));
#4850 = PCURVE('',#1214,#4851);
#4851 = DEFINITIONAL_REPRESENTATION('',(#4852),#4856);
#4852 = LINE('',#4853,#4854);
#4853 = CARTESIAN_POINT('',(-1.33226762955E-15,5.));
#4854 = VECTOR('',#4855,1.);
#4855 = DIRECTION('',(1.,0.));
#4856 = ( GEOMETRIC_REPRESENTATION_CONTEXT(2) 
PARAMETRIC_REPRESENTATION_CONTEXT() REPRESENTATION_CONTEXT('2D SPACE',''
  ) );
#4857 = PCURVE('',#1186,#4858);
#4858 = DEFINITIONAL_REPRESENTATION('',(#4859),#4863);
#4859 = LINE('',#4860,#4861);
#4860 = CARTESIAN_POINT('',(12.,0.));
#4861 = VECTOR('',#4862,1.);
#4862 = DIRECTION('',(0.,1.));
#4863 = ( GEOMETRIC_REPRESENTATION_CONTEXT(2) 
PARAMETRIC_REPRESENTATION_CONTEXT() REPRESENTATION_CONTEXT('2D SPACE',''
  ) );
#4864 = ORIENTED_EDGE('',*,*,#1197,.T.);
#4865 = ORIENTED_EDGE('',*,*,#4866,.T.);
#4866 = EDGE_CURVE('',#1198,#4843,#4867,.T.);
#4867 = SURFACE_CURVE('',#4868,(#4872,#4879),.PCURVE_S1.);
#4868 = LINE('',#4869,#4870);
#4869 = CARTESIAN_POINT('',(-62.83587988004,39.165063509461,15.));
#4870 = VECTOR('',#4871,1.);
#4871 = DIRECTION('',(-0.5,-0.866025403784,0.));
#4872 = PCURVE('',#1214,#4873);
#4873 = DEFINITIONAL_REPRESENTATION('',(#4874),#4878);
#4874 = LINE('',#4875,#4876);
#4875 = CARTESIAN_POINT('',(7.,-3.10862446895E-15));
#4876 = VECTOR('',#4877,1.);
#4877 = DIRECTION('',(0.,1.));
#4878 = ( GEOMETRIC_REPRESENTATION_CONTEXT(2) 
PARAMETRIC_REPRESENTATION_CONTEXT() REPRESENTATION_CONTEXT('2D SPACE',''
  ) );
#4879 = PCURVE('',#2814,#4880);
#4880 = DEFINITIONAL_REPRESENTATION('',(#4881),#4885);
#4881 = LINE('',#4882,#4883);
#4882 = CARTESIAN_POINT('',(12.,0.));
#4883 = VECTOR('',#4884,1.);
#4884 = DIRECTION('',(0.,-1.));
#4885 = ( GEOMETRIC_REPRESENTATION_CONTEXT(2) 
PARAMETRIC_REPRESENTATION_CONTEXT() REPRESENTATION_CONTEXT('2D SPACE',''
  ) );
#4886 = ADVANCED_FACE('',(#4887),#159,.F.);
#4887 = FACE_BOUND('',#4888,.F.);
#4888 = EDGE_LOOP('',(#4889,#4890,#4891));
#4889 = ORIENTED_EDGE('',*,*,#142,.T.);
#4890 = ORIENTED_EDGE('',*,*,#4793,.T.);
#4891 = ORIENTED_EDGE('',*,*,#4892,.T.);
#4892 = EDGE_CURVE('',#4794,#143,#4893,.T.);
#4893 = SURFACE_CURVE('',#4894,(#4898,#4905),.PCURVE_S1.);
#4894 = LINE('',#4895,#4896);
#4895 = CARTESIAN_POINT('',(-50.55813485483,54.093668760771,59.));
#4896 = VECTOR('',#4897,1.);
#4897 = DIRECTION('',(-0.707106781187,-0.707106781187,0.));
#4898 = PCURVE('',#159,#4899);
#4899 = DEFINITIONAL_REPRESENTATION('',(#4900),#4904);
#4900 = LINE('',#4901,#4902);
#4901 = CARTESIAN_POINT('',(11.,8.881784197001E-16));
#4902 = VECTOR('',#4903,1.);
#4903 = DIRECTION('',(0.,1.));
#4904 = ( GEOMETRIC_REPRESENTATION_CONTEXT(2) 
PARAMETRIC_REPRESENTATION_CONTEXT() REPRESENTATION_CONTEXT('2D SPACE',''
  ) );
#4905 = PCURVE('',#3868,#4906);
#4906 = DEFINITIONAL_REPRESENTATION('',(#4907),#4911);
#4907 = LINE('',#4908,#4909);
#4908 = CARTESIAN_POINT('',(0.,0.));
#4909 = VECTOR('',#4910,1.);
#4910 = DIRECTION('',(0.,-1.));
#4911 = ( GEOMETRIC_REPRESENTATION_CONTEXT(2) 
PARAMETRIC_REPRESENTATION_CONTEXT() REPRESENTATION_CONTEXT('2D SPACE',''
  ) );
#4912 = ADVANCED_FACE('',(#4913),#1186,.T.);
#4913 = FACE_BOUND('',#4914,.T.);
#4914 = EDGE_LOOP('',(#4915,#4916,#4917,#4918));
#4915 = ORIENTED_EDGE('',*,*,#2826,.F.);
#4916 = ORIENTED_EDGE('',*,*,#1171,.F.);
#4917 = ORIENTED_EDGE('',*,*,#4842,.T.);
#4918 = ORIENTED_EDGE('',*,*,#4919,.F.);
#4919 = EDGE_CURVE('',#2799,#4843,#4920,.T.);
#4920 = SURFACE_CURVE('',#4921,(#4925,#4932),.PCURVE_S1.);
#4921 = LINE('',#4922,#4923);
#4922 = CARTESIAN_POINT('',(-65.33587988004,34.834936490539,3.));
#4923 = VECTOR('',#4924,1.);
#4924 = DIRECTION('',(0.,0.,1.));
#4925 = PCURVE('',#1186,#4926);
#4926 = DEFINITIONAL_REPRESENTATION('',(#4927),#4931);
#4927 = LINE('',#4928,#4929);
#4928 = CARTESIAN_POINT('',(0.,7.));
#4929 = VECTOR('',#4930,1.);
#4930 = DIRECTION('',(1.,0.));
#4931 = ( GEOMETRIC_REPRESENTATION_CONTEXT(2) 
PARAMETRIC_REPRESENTATION_CONTEXT() REPRESENTATION_CONTEXT('2D SPACE',''
  ) );
#4932 = PCURVE('',#2814,#4933);
#4933 = DEFINITIONAL_REPRESENTATION('',(#4934),#4938);
#4934 = LINE('',#4935,#4936);
#4935 = CARTESIAN_POINT('',(0.,-5.));
#4936 = VECTOR('',#4937,1.);
#4937 = DIRECTION('',(1.,0.));
#4938 = ( GEOMETRIC_REPRESENTATION_CONTEXT(2) 
PARAMETRIC_REPRESENTATION_CONTEXT() REPRESENTATION_CONTEXT('2D SPACE',''
  ) );
#4939 = ADVANCED_FACE('',(#4940),#192,.F.);
#4940 = FACE_BOUND('',#4941,.F.);
#4941 = EDGE_LOOP('',(#4942,#4965,#4966));
#4942 = ORIENTED_EDGE('',*,*,#4943,.F.);
#4943 = EDGE_CURVE('',#176,#4944,#4946,.T.);
#4944 = VERTEX_POINT('',#4945);
#4945 = CARTESIAN_POINT('',(-54.09366876077,50.558134854838,59.));
#4946 = SURFACE_CURVE('',#4947,(#4951,#4958),.PCURVE_S1.);
#4947 = LINE('',#4948,#4949);
#4948 = CARTESIAN_POINT('',(-46.31549416771,42.779960261786,59.));
#4949 = VECTOR('',#4950,1.);
#4950 = DIRECTION('',(-0.707106781187,0.707106781187,0.));
#4951 = PCURVE('',#192,#4952);
#4952 = DEFINITIONAL_REPRESENTATION('',(#4953),#4957);
#4953 = LINE('',#4954,#4955);
#4954 = CARTESIAN_POINT('',(-4.440892098501E-16,5.));
#4955 = VECTOR('',#4956,1.);
#4956 = DIRECTION('',(1.,0.));
#4957 = ( GEOMETRIC_REPRESENTATION_CONTEXT(2) 
PARAMETRIC_REPRESENTATION_CONTEXT() REPRESENTATION_CONTEXT('2D SPACE',''
  ) );
#4958 = PCURVE('',#223,#4959);
#4959 = DEFINITIONAL_REPRESENTATION('',(#4960),#4964);
#4960 = LINE('',#4961,#4962);
#4961 = CARTESIAN_POINT('',(0.,0.));
#4962 = VECTOR('',#4963,1.);
#4963 = DIRECTION('',(0.,1.));
#4964 = ( GEOMETRIC_REPRESENTATION_CONTEXT(2) 
PARAMETRIC_REPRESENTATION_CONTEXT() REPRESENTATION_CONTEXT('2D SPACE',''
  ) );
#4965 = ORIENTED_EDGE('',*,*,#175,.T.);
#4966 = ORIENTED_EDGE('',*,*,#4967,.T.);
#4967 = EDGE_CURVE('',#143,#4944,#4968,.T.);
#4968 = SURFACE_CURVE('',#4969,(#4973,#4980),.PCURVE_S1.);
#4969 = LINE('',#4970,#4971);
#4970 = CARTESIAN_POINT('',(-50.55813485483,54.093668760771,59.));
#4971 = VECTOR('',#4972,1.);
#4972 = DIRECTION('',(-0.707106781187,-0.707106781187,0.));
#4973 = PCURVE('',#192,#4974);
#4974 = DEFINITIONAL_REPRESENTATION('',(#4975),#4979);
#4975 = LINE('',#4976,#4977);
#4976 = CARTESIAN_POINT('',(11.,8.881784197001E-16));
#4977 = VECTOR('',#4978,1.);
#4978 = DIRECTION('',(0.,1.));
#4979 = ( GEOMETRIC_REPRESENTATION_CONTEXT(2) 
PARAMETRIC_REPRESENTATION_CONTEXT() REPRESENTATION_CONTEXT('2D SPACE',''
  ) );
#4980 = PCURVE('',#3868,#4981);
#4981 = DEFINITIONAL_REPRESENTATION('',(#4982),#4986);
#4982 = LINE('',#4983,#4984);
#4983 = CARTESIAN_POINT('',(0.,0.));
#4984 = VECTOR('',#4985,1.);
#4985 = DIRECTION('',(0.,-1.));
#4986 = ( GEOMETRIC_REPRESENTATION_CONTEXT(2) 
PARAMETRIC_REPRESENTATION_CONTEXT() REPRESENTATION_CONTEXT('2D SPACE',''
  ) );
#4987 = ADVANCED_FACE('',(#4988),#223,.T.);
#4988 = FACE_BOUND('',#4989,.T.);
#4989 = EDGE_LOOP('',(#4990,#4991,#4992,#4993));
#4990 = ORIENTED_EDGE('',*,*,#4943,.F.);
#4991 = ORIENTED_EDGE('',*,*,#208,.F.);
#4992 = ORIENTED_EDGE('',*,*,#3880,.T.);
#4993 = ORIENTED_EDGE('',*,*,#4994,.F.);
#4994 = EDGE_CURVE('',#4944,#3853,#4995,.T.);
#4995 = SURFACE_CURVE('',#4996,(#5000,#5007),.PCURVE_S1.);
#4996 = LINE('',#4997,#4998);
#4997 = CARTESIAN_POINT('',(-54.09366876077,50.558134854838,59.));
#4998 = VECTOR('',#4999,1.);
#4999 = DIRECTION('',(0.,0.,1.));
#5000 = PCURVE('',#223,#5001);
#5001 = DEFINITIONAL_REPRESENTATION('',(#5002),#5006);
#5002 = LINE('',#5003,#5004);
#5003 = CARTESIAN_POINT('',(0.,11.));
#5004 = VECTOR('',#5005,1.);
#5005 = DIRECTION('',(1.,0.));
#5006 = ( GEOMETRIC_REPRESENTATION_CONTEXT(2) 
PARAMETRIC_REPRESENTATION_CONTEXT() REPRESENTATION_CONTEXT('2D SPACE',''
  ) );
#5007 = PCURVE('',#3868,#5008);
#5008 = DEFINITIONAL_REPRESENTATION('',(#5009),#5013);
#5009 = LINE('',#5010,#5011);
#5010 = CARTESIAN_POINT('',(0.,-5.));
#5011 = VECTOR('',#5012,1.);
#5012 = DIRECTION('',(1.,0.));
#5013 = ( GEOMETRIC_REPRESENTATION_CONTEXT(2) 
PARAMETRIC_REPRESENTATION_CONTEXT() REPRESENTATION_CONTEXT('2D SPACE',''
  ) );
#5014 = ADVANCED_FACE('',(#5015),#1136,.F.);
#5015 = FACE_BOUND('',#5016,.F.);
#5016 = EDGE_LOOP('',(#5017,#5018,#5019,#5042));
#5017 = ORIENTED_EDGE('',*,*,#2848,.F.);
#5018 = ORIENTED_EDGE('',*,*,#1121,.F.);
#5019 = ORIENTED_EDGE('',*,*,#5020,.T.);
#5020 = EDGE_CURVE('',#1089,#5021,#5023,.T.);
#5021 = VERTEX_POINT('',#5022);
#5022 = CARTESIAN_POINT('',(-65.33587988004,-34.83493649053,15.));
#5023 = SURFACE_CURVE('',#5024,(#5028,#5035),.PCURVE_S1.);
#5024 = LINE('',#5025,#5026);
#5025 = CARTESIAN_POINT('',(-59.27370205355,-31.33493649053,15.));
#5026 = VECTOR('',#5027,1.);
#5027 = DIRECTION('',(-0.866025403784,-0.5,0.));
#5028 = PCURVE('',#1136,#5029);
#5029 = DEFINITIONAL_REPRESENTATION('',(#5030),#5034);
#5030 = LINE('',#5031,#5032);
#5031 = CARTESIAN_POINT('',(12.,0.));
#5032 = VECTOR('',#5033,1.);
#5033 = DIRECTION('',(0.,1.));
#5034 = ( GEOMETRIC_REPRESENTATION_CONTEXT(2) 
PARAMETRIC_REPRESENTATION_CONTEXT() REPRESENTATION_CONTEXT('2D SPACE',''
  ) );
#5035 = PCURVE('',#1105,#5036);
#5036 = DEFINITIONAL_REPRESENTATION('',(#5037),#5041);
#5037 = LINE('',#5038,#5039);
#5038 = CARTESIAN_POINT('',(0.,0.));
#5039 = VECTOR('',#5040,1.);
#5040 = DIRECTION('',(1.,0.));
#5041 = ( GEOMETRIC_REPRESENTATION_CONTEXT(2) 
PARAMETRIC_REPRESENTATION_CONTEXT() REPRESENTATION_CONTEXT('2D SPACE',''
  ) );
#5042 = ORIENTED_EDGE('',*,*,#5043,.F.);
#5043 = EDGE_CURVE('',#2849,#5021,#5044,.T.);
#5044 = SURFACE_CURVE('',#5045,(#5049,#5056),.PCURVE_S1.);
#5045 = LINE('',#5046,#5047);
#5046 = CARTESIAN_POINT('',(-65.33587988004,-34.83493649053,3.));
#5047 = VECTOR('',#5048,1.);
#5048 = DIRECTION('',(0.,0.,1.));
#5049 = PCURVE('',#1136,#5050);
#5050 = DEFINITIONAL_REPRESENTATION('',(#5051),#5055);
#5051 = LINE('',#5052,#5053);
#5052 = CARTESIAN_POINT('',(0.,7.));
#5053 = VECTOR('',#5054,1.);
#5054 = DIRECTION('',(1.,0.));
#5055 = ( GEOMETRIC_REPRESENTATION_CONTEXT(2) 
PARAMETRIC_REPRESENTATION_CONTEXT() REPRESENTATION_CONTEXT('2D SPACE',''
  ) );
#5056 = PCURVE('',#2887,#5057);
#5057 = DEFINITIONAL_REPRESENTATION('',(#5058),#5062);
#5058 = LINE('',#5059,#5060);
#5059 = CARTESIAN_POINT('',(0.,0.));
#5060 = VECTOR('',#5061,1.);
#5061 = DIRECTION('',(1.,0.));
#5062 = ( GEOMETRIC_REPRESENTATION_CONTEXT(2) 
PARAMETRIC_REPRESENTATION_CONTEXT() REPRESENTATION_CONTEXT('2D SPACE',''
  ) );
#5063 = ADVANCED_FACE('',(#5064),#1105,.T.);
#5064 = FACE_BOUND('',#5065,.T.);
#5065 = EDGE_LOOP('',(#5066,#5067,#5068));
#5066 = ORIENTED_EDGE('',*,*,#1088,.T.);
#5067 = ORIENTED_EDGE('',*,*,#5020,.T.);
#5068 = ORIENTED_EDGE('',*,*,#5069,.T.);
#5069 = EDGE_CURVE('',#5021,#1056,#5070,.T.);
#5070 = SURFACE_CURVE('',#5071,(#5075,#5082),.PCURVE_S1.);
#5071 = LINE('',#5072,#5073);
#5072 = CARTESIAN_POINT('',(-65.33587988004,-34.83493649053,15.));
#5073 = VECTOR('',#5074,1.);
#5074 = DIRECTION('',(0.5,-0.866025403784,0.));
#5075 = PCURVE('',#1105,#5076);
#5076 = DEFINITIONAL_REPRESENTATION('',(#5077),#5081);
#5077 = LINE('',#5078,#5079);
#5078 = CARTESIAN_POINT('',(7.,3.10862446895E-15));
#5079 = VECTOR('',#5080,1.);
#5080 = DIRECTION('',(0.,1.));
#5081 = ( GEOMETRIC_REPRESENTATION_CONTEXT(2) 
PARAMETRIC_REPRESENTATION_CONTEXT() REPRESENTATION_CONTEXT('2D SPACE',''
  ) );
#5082 = PCURVE('',#2887,#5083);
#5083 = DEFINITIONAL_REPRESENTATION('',(#5084),#5088);
#5084 = LINE('',#5085,#5086);
#5085 = CARTESIAN_POINT('',(12.,0.));
#5086 = VECTOR('',#5087,1.);
#5087 = DIRECTION('',(0.,-1.));
#5088 = ( GEOMETRIC_REPRESENTATION_CONTEXT(2) 
PARAMETRIC_REPRESENTATION_CONTEXT() REPRESENTATION_CONTEXT('2D SPACE',''
  ) );
#5089 = ADVANCED_FACE('',(#5090),#277,.F.);
#5090 = FACE_BOUND('',#5091,.F.);
#5091 = EDGE_LOOP('',(#5092,#5115,#5116,#5117));
#5092 = ORIENTED_EDGE('',*,*,#5093,.F.);
#5093 = EDGE_CURVE('',#263,#5094,#5096,.T.);
#5094 = VERTEX_POINT('',#5095);
#5095 = CARTESIAN_POINT('',(-54.09366876077,-50.55813485483,59.));
#5096 = SURFACE_CURVE('',#5097,(#5101,#5108),.PCURVE_S1.);
#5097 = LINE('',#5098,#5099);
#5098 = CARTESIAN_POINT('',(-46.31549416771,-42.77996026178,59.));
#5099 = VECTOR('',#5100,1.);
#5100 = DIRECTION('',(-0.707106781187,-0.707106781187,0.));
#5101 = PCURVE('',#277,#5102);
#5102 = DEFINITIONAL_REPRESENTATION('',(#5103),#5107);
#5103 = LINE('',#5104,#5105);
#5104 = CARTESIAN_POINT('',(0.,0.));
#5105 = VECTOR('',#5106,1.);
#5106 = DIRECTION('',(0.,1.));
#5107 = ( GEOMETRIC_REPRESENTATION_CONTEXT(2) 
PARAMETRIC_REPRESENTATION_CONTEXT() REPRESENTATION_CONTEXT('2D SPACE',''
  ) );
#5108 = PCURVE('',#305,#5109);
#5109 = DEFINITIONAL_REPRESENTATION('',(#5110),#5114);
#5110 = LINE('',#5111,#5112);
#5111 = CARTESIAN_POINT('',(0.,0.));
#5112 = VECTOR('',#5113,1.);
#5113 = DIRECTION('',(1.,0.));
#5114 = ( GEOMETRIC_REPRESENTATION_CONTEXT(2) 
PARAMETRIC_REPRESENTATION_CONTEXT() REPRESENTATION_CONTEXT('2D SPACE',''
  ) );
#5115 = ORIENTED_EDGE('',*,*,#262,.F.);
#5116 = ORIENTED_EDGE('',*,*,#3902,.T.);
#5117 = ORIENTED_EDGE('',*,*,#5118,.F.);
#5118 = EDGE_CURVE('',#5094,#3903,#5119,.T.);
#5119 = SURFACE_CURVE('',#5120,(#5124,#5131),.PCURVE_S1.);
#5120 = LINE('',#5121,#5122);
#5121 = CARTESIAN_POINT('',(-54.09366876077,-50.55813485483,59.));
#5122 = VECTOR('',#5123,1.);
#5123 = DIRECTION('',(0.,0.,1.));
#5124 = PCURVE('',#277,#5125);
#5125 = DEFINITIONAL_REPRESENTATION('',(#5126),#5130);
#5126 = LINE('',#5127,#5128);
#5127 = CARTESIAN_POINT('',(0.,11.));
#5128 = VECTOR('',#5129,1.);
#5129 = DIRECTION('',(1.,0.));
#5130 = ( GEOMETRIC_REPRESENTATION_CONTEXT(2) 
PARAMETRIC_REPRESENTATION_CONTEXT() REPRESENTATION_CONTEXT('2D SPACE',''
  ) );
#5131 = PCURVE('',#3941,#5132);
#5132 = DEFINITIONAL_REPRESENTATION('',(#5133),#5137);
#5133 = LINE('',#5134,#5135);
#5134 = CARTESIAN_POINT('',(0.,0.));
#5135 = VECTOR('',#5136,1.);
#5136 = DIRECTION('',(1.,0.));
#5137 = ( GEOMETRIC_REPRESENTATION_CONTEXT(2) 
PARAMETRIC_REPRESENTATION_CONTEXT() REPRESENTATION_CONTEXT('2D SPACE',''
  ) );
#5138 = ADVANCED_FACE('',(#5139),#1072,.T.);
#5139 = FACE_BOUND('',#5140,.T.);
#5140 = EDGE_LOOP('',(#5141,#5164,#5165));
#5141 = ORIENTED_EDGE('',*,*,#5142,.F.);
#5142 = EDGE_CURVE('',#1030,#5143,#5145,.T.);
#5143 = VERTEX_POINT('',#5144);
#5144 = CARTESIAN_POINT('',(-62.83587988004,-39.16506350946,15.));
#5145 = SURFACE_CURVE('',#5146,(#5150,#5157),.PCURVE_S1.);
#5146 = LINE('',#5147,#5148);
#5147 = CARTESIAN_POINT('',(-56.77370205355,-35.66506350946,15.));
#5148 = VECTOR('',#5149,1.);
#5149 = DIRECTION('',(-0.866025403784,-0.5,0.));
#5150 = PCURVE('',#1072,#5151);
#5151 = DEFINITIONAL_REPRESENTATION('',(#5152),#5156);
#5152 = LINE('',#5153,#5154);
#5153 = CARTESIAN_POINT('',(1.33226762955E-15,5.));
#5154 = VECTOR('',#5155,1.);
#5155 = DIRECTION('',(1.,0.));
#5156 = ( GEOMETRIC_REPRESENTATION_CONTEXT(2) 
PARAMETRIC_REPRESENTATION_CONTEXT() REPRESENTATION_CONTEXT('2D SPACE',''
  ) );
#5157 = PCURVE('',#1044,#5158);
#5158 = DEFINITIONAL_REPRESENTATION('',(#5159),#5163);
#5159 = LINE('',#5160,#5161);
#5160 = CARTESIAN_POINT('',(12.,0.));
#5161 = VECTOR('',#5162,1.);
#5162 = DIRECTION('',(0.,1.));
#5163 = ( GEOMETRIC_REPRESENTATION_CONTEXT(2) 
PARAMETRIC_REPRESENTATION_CONTEXT() REPRESENTATION_CONTEXT('2D SPACE',''
  ) );
#5164 = ORIENTED_EDGE('',*,*,#1055,.T.);
#5165 = ORIENTED_EDGE('',*,*,#5166,.T.);
#5166 = EDGE_CURVE('',#1056,#5143,#5167,.T.);
#5167 = SURFACE_CURVE('',#5168,(#5172,#5179),.PCURVE_S1.);
#5168 = LINE('',#5169,#5170);
#5169 = CARTESIAN_POINT('',(-65.33587988004,-34.83493649053,15.));
#5170 = VECTOR('',#5171,1.);
#5171 = DIRECTION('',(0.5,-0.866025403784,0.));
#5172 = PCURVE('',#1072,#5173);
#5173 = DEFINITIONAL_REPRESENTATION('',(#5174),#5178);
#5174 = LINE('',#5175,#5176);
#5175 = CARTESIAN_POINT('',(7.,3.10862446895E-15));
#5176 = VECTOR('',#5177,1.);
#5177 = DIRECTION('',(0.,1.));
#5178 = ( GEOMETRIC_REPRESENTATION_CONTEXT(2) 
PARAMETRIC_REPRESENTATION_CONTEXT() REPRESENTATION_CONTEXT('2D SPACE',''
  ) );
#5179 = PCURVE('',#2887,#5180);
#5180 = DEFINITIONAL_REPRESENTATION('',(#5181),#5185);
#5181 = LINE('',#5182,#5183);
#5182 = CARTESIAN_POINT('',(12.,0.));
#5183 = VECTOR('',#5184,1.);
#5184 = DIRECTION('',(0.,-1.));
#5185 = ( GEOMETRIC_REPRESENTATION_CONTEXT(2) 
PARAMETRIC_REPRESENTATION_CONTEXT() REPRESENTATION_CONTEXT('2D SPACE',''
  ) );
#5186 = ADVANCED_FACE('',(#5187),#305,.F.);
#5187 = FACE_BOUND('',#5188,.F.);
#5188 = EDGE_LOOP('',(#5189,#5190,#5191));
#5189 = ORIENTED_EDGE('',*,*,#288,.T.);
#5190 = ORIENTED_EDGE('',*,*,#5093,.T.);
#5191 = ORIENTED_EDGE('',*,*,#5192,.T.);
#5192 = EDGE_CURVE('',#5094,#289,#5193,.T.);
#5193 = SURFACE_CURVE('',#5194,(#5198,#5205),.PCURVE_S1.);
#5194 = LINE('',#5195,#5196);
#5195 = CARTESIAN_POINT('',(-54.09366876077,-50.55813485483,59.));
#5196 = VECTOR('',#5197,1.);
#5197 = DIRECTION('',(0.707106781187,-0.707106781187,0.));
#5198 = PCURVE('',#305,#5199);
#5199 = DEFINITIONAL_REPRESENTATION('',(#5200),#5204);
#5200 = LINE('',#5201,#5202);
#5201 = CARTESIAN_POINT('',(11.,8.881784197001E-16));
#5202 = VECTOR('',#5203,1.);
#5203 = DIRECTION('',(0.,1.));
#5204 = ( GEOMETRIC_REPRESENTATION_CONTEXT(2) 
PARAMETRIC_REPRESENTATION_CONTEXT() REPRESENTATION_CONTEXT('2D SPACE',''
  ) );
#5205 = PCURVE('',#3941,#5206);
#5206 = DEFINITIONAL_REPRESENTATION('',(#5207),#5211);
#5207 = LINE('',#5208,#5209);
#5208 = CARTESIAN_POINT('',(0.,0.));
#5209 = VECTOR('',#5210,1.);
#5210 = DIRECTION('',(0.,-1.));
#5211 = ( GEOMETRIC_REPRESENTATION_CONTEXT(2) 
PARAMETRIC_REPRESENTATION_CONTEXT() REPRESENTATION_CONTEXT('2D SPACE',''
  ) );
#5212 = ADVANCED_FACE('',(#5213),#1044,.T.);
#5213 = FACE_BOUND('',#5214,.T.);
#5214 = EDGE_LOOP('',(#5215,#5216,#5217,#5218));
#5215 = ORIENTED_EDGE('',*,*,#2899,.F.);
#5216 = ORIENTED_EDGE('',*,*,#1029,.F.);
#5217 = ORIENTED_EDGE('',*,*,#5142,.T.);
#5218 = ORIENTED_EDGE('',*,*,#5219,.F.);
#5219 = EDGE_CURVE('',#2872,#5143,#5220,.T.);
#5220 = SURFACE_CURVE('',#5221,(#5225,#5232),.PCURVE_S1.);
#5221 = LINE('',#5222,#5223);
#5222 = CARTESIAN_POINT('',(-62.83587988004,-39.16506350946,3.));
#5223 = VECTOR('',#5224,1.);
#5224 = DIRECTION('',(0.,0.,1.));
#5225 = PCURVE('',#1044,#5226);
#5226 = DEFINITIONAL_REPRESENTATION('',(#5227),#5231);
#5227 = LINE('',#5228,#5229);
#5228 = CARTESIAN_POINT('',(0.,7.));
#5229 = VECTOR('',#5230,1.);
#5230 = DIRECTION('',(1.,0.));
#5231 = ( GEOMETRIC_REPRESENTATION_CONTEXT(2) 
PARAMETRIC_REPRESENTATION_CONTEXT() REPRESENTATION_CONTEXT('2D SPACE',''
  ) );
#5232 = PCURVE('',#2887,#5233);
#5233 = DEFINITIONAL_REPRESENTATION('',(#5234),#5238);
#5234 = LINE('',#5235,#5236);
#5235 = CARTESIAN_POINT('',(0.,-5.));
#5236 = VECTOR('',#5237,1.);
#5237 = DIRECTION('',(1.,0.));
#5238 = ( GEOMETRIC_REPRESENTATION_CONTEXT(2) 
PARAMETRIC_REPRESENTATION_CONTEXT() REPRESENTATION_CONTEXT('2D SPACE',''
  ) );
#5239 = ADVANCED_FACE('',(#5240),#338,.F.);
#5240 = FACE_BOUND('',#5241,.F.);
#5241 = EDGE_LOOP('',(#5242,#5265,#5266));
#5242 = ORIENTED_EDGE('',*,*,#5243,.F.);
#5243 = EDGE_CURVE('',#322,#5244,#5246,.T.);
#5244 = VERTEX_POINT('',#5245);
#5245 = CARTESIAN_POINT('',(-50.55813485483,-54.09366876077,59.));
#5246 = SURFACE_CURVE('',#5247,(#5251,#5258),.PCURVE_S1.);
#5247 = LINE('',#5248,#5249);
#5248 = CARTESIAN_POINT('',(-42.77996026178,-46.31549416771,59.));
#5249 = VECTOR('',#5250,1.);
#5250 = DIRECTION('',(-0.707106781187,-0.707106781187,0.));
#5251 = PCURVE('',#338,#5252);
#5252 = DEFINITIONAL_REPRESENTATION('',(#5253),#5257);
#5253 = LINE('',#5254,#5255);
#5254 = CARTESIAN_POINT('',(-4.440892098501E-16,5.));
#5255 = VECTOR('',#5256,1.);
#5256 = DIRECTION('',(1.,0.));
#5257 = ( GEOMETRIC_REPRESENTATION_CONTEXT(2) 
PARAMETRIC_REPRESENTATION_CONTEXT() REPRESENTATION_CONTEXT('2D SPACE',''
  ) );
#5258 = PCURVE('',#369,#5259);
#5259 = DEFINITIONAL_REPRESENTATION('',(#5260),#5264);
#5260 = LINE('',#5261,#5262);
#5261 = CARTESIAN_POINT('',(0.,0.));
#5262 = VECTOR('',#5263,1.);
#5263 = DIRECTION('',(0.,1.));
#5264 = ( GEOMETRIC_REPRESENTATION_CONTEXT(2) 
PARAMETRIC_REPRESENTATION_CONTEXT() REPRESENTATION_CONTEXT('2D SPACE',''
  ) );
#5265 = ORIENTED_EDGE('',*,*,#321,.T.);
#5266 = ORIENTED_EDGE('',*,*,#5267,.T.);
#5267 = EDGE_CURVE('',#289,#5244,#5268,.T.);
#5268 = SURFACE_CURVE('',#5269,(#5273,#5280),.PCURVE_S1.);
#5269 = LINE('',#5270,#5271);
#5270 = CARTESIAN_POINT('',(-54.09366876077,-50.55813485483,59.));
#5271 = VECTOR('',#5272,1.);
#5272 = DIRECTION('',(0.707106781187,-0.707106781187,0.));
#5273 = PCURVE('',#338,#5274);
#5274 = DEFINITIONAL_REPRESENTATION('',(#5275),#5279);
#5275 = LINE('',#5276,#5277);
#5276 = CARTESIAN_POINT('',(11.,8.881784197001E-16));
#5277 = VECTOR('',#5278,1.);
#5278 = DIRECTION('',(0.,1.));
#5279 = ( GEOMETRIC_REPRESENTATION_CONTEXT(2) 
PARAMETRIC_REPRESENTATION_CONTEXT() REPRESENTATION_CONTEXT('2D SPACE',''
  ) );
#5280 = PCURVE('',#3941,#5281);
#5281 = DEFINITIONAL_REPRESENTATION('',(#5282),#5286);
#5282 = LINE('',#5283,#5284);
#5283 = CARTESIAN_POINT('',(0.,0.));
#5284 = VECTOR('',#5285,1.);
#5285 = DIRECTION('',(0.,-1.));
#5286 = ( GEOMETRIC_REPRESENTATION_CONTEXT(2) 
PARAMETRIC_REPRESENTATION_CONTEXT() REPRESENTATION_CONTEXT('2D SPACE',''
  ) );
#5287 = ADVANCED_FACE('',(#5288),#369,.T.);
#5288 = FACE_BOUND('',#5289,.T.);
#5289 = EDGE_LOOP('',(#5290,#5291,#5292,#5293));
#5290 = ORIENTED_EDGE('',*,*,#5243,.F.);
#5291 = ORIENTED_EDGE('',*,*,#354,.F.);
#5292 = ORIENTED_EDGE('',*,*,#3953,.T.);
#5293 = ORIENTED_EDGE('',*,*,#5294,.F.);
#5294 = EDGE_CURVE('',#5244,#3926,#5295,.T.);
#5295 = SURFACE_CURVE('',#5296,(#5300,#5307),.PCURVE_S1.);
#5296 = LINE('',#5297,#5298);
#5297 = CARTESIAN_POINT('',(-50.55813485483,-54.09366876077,59.));
#5298 = VECTOR('',#5299,1.);
#5299 = DIRECTION('',(0.,0.,1.));
#5300 = PCURVE('',#369,#5301);
#5301 = DEFINITIONAL_REPRESENTATION('',(#5302),#5306);
#5302 = LINE('',#5303,#5304);
#5303 = CARTESIAN_POINT('',(0.,11.));
#5304 = VECTOR('',#5305,1.);
#5305 = DIRECTION('',(1.,0.));
#5306 = ( GEOMETRIC_REPRESENTATION_CONTEXT(2) 
PARAMETRIC_REPRESENTATION_CONTEXT() REPRESENTATION_CONTEXT('2D SPACE',''
  ) );
#5307 = PCURVE('',#3941,#5308);
#5308 = DEFINITIONAL_REPRESENTATION('',(#5309),#5313);
#5309 = LINE('',#5310,#5311);
#5310 = CARTESIAN_POINT('',(0.,-5.));
#5311 = VECTOR('',#5312,1.);
#5312 = DIRECTION('',(1.,0.));
#5313 = ( GEOMETRIC_REPRESENTATION_CONTEXT(2) 
PARAMETRIC_REPRESENTATION_CONTEXT() REPRESENTATION_CONTEXT('2D SPACE',''
  ) );
#5314 = ADVANCED_FACE('',(#5315),#994,.F.);
#5315 = FACE_BOUND('',#5316,.F.);
#5316 = EDGE_LOOP('',(#5317,#5318,#5319,#5342));
#5317 = ORIENTED_EDGE('',*,*,#2921,.F.);
#5318 = ORIENTED_EDGE('',*,*,#979,.F.);
#5319 = ORIENTED_EDGE('',*,*,#5320,.T.);
#5320 = EDGE_CURVE('',#947,#5321,#5323,.T.);
#5321 = VERTEX_POINT('',#5322);
#5322 = CARTESIAN_POINT('',(62.835879880048,-39.16506350946,15.));
#5323 = SURFACE_CURVE('',#5324,(#5328,#5335),.PCURVE_S1.);
#5324 = LINE('',#5325,#5326);
#5325 = CARTESIAN_POINT('',(56.773702053557,-35.66506350946,15.));
#5326 = VECTOR('',#5327,1.);
#5327 = DIRECTION('',(0.866025403784,-0.5,0.));
#5328 = PCURVE('',#994,#5329);
#5329 = DEFINITIONAL_REPRESENTATION('',(#5330),#5334);
#5330 = LINE('',#5331,#5332);
#5331 = CARTESIAN_POINT('',(12.,0.));
#5332 = VECTOR('',#5333,1.);
#5333 = DIRECTION('',(0.,1.));
#5334 = ( GEOMETRIC_REPRESENTATION_CONTEXT(2) 
PARAMETRIC_REPRESENTATION_CONTEXT() REPRESENTATION_CONTEXT('2D SPACE',''
  ) );
#5335 = PCURVE('',#963,#5336);
#5336 = DEFINITIONAL_REPRESENTATION('',(#5337),#5341);
#5337 = LINE('',#5338,#5339);
#5338 = CARTESIAN_POINT('',(0.,0.));
#5339 = VECTOR('',#5340,1.);
#5340 = DIRECTION('',(1.,0.));
#5341 = ( GEOMETRIC_REPRESENTATION_CONTEXT(2) 
PARAMETRIC_REPRESENTATION_CONTEXT() REPRESENTATION_CONTEXT('2D SPACE',''
  ) );
#5342 = ORIENTED_EDGE('',*,*,#5343,.F.);
#5343 = EDGE_CURVE('',#2922,#5321,#5344,.T.);
#5344 = SURFACE_CURVE('',#5345,(#5349,#5356),.PCURVE_S1.);
#5345 = LINE('',#5346,#5347);
#5346 = CARTESIAN_POINT('',(62.835879880048,-39.16506350946,3.));
#5347 = VECTOR('',#5348,1.);
#5348 = DIRECTION('',(0.,0.,1.));
#5349 = PCURVE('',#994,#5350);
#5350 = DEFINITIONAL_REPRESENTATION('',(#5351),#5355);
#5351 = LINE('',#5352,#5353);
#5352 = CARTESIAN_POINT('',(0.,7.));
#5353 = VECTOR('',#5354,1.);
#5354 = DIRECTION('',(1.,0.));
#5355 = ( GEOMETRIC_REPRESENTATION_CONTEXT(2) 
PARAMETRIC_REPRESENTATION_CONTEXT() REPRESENTATION_CONTEXT('2D SPACE',''
  ) );
#5356 = PCURVE('',#2960,#5357);
#5357 = DEFINITIONAL_REPRESENTATION('',(#5358),#5362);
#5358 = LINE('',#5359,#5360);
#5359 = CARTESIAN_POINT('',(0.,0.));
#5360 = VECTOR('',#5361,1.);
#5361 = DIRECTION('',(1.,0.));
#5362 = ( GEOMETRIC_REPRESENTATION_CONTEXT(2) 
PARAMETRIC_REPRESENTATION_CONTEXT() REPRESENTATION_CONTEXT('2D SPACE',''
  ) );
#5363 = ADVANCED_FACE('',(#5364),#963,.T.);
#5364 = FACE_BOUND('',#5365,.T.);
#5365 = EDGE_LOOP('',(#5366,#5367,#5368));
#5366 = ORIENTED_EDGE('',*,*,#946,.T.);
#5367 = ORIENTED_EDGE('',*,*,#5320,.T.);
#5368 = ORIENTED_EDGE('',*,*,#5369,.T.);
#5369 = EDGE_CURVE('',#5321,#914,#5370,.T.);
#5370 = SURFACE_CURVE('',#5371,(#5375,#5382),.PCURVE_S1.);
#5371 = LINE('',#5372,#5373);
#5372 = CARTESIAN_POINT('',(62.835879880048,-39.16506350946,15.));
#5373 = VECTOR('',#5374,1.);
#5374 = DIRECTION('',(0.5,0.866025403784,0.));
#5375 = PCURVE('',#963,#5376);
#5376 = DEFINITIONAL_REPRESENTATION('',(#5377),#5381);
#5377 = LINE('',#5378,#5379);
#5378 = CARTESIAN_POINT('',(7.,-4.884981308351E-15));
#5379 = VECTOR('',#5380,1.);
#5380 = DIRECTION('',(0.,1.));
#5381 = ( GEOMETRIC_REPRESENTATION_CONTEXT(2) 
PARAMETRIC_REPRESENTATION_CONTEXT() REPRESENTATION_CONTEXT('2D SPACE',''
  ) );
#5382 = PCURVE('',#2960,#5383);
#5383 = DEFINITIONAL_REPRESENTATION('',(#5384),#5388);
#5384 = LINE('',#5385,#5386);
#5385 = CARTESIAN_POINT('',(12.,0.));
#5386 = VECTOR('',#5387,1.);
#5387 = DIRECTION('',(0.,-1.));
#5388 = ( GEOMETRIC_REPRESENTATION_CONTEXT(2) 
PARAMETRIC_REPRESENTATION_CONTEXT() REPRESENTATION_CONTEXT('2D SPACE',''
  ) );
#5389 = ADVANCED_FACE('',(#5390),#423,.F.);
#5390 = FACE_BOUND('',#5391,.F.);
#5391 = EDGE_LOOP('',(#5392,#5415,#5416,#5417));
#5392 = ORIENTED_EDGE('',*,*,#5393,.F.);
#5393 = EDGE_CURVE('',#409,#5394,#5396,.T.);
#5394 = VERTEX_POINT('',#5395);
#5395 = CARTESIAN_POINT('',(50.558134854838,-54.09366876077,59.));
#5396 = SURFACE_CURVE('',#5397,(#5401,#5408),.PCURVE_S1.);
#5397 = LINE('',#5398,#5399);
#5398 = CARTESIAN_POINT('',(42.779960261786,-46.31549416771,59.));
#5399 = VECTOR('',#5400,1.);
#5400 = DIRECTION('',(0.707106781187,-0.707106781187,0.));
#5401 = PCURVE('',#423,#5402);
#5402 = DEFINITIONAL_REPRESENTATION('',(#5403),#5407);
#5403 = LINE('',#5404,#5405);
#5404 = CARTESIAN_POINT('',(0.,0.));
#5405 = VECTOR('',#5406,1.);
#5406 = DIRECTION('',(0.,1.));
#5407 = ( GEOMETRIC_REPRESENTATION_CONTEXT(2) 
PARAMETRIC_REPRESENTATION_CONTEXT() REPRESENTATION_CONTEXT('2D SPACE',''
  ) );
#5408 = PCURVE('',#451,#5409);
#5409 = DEFINITIONAL_REPRESENTATION('',(#5410),#5414);
#5410 = LINE('',#5411,#5412);
#5411 = CARTESIAN_POINT('',(0.,0.));
#5412 = VECTOR('',#5413,1.);
#5413 = DIRECTION('',(1.,0.));
#5414 = ( GEOMETRIC_REPRESENTATION_CONTEXT(2) 
PARAMETRIC_REPRESENTATION_CONTEXT() REPRESENTATION_CONTEXT('2D SPACE',''
  ) );
#5415 = ORIENTED_EDGE('',*,*,#408,.F.);
#5416 = ORIENTED_EDGE('',*,*,#3975,.T.);
#5417 = ORIENTED_EDGE('',*,*,#5418,.F.);
#5418 = EDGE_CURVE('',#5394,#3976,#5419,.T.);
#5419 = SURFACE_CURVE('',#5420,(#5424,#5431),.PCURVE_S1.);
#5420 = LINE('',#5421,#5422);
#5421 = CARTESIAN_POINT('',(50.558134854838,-54.09366876077,59.));
#5422 = VECTOR('',#5423,1.);
#5423 = DIRECTION('',(0.,0.,1.));
#5424 = PCURVE('',#423,#5425);
#5425 = DEFINITIONAL_REPRESENTATION('',(#5426),#5430);
#5426 = LINE('',#5427,#5428);
#5427 = CARTESIAN_POINT('',(0.,11.));
#5428 = VECTOR('',#5429,1.);
#5429 = DIRECTION('',(1.,0.));
#5430 = ( GEOMETRIC_REPRESENTATION_CONTEXT(2) 
PARAMETRIC_REPRESENTATION_CONTEXT() REPRESENTATION_CONTEXT('2D SPACE',''
  ) );
#5431 = PCURVE('',#4014,#5432);
#5432 = DEFINITIONAL_REPRESENTATION('',(#5433),#5437);
#5433 = LINE('',#5434,#5435);
#5434 = CARTESIAN_POINT('',(0.,0.));
#5435 = VECTOR('',#5436,1.);
#5436 = DIRECTION('',(1.,0.));
#5437 = ( GEOMETRIC_REPRESENTATION_CONTEXT(2) 
PARAMETRIC_REPRESENTATION_CONTEXT() REPRESENTATION_CONTEXT('2D SPACE',''
  ) );
#5438 = ADVANCED_FACE('',(#5439),#930,.T.);
#5439 = FACE_BOUND('',#5440,.T.);
#5440 = EDGE_LOOP('',(#5441,#5464,#5465));
#5441 = ORIENTED_EDGE('',*,*,#5442,.F.);
#5442 = EDGE_CURVE('',#888,#5443,#5445,.T.);
#5443 = VERTEX_POINT('',#5444);
#5444 = CARTESIAN_POINT('',(65.335879880048,-34.83493649053,15.));
#5445 = SURFACE_CURVE('',#5446,(#5450,#5457),.PCURVE_S1.);
#5446 = LINE('',#5447,#5448);
#5447 = CARTESIAN_POINT('',(59.273702053557,-31.33493649053,15.));
#5448 = VECTOR('',#5449,1.);
#5449 = DIRECTION('',(0.866025403784,-0.5,0.));
#5450 = PCURVE('',#930,#5451);
#5451 = DEFINITIONAL_REPRESENTATION('',(#5452),#5456);
#5452 = LINE('',#5453,#5454);
#5453 = CARTESIAN_POINT('',(-3.10862446895E-15,5.));
#5454 = VECTOR('',#5455,1.);
#5455 = DIRECTION('',(1.,0.));
#5456 = ( GEOMETRIC_REPRESENTATION_CONTEXT(2) 
PARAMETRIC_REPRESENTATION_CONTEXT() REPRESENTATION_CONTEXT('2D SPACE',''
  ) );
#5457 = PCURVE('',#902,#5458);
#5458 = DEFINITIONAL_REPRESENTATION('',(#5459),#5463);
#5459 = LINE('',#5460,#5461);
#5460 = CARTESIAN_POINT('',(12.,0.));
#5461 = VECTOR('',#5462,1.);
#5462 = DIRECTION('',(0.,1.));
#5463 = ( GEOMETRIC_REPRESENTATION_CONTEXT(2) 
PARAMETRIC_REPRESENTATION_CONTEXT() REPRESENTATION_CONTEXT('2D SPACE',''
  ) );
#5464 = ORIENTED_EDGE('',*,*,#913,.T.);
#5465 = ORIENTED_EDGE('',*,*,#5466,.T.);
#5466 = EDGE_CURVE('',#914,#5443,#5467,.T.);
#5467 = SURFACE_CURVE('',#5468,(#5472,#5479),.PCURVE_S1.);
#5468 = LINE('',#5469,#5470);
#5469 = CARTESIAN_POINT('',(62.835879880048,-39.16506350946,15.));
#5470 = VECTOR('',#5471,1.);
#5471 = DIRECTION('',(0.5,0.866025403784,0.));
#5472 = PCURVE('',#930,#5473);
#5473 = DEFINITIONAL_REPRESENTATION('',(#5474),#5478);
#5474 = LINE('',#5475,#5476);
#5475 = CARTESIAN_POINT('',(7.,-4.884981308351E-15));
#5476 = VECTOR('',#5477,1.);
#5477 = DIRECTION('',(0.,1.));
#5478 = ( GEOMETRIC_REPRESENTATION_CONTEXT(2) 
PARAMETRIC_REPRESENTATION_CONTEXT() REPRESENTATION_CONTEXT('2D SPACE',''
  ) );
#5479 = PCURVE('',#2960,#5480);
#5480 = DEFINITIONAL_REPRESENTATION('',(#5481),#5485);
#5481 = LINE('',#5482,#5483);
#5482 = CARTESIAN_POINT('',(12.,0.));
#5483 = VECTOR('',#5484,1.);
#5484 = DIRECTION('',(0.,-1.));
#5485 = ( GEOMETRIC_REPRESENTATION_CONTEXT(2) 
PARAMETRIC_REPRESENTATION_CONTEXT() REPRESENTATION_CONTEXT('2D SPACE',''
  ) );
#5486 = ADVANCED_FACE('',(#5487),#451,.F.);
#5487 = FACE_BOUND('',#5488,.F.);
#5488 = EDGE_LOOP('',(#5489,#5490,#5491));
#5489 = ORIENTED_EDGE('',*,*,#434,.T.);
#5490 = ORIENTED_EDGE('',*,*,#5393,.T.);
#5491 = ORIENTED_EDGE('',*,*,#5492,.T.);
#5492 = EDGE_CURVE('',#5394,#435,#5493,.T.);
#5493 = SURFACE_CURVE('',#5494,(#5498,#5505),.PCURVE_S1.);
#5494 = LINE('',#5495,#5496);
#5495 = CARTESIAN_POINT('',(50.558134854838,-54.09366876077,59.));
#5496 = VECTOR('',#5497,1.);
#5497 = DIRECTION('',(0.707106781187,0.707106781187,0.));
#5498 = PCURVE('',#451,#5499);
#5499 = DEFINITIONAL_REPRESENTATION('',(#5500),#5504);
#5500 = LINE('',#5501,#5502);
#5501 = CARTESIAN_POINT('',(11.,1.7763568394E-15));
#5502 = VECTOR('',#5503,1.);
#5503 = DIRECTION('',(0.,1.));
#5504 = ( GEOMETRIC_REPRESENTATION_CONTEXT(2) 
PARAMETRIC_REPRESENTATION_CONTEXT() REPRESENTATION_CONTEXT('2D SPACE',''
  ) );
#5505 = PCURVE('',#4014,#5506);
#5506 = DEFINITIONAL_REPRESENTATION('',(#5507),#5511);
#5507 = LINE('',#5508,#5509);
#5508 = CARTESIAN_POINT('',(0.,0.));
#5509 = VECTOR('',#5510,1.);
#5510 = DIRECTION('',(0.,-1.));
#5511 = ( GEOMETRIC_REPRESENTATION_CONTEXT(2) 
PARAMETRIC_REPRESENTATION_CONTEXT() REPRESENTATION_CONTEXT('2D SPACE',''
  ) );
#5512 = ADVANCED_FACE('',(#5513),#902,.T.);
#5513 = FACE_BOUND('',#5514,.T.);
#5514 = EDGE_LOOP('',(#5515,#5516,#5517,#5518));
#5515 = ORIENTED_EDGE('',*,*,#2972,.F.);
#5516 = ORIENTED_EDGE('',*,*,#887,.F.);
#5517 = ORIENTED_EDGE('',*,*,#5442,.T.);
#5518 = ORIENTED_EDGE('',*,*,#5519,.F.);
#5519 = EDGE_CURVE('',#2945,#5443,#5520,.T.);
#5520 = SURFACE_CURVE('',#5521,(#5525,#5532),.PCURVE_S1.);
#5521 = LINE('',#5522,#5523);
#5522 = CARTESIAN_POINT('',(65.335879880048,-34.83493649053,3.));
#5523 = VECTOR('',#5524,1.);
#5524 = DIRECTION('',(0.,0.,1.));
#5525 = PCURVE('',#902,#5526);
#5526 = DEFINITIONAL_REPRESENTATION('',(#5527),#5531);
#5527 = LINE('',#5528,#5529);
#5528 = CARTESIAN_POINT('',(0.,7.));
#5529 = VECTOR('',#5530,1.);
#5530 = DIRECTION('',(1.,0.));
#5531 = ( GEOMETRIC_REPRESENTATION_CONTEXT(2) 
PARAMETRIC_REPRESENTATION_CONTEXT() REPRESENTATION_CONTEXT('2D SPACE',''
  ) );
#5532 = PCURVE('',#2960,#5533);
#5533 = DEFINITIONAL_REPRESENTATION('',(#5534),#5538);
#5534 = LINE('',#5535,#5536);
#5535 = CARTESIAN_POINT('',(0.,-5.));
#5536 = VECTOR('',#5537,1.);
#5537 = DIRECTION('',(1.,0.));
#5538 = ( GEOMETRIC_REPRESENTATION_CONTEXT(2) 
PARAMETRIC_REPRESENTATION_CONTEXT() REPRESENTATION_CONTEXT('2D SPACE',''
  ) );
#5539 = ADVANCED_FACE('',(#5540),#484,.F.);
#5540 = FACE_BOUND('',#5541,.F.);
#5541 = EDGE_LOOP('',(#5542,#5565,#5566));
#5542 = ORIENTED_EDGE('',*,*,#5543,.F.);
#5543 = EDGE_CURVE('',#468,#5544,#5546,.T.);
#5544 = VERTEX_POINT('',#5545);
#5545 = CARTESIAN_POINT('',(54.093668760771,-50.55813485483,59.));
#5546 = SURFACE_CURVE('',#5547,(#5551,#5558),.PCURVE_S1.);
#5547 = LINE('',#5548,#5549);
#5548 = CARTESIAN_POINT('',(46.315494167719,-42.77996026178,59.));
#5549 = VECTOR('',#5550,1.);
#5550 = DIRECTION('',(0.707106781187,-0.707106781187,0.));
#5551 = PCURVE('',#484,#5552);
#5552 = DEFINITIONAL_REPRESENTATION('',(#5553),#5557);
#5553 = LINE('',#5554,#5555);
#5554 = CARTESIAN_POINT('',(-8.881784197001E-16,5.));
#5555 = VECTOR('',#5556,1.);
#5556 = DIRECTION('',(1.,0.));
#5557 = ( GEOMETRIC_REPRESENTATION_CONTEXT(2) 
PARAMETRIC_REPRESENTATION_CONTEXT() REPRESENTATION_CONTEXT('2D SPACE',''
  ) );
#5558 = PCURVE('',#515,#5559);
#5559 = DEFINITIONAL_REPRESENTATION('',(#5560),#5564);
#5560 = LINE('',#5561,#5562);
#5561 = CARTESIAN_POINT('',(0.,0.));
#5562 = VECTOR('',#5563,1.);
#5563 = DIRECTION('',(0.,1.));
#5564 = ( GEOMETRIC_REPRESENTATION_CONTEXT(2) 
PARAMETRIC_REPRESENTATION_CONTEXT() REPRESENTATION_CONTEXT('2D SPACE',''
  ) );
#5565 = ORIENTED_EDGE('',*,*,#467,.T.);
#5566 = ORIENTED_EDGE('',*,*,#5567,.T.);
#5567 = EDGE_CURVE('',#435,#5544,#5568,.T.);
#5568 = SURFACE_CURVE('',#5569,(#5573,#5580),.PCURVE_S1.);
#5569 = LINE('',#5570,#5571);
#5570 = CARTESIAN_POINT('',(50.558134854838,-54.09366876077,59.));
#5571 = VECTOR('',#5572,1.);
#5572 = DIRECTION('',(0.707106781187,0.707106781187,0.));
#5573 = PCURVE('',#484,#5574);
#5574 = DEFINITIONAL_REPRESENTATION('',(#5575),#5579);
#5575 = LINE('',#5576,#5577);
#5576 = CARTESIAN_POINT('',(11.,1.7763568394E-15));
#5577 = VECTOR('',#5578,1.);
#5578 = DIRECTION('',(0.,1.));
#5579 = ( GEOMETRIC_REPRESENTATION_CONTEXT(2) 
PARAMETRIC_REPRESENTATION_CONTEXT() REPRESENTATION_CONTEXT('2D SPACE',''
  ) );
#5580 = PCURVE('',#4014,#5581);
#5581 = DEFINITIONAL_REPRESENTATION('',(#5582),#5586);
#5582 = LINE('',#5583,#5584);
#5583 = CARTESIAN_POINT('',(0.,0.));
#5584 = VECTOR('',#5585,1.);
#5585 = DIRECTION('',(0.,-1.));
#5586 = ( GEOMETRIC_REPRESENTATION_CONTEXT(2) 
PARAMETRIC_REPRESENTATION_CONTEXT() REPRESENTATION_CONTEXT('2D SPACE',''
  ) );
#5587 = ADVANCED_FACE('',(#5588),#515,.T.);
#5588 = FACE_BOUND('',#5589,.T.);
#5589 = EDGE_LOOP('',(#5590,#5591,#5592,#5593));
#5590 = ORIENTED_EDGE('',*,*,#5543,.F.);
#5591 = ORIENTED_EDGE('',*,*,#500,.F.);
#5592 = ORIENTED_EDGE('',*,*,#4026,.T.);
#5593 = ORIENTED_EDGE('',*,*,#5594,.F.);
#5594 = EDGE_CURVE('',#5544,#3999,#5595,.T.);
#5595 = SURFACE_CURVE('',#5596,(#5600,#5607),.PCURVE_S1.);
#5596 = LINE('',#5597,#5598);
#5597 = CARTESIAN_POINT('',(54.093668760771,-50.55813485483,59.));
#5598 = VECTOR('',#5599,1.);
#5599 = DIRECTION('',(0.,0.,1.));
#5600 = PCURVE('',#515,#5601);
#5601 = DEFINITIONAL_REPRESENTATION('',(#5602),#5606);
#5602 = LINE('',#5603,#5604);
#5603 = CARTESIAN_POINT('',(0.,11.));
#5604 = VECTOR('',#5605,1.);
#5605 = DIRECTION('',(1.,0.));
#5606 = ( GEOMETRIC_REPRESENTATION_CONTEXT(2) 
PARAMETRIC_REPRESENTATION_CONTEXT() REPRESENTATION_CONTEXT('2D SPACE',''
  ) );
#5607 = PCURVE('',#4014,#5608);
#5608 = DEFINITIONAL_REPRESENTATION('',(#5609),#5613);
#5609 = LINE('',#5610,#5611);
#5610 = CARTESIAN_POINT('',(0.,-5.));
#5611 = VECTOR('',#5612,1.);
#5612 = DIRECTION('',(1.,0.));
#5613 = ( GEOMETRIC_REPRESENTATION_CONTEXT(2) 
PARAMETRIC_REPRESENTATION_CONTEXT() REPRESENTATION_CONTEXT('2D SPACE',''
  ) );
#5614 = ADVANCED_FACE('',(#5615),#852,.F.);
#5615 = FACE_BOUND('',#5616,.F.);
#5616 = EDGE_LOOP('',(#5617,#5618,#5619,#5642));
#5617 = ORIENTED_EDGE('',*,*,#2994,.F.);
#5618 = ORIENTED_EDGE('',*,*,#837,.F.);
#5619 = ORIENTED_EDGE('',*,*,#5620,.T.);
#5620 = EDGE_CURVE('',#805,#5621,#5623,.T.);
#5621 = VERTEX_POINT('',#5622);
#5622 = CARTESIAN_POINT('',(65.335879880048,34.834936490539,15.));
#5623 = SURFACE_CURVE('',#5624,(#5628,#5635),.PCURVE_S1.);
#5624 = LINE('',#5625,#5626);
#5625 = CARTESIAN_POINT('',(59.273702053557,31.334936490539,15.));
#5626 = VECTOR('',#5627,1.);
#5627 = DIRECTION('',(0.866025403784,0.5,0.));
#5628 = PCURVE('',#852,#5629);
#5629 = DEFINITIONAL_REPRESENTATION('',(#5630),#5634);
#5630 = LINE('',#5631,#5632);
#5631 = CARTESIAN_POINT('',(12.,0.));
#5632 = VECTOR('',#5633,1.);
#5633 = DIRECTION('',(0.,1.));
#5634 = ( GEOMETRIC_REPRESENTATION_CONTEXT(2) 
PARAMETRIC_REPRESENTATION_CONTEXT() REPRESENTATION_CONTEXT('2D SPACE',''
  ) );
#5635 = PCURVE('',#821,#5636);
#5636 = DEFINITIONAL_REPRESENTATION('',(#5637),#5641);
#5637 = LINE('',#5638,#5639);
#5638 = CARTESIAN_POINT('',(0.,0.));
#5639 = VECTOR('',#5640,1.);
#5640 = DIRECTION('',(1.,0.));
#5641 = ( GEOMETRIC_REPRESENTATION_CONTEXT(2) 
PARAMETRIC_REPRESENTATION_CONTEXT() REPRESENTATION_CONTEXT('2D SPACE',''
  ) );
#5642 = ORIENTED_EDGE('',*,*,#5643,.F.);
#5643 = EDGE_CURVE('',#2995,#5621,#5644,.T.);
#5644 = SURFACE_CURVE('',#5645,(#5649,#5656),.PCURVE_S1.);
#5645 = LINE('',#5646,#5647);
#5646 = CARTESIAN_POINT('',(65.335879880048,34.834936490539,3.));
#5647 = VECTOR('',#5648,1.);
#5648 = DIRECTION('',(0.,0.,1.));
#5649 = PCURVE('',#852,#5650);
#5650 = DEFINITIONAL_REPRESENTATION('',(#5651),#5655);
#5651 = LINE('',#5652,#5653);
#5652 = CARTESIAN_POINT('',(0.,7.));
#5653 = VECTOR('',#5654,1.);
#5654 = DIRECTION('',(1.,0.));
#5655 = ( GEOMETRIC_REPRESENTATION_CONTEXT(2) 
PARAMETRIC_REPRESENTATION_CONTEXT() REPRESENTATION_CONTEXT('2D SPACE',''
  ) );
#5656 = PCURVE('',#3031,#5657);
#5657 = DEFINITIONAL_REPRESENTATION('',(#5658),#5662);
#5658 = LINE('',#5659,#5660);
#5659 = CARTESIAN_POINT('',(0.,0.));
#5660 = VECTOR('',#5661,1.);
#5661 = DIRECTION('',(1.,0.));
#5662 = ( GEOMETRIC_REPRESENTATION_CONTEXT(2) 
PARAMETRIC_REPRESENTATION_CONTEXT() REPRESENTATION_CONTEXT('2D SPACE',''
  ) );
#5663 = ADVANCED_FACE('',(#5664),#821,.T.);
#5664 = FACE_BOUND('',#5665,.T.);
#5665 = EDGE_LOOP('',(#5666,#5667,#5668));
#5666 = ORIENTED_EDGE('',*,*,#804,.T.);
#5667 = ORIENTED_EDGE('',*,*,#5620,.T.);
#5668 = ORIENTED_EDGE('',*,*,#5669,.T.);
#5669 = EDGE_CURVE('',#5621,#772,#5670,.T.);
#5670 = SURFACE_CURVE('',#5671,(#5675,#5682),.PCURVE_S1.);
#5671 = LINE('',#5672,#5673);
#5672 = CARTESIAN_POINT('',(65.335879880048,34.834936490539,15.));
#5673 = VECTOR('',#5674,1.);
#5674 = DIRECTION('',(-0.5,0.866025403784,0.));
#5675 = PCURVE('',#821,#5676);
#5676 = DEFINITIONAL_REPRESENTATION('',(#5677),#5681);
#5677 = LINE('',#5678,#5679);
#5678 = CARTESIAN_POINT('',(7.,-3.10862446895E-15));
#5679 = VECTOR('',#5680,1.);
#5680 = DIRECTION('',(0.,1.));
#5681 = ( GEOMETRIC_REPRESENTATION_CONTEXT(2) 
PARAMETRIC_REPRESENTATION_CONTEXT() REPRESENTATION_CONTEXT('2D SPACE',''
  ) );
#5682 = PCURVE('',#3031,#5683);
#5683 = DEFINITIONAL_REPRESENTATION('',(#5684),#5688);
#5684 = LINE('',#5685,#5686);
#5685 = CARTESIAN_POINT('',(12.,0.));
#5686 = VECTOR('',#5687,1.);
#5687 = DIRECTION('',(0.,-1.));
#5688 = ( GEOMETRIC_REPRESENTATION_CONTEXT(2) 
PARAMETRIC_REPRESENTATION_CONTEXT() REPRESENTATION_CONTEXT('2D SPACE',''
  ) );
#5689 = ADVANCED_FACE('',(#5690),#569,.F.);
#5690 = FACE_BOUND('',#5691,.F.);
#5691 = EDGE_LOOP('',(#5692,#5715,#5716,#5717));
#5692 = ORIENTED_EDGE('',*,*,#5693,.F.);
#5693 = EDGE_CURVE('',#555,#5694,#5696,.T.);
#5694 = VERTEX_POINT('',#5695);
#5695 = CARTESIAN_POINT('',(54.093668760771,50.558134854838,59.));
#5696 = SURFACE_CURVE('',#5697,(#5701,#5708),.PCURVE_S1.);
#5697 = LINE('',#5698,#5699);
#5698 = CARTESIAN_POINT('',(46.315494167719,42.779960261786,59.));
#5699 = VECTOR('',#5700,1.);
#5700 = DIRECTION('',(0.707106781187,0.707106781187,0.));
#5701 = PCURVE('',#569,#5702);
#5702 = DEFINITIONAL_REPRESENTATION('',(#5703),#5707);
#5703 = LINE('',#5704,#5705);
#5704 = CARTESIAN_POINT('',(0.,0.));
#5705 = VECTOR('',#5706,1.);
#5706 = DIRECTION('',(0.,1.));
#5707 = ( GEOMETRIC_REPRESENTATION_CONTEXT(2) 
PARAMETRIC_REPRESENTATION_CONTEXT() REPRESENTATION_CONTEXT('2D SPACE',''
  ) );
#5708 = PCURVE('',#597,#5709);
#5709 = DEFINITIONAL_REPRESENTATION('',(#5710),#5714);
#5710 = LINE('',#5711,#5712);
#5711 = CARTESIAN_POINT('',(0.,0.));
#5712 = VECTOR('',#5713,1.);
#5713 = DIRECTION('',(1.,0.));
#5714 = ( GEOMETRIC_REPRESENTATION_CONTEXT(2) 
PARAMETRIC_REPRESENTATION_CONTEXT() REPRESENTATION_CONTEXT('2D SPACE',''
  ) );
#5715 = ORIENTED_EDGE('',*,*,#554,.F.);
#5716 = ORIENTED_EDGE('',*,*,#4048,.T.);
#5717 = ORIENTED_EDGE('',*,*,#5718,.F.);
#5718 = EDGE_CURVE('',#5694,#4049,#5719,.T.);
#5719 = SURFACE_CURVE('',#5720,(#5724,#5731),.PCURVE_S1.);
#5720 = LINE('',#5721,#5722);
#5721 = CARTESIAN_POINT('',(54.093668760771,50.558134854838,59.));
#5722 = VECTOR('',#5723,1.);
#5723 = DIRECTION('',(0.,0.,1.));
#5724 = PCURVE('',#569,#5725);
#5725 = DEFINITIONAL_REPRESENTATION('',(#5726),#5730);
#5726 = LINE('',#5727,#5728);
#5727 = CARTESIAN_POINT('',(0.,11.));
#5728 = VECTOR('',#5729,1.);
#5729 = DIRECTION('',(1.,0.));
#5730 = ( GEOMETRIC_REPRESENTATION_CONTEXT(2) 
PARAMETRIC_REPRESENTATION_CONTEXT() REPRESENTATION_CONTEXT('2D SPACE',''
  ) );
#5731 = PCURVE('',#4087,#5732);
#5732 = DEFINITIONAL_REPRESENTATION('',(#5733),#5737);
#5733 = LINE('',#5734,#5735);
#5734 = CARTESIAN_POINT('',(0.,0.));
#5735 = VECTOR('',#5736,1.);
#5736 = DIRECTION('',(1.,0.));
#5737 = ( GEOMETRIC_REPRESENTATION_CONTEXT(2) 
PARAMETRIC_REPRESENTATION_CONTEXT() REPRESENTATION_CONTEXT('2D SPACE',''
  ) );
#5738 = ADVANCED_FACE('',(#5739),#788,.T.);
#5739 = FACE_BOUND('',#5740,.T.);
#5740 = EDGE_LOOP('',(#5741,#5764,#5765));
#5741 = ORIENTED_EDGE('',*,*,#5742,.F.);
#5742 = EDGE_CURVE('',#746,#5743,#5745,.T.);
#5743 = VERTEX_POINT('',#5744);
#5744 = CARTESIAN_POINT('',(62.835879880048,39.165063509461,15.));
#5745 = SURFACE_CURVE('',#5746,(#5750,#5757),.PCURVE_S1.);
#5746 = LINE('',#5747,#5748);
#5747 = CARTESIAN_POINT('',(56.773702053557,35.665063509461,15.));
#5748 = VECTOR('',#5749,1.);
#5749 = DIRECTION('',(0.866025403784,0.5,0.));
#5750 = PCURVE('',#788,#5751);
#5751 = DEFINITIONAL_REPRESENTATION('',(#5752),#5756);
#5752 = LINE('',#5753,#5754);
#5753 = CARTESIAN_POINT('',(-4.440892098501E-16,5.));
#5754 = VECTOR('',#5755,1.);
#5755 = DIRECTION('',(1.,0.));
#5756 = ( GEOMETRIC_REPRESENTATION_CONTEXT(2) 
PARAMETRIC_REPRESENTATION_CONTEXT() REPRESENTATION_CONTEXT('2D SPACE',''
  ) );
#5757 = PCURVE('',#760,#5758);
#5758 = DEFINITIONAL_REPRESENTATION('',(#5759),#5763);
#5759 = LINE('',#5760,#5761);
#5760 = CARTESIAN_POINT('',(12.,0.));
#5761 = VECTOR('',#5762,1.);
#5762 = DIRECTION('',(0.,1.));
#5763 = ( GEOMETRIC_REPRESENTATION_CONTEXT(2) 
PARAMETRIC_REPRESENTATION_CONTEXT() REPRESENTATION_CONTEXT('2D SPACE',''
  ) );
#5764 = ORIENTED_EDGE('',*,*,#771,.T.);
#5765 = ORIENTED_EDGE('',*,*,#5766,.T.);
#5766 = EDGE_CURVE('',#772,#5743,#5767,.T.);
#5767 = SURFACE_CURVE('',#5768,(#5772,#5779),.PCURVE_S1.);
#5768 = LINE('',#5769,#5770);
#5769 = CARTESIAN_POINT('',(65.335879880048,34.834936490539,15.));
#5770 = VECTOR('',#5771,1.);
#5771 = DIRECTION('',(-0.5,0.866025403784,0.));
#5772 = PCURVE('',#788,#5773);
#5773 = DEFINITIONAL_REPRESENTATION('',(#5774),#5778);
#5774 = LINE('',#5775,#5776);
#5775 = CARTESIAN_POINT('',(7.,-3.10862446895E-15));
#5776 = VECTOR('',#5777,1.);
#5777 = DIRECTION('',(0.,1.));
#5778 = ( GEOMETRIC_REPRESENTATION_CONTEXT(2) 
PARAMETRIC_REPRESENTATION_CONTEXT() REPRESENTATION_CONTEXT('2D SPACE',''
  ) );
#5779 = PCURVE('',#3031,#5780);
#5780 = DEFINITIONAL_REPRESENTATION('',(#5781),#5785);
#5781 = LINE('',#5782,#5783);
#5782 = CARTESIAN_POINT('',(12.,0.));
#5783 = VECTOR('',#5784,1.);
#5784 = DIRECTION('',(0.,-1.));
#5785 = ( GEOMETRIC_REPRESENTATION_CONTEXT(2) 
PARAMETRIC_REPRESENTATION_CONTEXT() REPRESENTATION_CONTEXT('2D SPACE',''
  ) );
#5786 = ADVANCED_FACE('',(#5787),#597,.F.);
#5787 = FACE_BOUND('',#5788,.F.);
#5788 = EDGE_LOOP('',(#5789,#5790,#5791));
#5789 = ORIENTED_EDGE('',*,*,#580,.T.);
#5790 = ORIENTED_EDGE('',*,*,#5693,.T.);
#5791 = ORIENTED_EDGE('',*,*,#5792,.T.);
#5792 = EDGE_CURVE('',#5694,#581,#5793,.T.);
#5793 = SURFACE_CURVE('',#5794,(#5798,#5805),.PCURVE_S1.);
#5794 = LINE('',#5795,#5796);
#5795 = CARTESIAN_POINT('',(54.093668760771,50.558134854838,59.));
#5796 = VECTOR('',#5797,1.);
#5797 = DIRECTION('',(-0.707106781187,0.707106781187,0.));
#5798 = PCURVE('',#597,#5799);
#5799 = DEFINITIONAL_REPRESENTATION('',(#5800),#5804);
#5800 = LINE('',#5801,#5802);
#5801 = CARTESIAN_POINT('',(11.,8.881784197001E-16));
#5802 = VECTOR('',#5803,1.);
#5803 = DIRECTION('',(0.,1.));
#5804 = ( GEOMETRIC_REPRESENTATION_CONTEXT(2) 
PARAMETRIC_REPRESENTATION_CONTEXT() REPRESENTATION_CONTEXT('2D SPACE',''
  ) );
#5805 = PCURVE('',#4087,#5806);
#5806 = DEFINITIONAL_REPRESENTATION('',(#5807),#5811);
#5807 = LINE('',#5808,#5809);
#5808 = CARTESIAN_POINT('',(0.,0.));
#5809 = VECTOR('',#5810,1.);
#5810 = DIRECTION('',(0.,-1.));
#5811 = ( GEOMETRIC_REPRESENTATION_CONTEXT(2) 
PARAMETRIC_REPRESENTATION_CONTEXT() REPRESENTATION_CONTEXT('2D SPACE',''
  ) );
#5812 = ADVANCED_FACE('',(#5813),#760,.T.);
#5813 = FACE_BOUND('',#5814,.T.);
#5814 = EDGE_LOOP('',(#5815,#5816,#5817,#5818));
#5815 = ORIENTED_EDGE('',*,*,#2730,.F.);
#5816 = ORIENTED_EDGE('',*,*,#745,.F.);
#5817 = ORIENTED_EDGE('',*,*,#5742,.T.);
#5818 = ORIENTED_EDGE('',*,*,#5819,.F.);
#5819 = EDGE_CURVE('',#2731,#5743,#5820,.T.);
#5820 = SURFACE_CURVE('',#5821,(#5825,#5832),.PCURVE_S1.);
#5821 = LINE('',#5822,#5823);
#5822 = CARTESIAN_POINT('',(62.835879880048,39.165063509461,3.));
#5823 = VECTOR('',#5824,1.);
#5824 = DIRECTION('',(0.,0.,1.));
#5825 = PCURVE('',#760,#5826);
#5826 = DEFINITIONAL_REPRESENTATION('',(#5827),#5831);
#5827 = LINE('',#5828,#5829);
#5828 = CARTESIAN_POINT('',(0.,7.));
#5829 = VECTOR('',#5830,1.);
#5830 = DIRECTION('',(1.,0.));
#5831 = ( GEOMETRIC_REPRESENTATION_CONTEXT(2) 
PARAMETRIC_REPRESENTATION_CONTEXT() REPRESENTATION_CONTEXT('2D SPACE',''
  ) );
#5832 = PCURVE('',#3031,#5833);
#5833 = DEFINITIONAL_REPRESENTATION('',(#5834),#5838);
#5834 = LINE('',#5835,#5836);
#5835 = CARTESIAN_POINT('',(0.,-5.));
#5836 = VECTOR('',#5837,1.);
#5837 = DIRECTION('',(1.,0.));
#5838 = ( GEOMETRIC_REPRESENTATION_CONTEXT(2) 
PARAMETRIC_REPRESENTATION_CONTEXT() REPRESENTATION_CONTEXT('2D SPACE',''
  ) );
#5839 = ADVANCED_FACE('',(#5840),#630,.F.);
#5840 = FACE_BOUND('',#5841,.F.);
#5841 = EDGE_LOOP('',(#5842,#5865,#5866));
#5842 = ORIENTED_EDGE('',*,*,#5843,.F.);
#5843 = EDGE_CURVE('',#614,#5844,#5846,.T.);
#5844 = VERTEX_POINT('',#5845);
#5845 = CARTESIAN_POINT('',(50.558134854838,54.093668760771,59.));
#5846 = SURFACE_CURVE('',#5847,(#5851,#5858),.PCURVE_S1.);
#5847 = LINE('',#5848,#5849);
#5848 = CARTESIAN_POINT('',(42.779960261786,46.315494167719,59.));
#5849 = VECTOR('',#5850,1.);
#5850 = DIRECTION('',(0.707106781187,0.707106781187,0.));
#5851 = PCURVE('',#630,#5852);
#5852 = DEFINITIONAL_REPRESENTATION('',(#5853),#5857);
#5853 = LINE('',#5854,#5855);
#5854 = CARTESIAN_POINT('',(-4.440892098501E-16,5.));
#5855 = VECTOR('',#5856,1.);
#5856 = DIRECTION('',(1.,0.));
#5857 = ( GEOMETRIC_REPRESENTATION_CONTEXT(2) 
PARAMETRIC_REPRESENTATION_CONTEXT() REPRESENTATION_CONTEXT('2D SPACE',''
  ) );
#5858 = PCURVE('',#661,#5859);
#5859 = DEFINITIONAL_REPRESENTATION('',(#5860),#5864);
#5860 = LINE('',#5861,#5862);
#5861 = CARTESIAN_POINT('',(0.,0.));
#5862 = VECTOR('',#5863,1.);
#5863 = DIRECTION('',(0.,1.));
#5864 = ( GEOMETRIC_REPRESENTATION_CONTEXT(2) 
PARAMETRIC_REPRESENTATION_CONTEXT() REPRESENTATION_CONTEXT('2D SPACE',''
  ) );
#5865 = ORIENTED_EDGE('',*,*,#613,.T.);
#5866 = ORIENTED_EDGE('',*,*,#5867,.T.);
#5867 = EDGE_CURVE('',#581,#5844,#5868,.T.);
#5868 = SURFACE_CURVE('',#5869,(#5873,#5880),.PCURVE_S1.);
#5869 = LINE('',#5870,#5871);
#5870 = CARTESIAN_POINT('',(54.093668760771,50.558134854838,59.));
#5871 = VECTOR('',#5872,1.);
#5872 = DIRECTION('',(-0.707106781187,0.707106781187,0.));
#5873 = PCURVE('',#630,#5874);
#5874 = DEFINITIONAL_REPRESENTATION('',(#5875),#5879);
#5875 = LINE('',#5876,#5877);
#5876 = CARTESIAN_POINT('',(11.,8.881784197001E-16));
#5877 = VECTOR('',#5878,1.);
#5878 = DIRECTION('',(0.,1.));
#5879 = ( GEOMETRIC_REPRESENTATION_CONTEXT(2) 
PARAMETRIC_REPRESENTATION_CONTEXT() REPRESENTATION_CONTEXT('2D SPACE',''
  ) );
#5880 = PCURVE('',#4087,#5881);
#5881 = DEFINITIONAL_REPRESENTATION('',(#5882),#5886);
#5882 = LINE('',#5883,#5884);
#5883 = CARTESIAN_POINT('',(0.,0.));
#5884 = VECTOR('',#5885,1.);
#5885 = DIRECTION('',(0.,-1.));
#5886 = ( GEOMETRIC_REPRESENTATION_CONTEXT(2) 
PARAMETRIC_REPRESENTATION_CONTEXT() REPRESENTATION_CONTEXT('2D SPACE',''
  ) );
#5887 = ADVANCED_FACE('',(#5888),#661,.T.);
#5888 = FACE_BOUND('',#5889,.T.);
#5889 = EDGE_LOOP('',(#5890,#5891,#5892,#5893));
#5890 = ORIENTED_EDGE('',*,*,#5843,.F.);
#5891 = ORIENTED_EDGE('',*,*,#646,.F.);
#5892 = ORIENTED_EDGE('',*,*,#4099,.T.);
#5893 = ORIENTED_EDGE('',*,*,#5894,.F.);
#5894 = EDGE_CURVE('',#5844,#4072,#5895,.T.);
#5895 = SURFACE_CURVE('',#5896,(#5900,#5907),.PCURVE_S1.);
#5896 = LINE('',#5897,#5898);
#5897 = CARTESIAN_POINT('',(50.558134854838,54.093668760771,59.));
#5898 = VECTOR('',#5899,1.);
#5899 = DIRECTION('',(0.,0.,1.));
#5900 = PCURVE('',#661,#5901);
#5901 = DEFINITIONAL_REPRESENTATION('',(#5902),#5906);
#5902 = LINE('',#5903,#5904);
#5903 = CARTESIAN_POINT('',(0.,11.));
#5904 = VECTOR('',#5905,1.);
#5905 = DIRECTION('',(1.,0.));
#5906 = ( GEOMETRIC_REPRESENTATION_CONTEXT(2) 
PARAMETRIC_REPRESENTATION_CONTEXT() REPRESENTATION_CONTEXT('2D SPACE',''
  ) );
#5907 = PCURVE('',#4087,#5908);
#5908 = DEFINITIONAL_REPRESENTATION('',(#5909),#5913);
#5909 = LINE('',#5910,#5911);
#5910 = CARTESIAN_POINT('',(0.,-5.));
#5911 = VECTOR('',#5912,1.);
#5912 = DIRECTION('',(1.,0.));
#5913 = ( GEOMETRIC_REPRESENTATION_CONTEXT(2) 
PARAMETRIC_REPRESENTATION_CONTEXT() REPRESENTATION_CONTEXT('2D SPACE',''
  ) );
#5914 = ADVANCED_FACE('',(#5915),#1308,.F.);
#5915 = FACE_BOUND('',#5916,.F.);
#5916 = EDGE_LOOP('',(#5917,#5940,#5941,#5964));
#5917 = ORIENTED_EDGE('',*,*,#5918,.F.);
#5918 = EDGE_CURVE('',#1292,#5919,#5921,.T.);
#5919 = VERTEX_POINT('',#5920);
#5920 = CARTESIAN_POINT('',(-67.11907028988,-23.15233041016,32.5));
#5921 = SURFACE_CURVE('',#5922,(#5926,#5933),.PCURVE_S1.);
#5922 = LINE('',#5923,#5924);
#5923 = CARTESIAN_POINT('',(-72.7667559725,-25.20791989113,32.5));
#5924 = VECTOR('',#5925,1.);
#5925 = DIRECTION('',(0.939692620786,0.342020143326,0.));
#5926 = PCURVE('',#1308,#5927);
#5927 = DEFINITIONAL_REPRESENTATION('',(#5928),#5932);
#5928 = LINE('',#5929,#5930);
#5929 = CARTESIAN_POINT('',(0.,0.));
#5930 = VECTOR('',#5931,1.);
#5931 = DIRECTION('',(0.,1.));
#5932 = ( GEOMETRIC_REPRESENTATION_CONTEXT(2) 
PARAMETRIC_REPRESENTATION_CONTEXT() REPRESENTATION_CONTEXT('2D SPACE',''
  ) );
#5933 = PCURVE('',#1339,#5934);
#5934 = DEFINITIONAL_REPRESENTATION('',(#5935),#5939);
#5935 = LINE('',#5936,#5937);
#5936 = CARTESIAN_POINT('',(15.,0.));
#5937 = VECTOR('',#5938,1.);
#5938 = DIRECTION('',(0.,-1.));
#5939 = ( GEOMETRIC_REPRESENTATION_CONTEXT(2) 
PARAMETRIC_REPRESENTATION_CONTEXT() REPRESENTATION_CONTEXT('2D SPACE',''
  ) );
#5940 = ORIENTED_EDGE('',*,*,#1289,.F.);
#5941 = ORIENTED_EDGE('',*,*,#5942,.T.);
#5942 = EDGE_CURVE('',#1290,#5943,#5945,.T.);
#5943 = VERTEX_POINT('',#5944);
#5944 = CARTESIAN_POINT('',(-66.2982219459,-25.40759270005,32.5));
#5945 = SURFACE_CURVE('',#5946,(#5950,#5957),.PCURVE_S1.);
#5946 = LINE('',#5947,#5948);
#5947 = CARTESIAN_POINT('',(-71.94590762852,-27.46318218102,32.5));
#5948 = VECTOR('',#5949,1.);
#5949 = DIRECTION('',(0.939692620786,0.342020143326,0.));
#5950 = PCURVE('',#1308,#5951);
#5951 = DEFINITIONAL_REPRESENTATION('',(#5952),#5956);
#5952 = LINE('',#5953,#5954);
#5953 = CARTESIAN_POINT('',(2.4,-1.06581410364E-14));
#5954 = VECTOR('',#5955,1.);
#5955 = DIRECTION('',(0.,1.));
#5956 = ( GEOMETRIC_REPRESENTATION_CONTEXT(2) 
PARAMETRIC_REPRESENTATION_CONTEXT() REPRESENTATION_CONTEXT('2D SPACE',''
  ) );
#5957 = PCURVE('',#1396,#5958);
#5958 = DEFINITIONAL_REPRESENTATION('',(#5959),#5963);
#5959 = LINE('',#5960,#5961);
#5960 = CARTESIAN_POINT('',(15.,0.));
#5961 = VECTOR('',#5962,1.);
#5962 = DIRECTION('',(0.,-1.));
#5963 = ( GEOMETRIC_REPRESENTATION_CONTEXT(2) 
PARAMETRIC_REPRESENTATION_CONTEXT() REPRESENTATION_CONTEXT('2D SPACE',''
  ) );
#5964 = ORIENTED_EDGE('',*,*,#5965,.T.);
#5965 = EDGE_CURVE('',#5943,#5919,#5966,.T.);
#5966 = SURFACE_CURVE('',#5967,(#5972,#5983),.PCURVE_S1.);
#5967 = CIRCLE('',#5968,71.);
#5968 = AXIS2_PLACEMENT_3D('',#5969,#5970,#5971);
#5969 = CARTESIAN_POINT('',(0.,0.,32.5));
#5970 = DIRECTION('',(0.,0.,-1.));
#5971 = DIRECTION('',(1.,0.,0.));
#5972 = PCURVE('',#1308,#5973);
#5973 = DEFINITIONAL_REPRESENTATION('',(#5974),#5982);
#5974 = ( BOUNDED_CURVE() B_SPLINE_CURVE(2,(#5975,#5976,#5977,#5978,
#5979,#5980,#5981),.UNSPECIFIED.,.T.,.F.) B_SPLINE_CURVE_WITH_KNOTS((1,2
    ,2,2,2,1),(-2.094395102393,0.,2.094395102393,4.188790204786,
6.28318530718,8.377580409573),.UNSPECIFIED.) CURVE() 
GEOMETRIC_REPRESENTATION_ITEM() RATIONAL_B_SPLINE_CURVE((1.,0.5,1.,0.5,
1.,0.5,1.)) REPRESENTATION_ITEM('') );
#5975 = CARTESIAN_POINT('',(25.483430176122,143.7181760758));
#5976 = CARTESIAN_POINT('',(141.04270092773,101.6580412287));
#5977 = CARTESIAN_POINT('',(46.837920287744,22.610844538553));
#5978 = CARTESIAN_POINT('',(-47.36686035224,-56.43635215159));
#5979 = CARTESIAN_POINT('',(-68.72135046386,64.670979385648));
#5980 = CARTESIAN_POINT('',(-90.07584057548,185.77831092289));
#5981 = CARTESIAN_POINT('',(25.483430176122,143.7181760758));
#5982 = ( GEOMETRIC_REPRESENTATION_CONTEXT(2) 
PARAMETRIC_REPRESENTATION_CONTEXT() REPRESENTATION_CONTEXT('2D SPACE',''
  ) );
#5983 = PCURVE('',#3190,#5984);
#5984 = DEFINITIONAL_REPRESENTATION('',(#5985),#5989);
#5985 = LINE('',#5986,#5987);
#5986 = CARTESIAN_POINT('',(-6.28318530718,-30.5));
#5987 = VECTOR('',#5988,1.);
#5988 = DIRECTION('',(1.,-0.));
#5989 = ( GEOMETRIC_REPRESENTATION_CONTEXT(2) 
PARAMETRIC_REPRESENTATION_CONTEXT() REPRESENTATION_CONTEXT('2D SPACE',''
  ) );
#5990 = ADVANCED_FACE('',(#5991),#1396,.F.);
#5991 = FACE_BOUND('',#5992,.F.);
#5992 = EDGE_LOOP('',(#5993,#5994,#5995,#6018));
#5993 = ORIENTED_EDGE('',*,*,#5942,.F.);
#5994 = ORIENTED_EDGE('',*,*,#1383,.T.);
#5995 = ORIENTED_EDGE('',*,*,#5996,.T.);
#5996 = EDGE_CURVE('',#1351,#5997,#5999,.T.);
#5997 = VERTEX_POINT('',#5998);
#5998 = CARTESIAN_POINT('',(-66.2982219459,-25.40759270005,17.5));
#5999 = SURFACE_CURVE('',#6000,(#6004,#6011),.PCURVE_S1.);
#6000 = LINE('',#6001,#6002);
#6001 = CARTESIAN_POINT('',(-71.94590762852,-27.46318218102,17.5));
#6002 = VECTOR('',#6003,1.);
#6003 = DIRECTION('',(0.939692620786,0.342020143326,0.));
#6004 = PCURVE('',#1396,#6005);
#6005 = DEFINITIONAL_REPRESENTATION('',(#6006),#6010);
#6006 = LINE('',#6007,#6008);
#6007 = CARTESIAN_POINT('',(0.,0.));
#6008 = VECTOR('',#6009,1.);
#6009 = DIRECTION('',(0.,-1.));
#6010 = ( GEOMETRIC_REPRESENTATION_CONTEXT(2) 
PARAMETRIC_REPRESENTATION_CONTEXT() REPRESENTATION_CONTEXT('2D SPACE',''
  ) );
#6011 = PCURVE('',#1367,#6012);
#6012 = DEFINITIONAL_REPRESENTATION('',(#6013),#6017);
#6013 = LINE('',#6014,#6015);
#6014 = CARTESIAN_POINT('',(2.4,-1.06581410364E-14));
#6015 = VECTOR('',#6016,1.);
#6016 = DIRECTION('',(0.,1.));
#6017 = ( GEOMETRIC_REPRESENTATION_CONTEXT(2) 
PARAMETRIC_REPRESENTATION_CONTEXT() REPRESENTATION_CONTEXT('2D SPACE',''
  ) );
#6018 = ORIENTED_EDGE('',*,*,#6019,.F.);
#6019 = EDGE_CURVE('',#5943,#5997,#6020,.T.);
#6020 = SURFACE_CURVE('',#6021,(#6025,#6031),.PCURVE_S1.);
#6021 = LINE('',#6022,#6023);
#6022 = CARTESIAN_POINT('',(-66.2982219459,-25.40759270005,2.));
#6023 = VECTOR('',#6024,1.);
#6024 = DIRECTION('',(-0.,-0.,-1.));
#6025 = PCURVE('',#1396,#6026);
#6026 = DEFINITIONAL_REPRESENTATION('',(#6027),#6030);
#6027 = B_SPLINE_CURVE_WITH_KNOTS('',1,(#6028,#6029),.UNSPECIFIED.,.F.,
  .F.,(2,2),(-32.,-14.),.PIECEWISE_BEZIER_KNOTS.);
#6028 = CARTESIAN_POINT('',(16.5,-6.010141569376));
#6029 = CARTESIAN_POINT('',(-1.5,-6.010141569376));
#6030 = ( GEOMETRIC_REPRESENTATION_CONTEXT(2) 
PARAMETRIC_REPRESENTATION_CONTEXT() REPRESENTATION_CONTEXT('2D SPACE',''
  ) );
#6031 = PCURVE('',#3190,#6032);
#6032 = DEFINITIONAL_REPRESENTATION('',(#6033),#6036);
#6033 = B_SPLINE_CURVE_WITH_KNOTS('',1,(#6034,#6035),.UNSPECIFIED.,.F.,
  .F.,(2,2),(-32.,-14.),.PIECEWISE_BEZIER_KNOTS.);
#6034 = CARTESIAN_POINT('',(-3.507560717212,-32.));
#6035 = CARTESIAN_POINT('',(-3.507560717212,-14.));
#6036 = ( GEOMETRIC_REPRESENTATION_CONTEXT(2) 
PARAMETRIC_REPRESENTATION_CONTEXT() REPRESENTATION_CONTEXT('2D SPACE',''
  ) );
#6037 = ADVANCED_FACE('',(#6038),#1339,.T.);
#6038 = FACE_BOUND('',#6039,.T.);
#6039 = EDGE_LOOP('',(#6040,#6041,#6042,#6065));
#6040 = ORIENTED_EDGE('',*,*,#5918,.F.);
#6041 = ORIENTED_EDGE('',*,*,#1324,.T.);
#6042 = ORIENTED_EDGE('',*,*,#6043,.T.);
#6043 = EDGE_CURVE('',#1325,#6044,#6046,.T.);
#6044 = VERTEX_POINT('',#6045);
#6045 = CARTESIAN_POINT('',(-67.11907028988,-23.15233041016,17.5));
#6046 = SURFACE_CURVE('',#6047,(#6051,#6058),.PCURVE_S1.);
#6047 = LINE('',#6048,#6049);
#6048 = CARTESIAN_POINT('',(-72.7667559725,-25.20791989113,17.5));
#6049 = VECTOR('',#6050,1.);
#6050 = DIRECTION('',(0.939692620786,0.342020143326,0.));
#6051 = PCURVE('',#1339,#6052);
#6052 = DEFINITIONAL_REPRESENTATION('',(#6053),#6057);
#6053 = LINE('',#6054,#6055);
#6054 = CARTESIAN_POINT('',(0.,0.));
#6055 = VECTOR('',#6056,1.);
#6056 = DIRECTION('',(0.,-1.));
#6057 = ( GEOMETRIC_REPRESENTATION_CONTEXT(2) 
PARAMETRIC_REPRESENTATION_CONTEXT() REPRESENTATION_CONTEXT('2D SPACE',''
  ) );
#6058 = PCURVE('',#1367,#6059);
#6059 = DEFINITIONAL_REPRESENTATION('',(#6060),#6064);
#6060 = LINE('',#6061,#6062);
#6061 = CARTESIAN_POINT('',(0.,0.));
#6062 = VECTOR('',#6063,1.);
#6063 = DIRECTION('',(0.,1.));
#6064 = ( GEOMETRIC_REPRESENTATION_CONTEXT(2) 
PARAMETRIC_REPRESENTATION_CONTEXT() REPRESENTATION_CONTEXT('2D SPACE',''
  ) );
#6065 = ORIENTED_EDGE('',*,*,#6066,.F.);
#6066 = EDGE_CURVE('',#5919,#6044,#6067,.T.);
#6067 = SURFACE_CURVE('',#6068,(#6072,#6078),.PCURVE_S1.);
#6068 = LINE('',#6069,#6070);
#6069 = CARTESIAN_POINT('',(-67.11907028988,-23.15233041016,2.));
#6070 = VECTOR('',#6071,1.);
#6071 = DIRECTION('',(-0.,-0.,-1.));
#6072 = PCURVE('',#1339,#6073);
#6073 = DEFINITIONAL_REPRESENTATION('',(#6074),#6077);
#6074 = B_SPLINE_CURVE_WITH_KNOTS('',1,(#6075,#6076),.UNSPECIFIED.,.F.,
  .F.,(2,2),(-32.,-14.),.PIECEWISE_BEZIER_KNOTS.);
#6075 = CARTESIAN_POINT('',(16.5,-6.010141569376));
#6076 = CARTESIAN_POINT('',(-1.5,-6.010141569376));
#6077 = ( GEOMETRIC_REPRESENTATION_CONTEXT(2) 
PARAMETRIC_REPRESENTATION_CONTEXT() REPRESENTATION_CONTEXT('2D SPACE',''
  ) );
#6078 = PCURVE('',#3190,#6079);
#6079 = DEFINITIONAL_REPRESENTATION('',(#6080),#6083);
#6080 = B_SPLINE_CURVE_WITH_KNOTS('',1,(#6081,#6082),.UNSPECIFIED.,.F.,
  .F.,(2,2),(-32.,-14.),.PIECEWISE_BEZIER_KNOTS.);
#6081 = CARTESIAN_POINT('',(-3.473756290765,-32.));
#6082 = CARTESIAN_POINT('',(-3.473756290765,-14.));
#6083 = ( GEOMETRIC_REPRESENTATION_CONTEXT(2) 
PARAMETRIC_REPRESENTATION_CONTEXT() REPRESENTATION_CONTEXT('2D SPACE',''
  ) );
#6084 = ADVANCED_FACE('',(#6085),#1367,.T.);
#6085 = FACE_BOUND('',#6086,.T.);
#6086 = EDGE_LOOP('',(#6087,#6088,#6089,#6090));
#6087 = ORIENTED_EDGE('',*,*,#6043,.F.);
#6088 = ORIENTED_EDGE('',*,*,#1350,.F.);
#6089 = ORIENTED_EDGE('',*,*,#5996,.T.);
#6090 = ORIENTED_EDGE('',*,*,#6091,.T.);
#6091 = EDGE_CURVE('',#5997,#6044,#6092,.T.);
#6092 = SURFACE_CURVE('',#6093,(#6098,#6109),.PCURVE_S1.);
#6093 = CIRCLE('',#6094,71.);
#6094 = AXIS2_PLACEMENT_3D('',#6095,#6096,#6097);
#6095 = CARTESIAN_POINT('',(0.,0.,17.5));
#6096 = DIRECTION('',(0.,0.,-1.));
#6097 = DIRECTION('',(1.,0.,0.));
#6098 = PCURVE('',#1367,#6099);
#6099 = DEFINITIONAL_REPRESENTATION('',(#6100),#6108);
#6100 = ( BOUNDED_CURVE() B_SPLINE_CURVE(2,(#6101,#6102,#6103,#6104,
#6105,#6106,#6107),.UNSPECIFIED.,.T.,.F.) B_SPLINE_CURVE_WITH_KNOTS((1,2
    ,2,2,2,1),(-2.094395102393,0.,2.094395102393,4.188790204786,
6.28318530718,8.377580409573),.UNSPECIFIED.) CURVE() 
GEOMETRIC_REPRESENTATION_ITEM() RATIONAL_B_SPLINE_CURVE((1.,0.5,1.,0.5,
1.,0.5,1.)) REPRESENTATION_ITEM('') );
#6101 = CARTESIAN_POINT('',(25.483430176122,143.7181760758));
#6102 = CARTESIAN_POINT('',(141.04270092773,101.6580412287));
#6103 = CARTESIAN_POINT('',(46.837920287744,22.610844538553));
#6104 = CARTESIAN_POINT('',(-47.36686035224,-56.43635215159));
#6105 = CARTESIAN_POINT('',(-68.72135046386,64.670979385648));
#6106 = CARTESIAN_POINT('',(-90.07584057548,185.77831092289));
#6107 = CARTESIAN_POINT('',(25.483430176122,143.7181760758));
#6108 = ( GEOMETRIC_REPRESENTATION_CONTEXT(2) 
PARAMETRIC_REPRESENTATION_CONTEXT() REPRESENTATION_CONTEXT('2D SPACE',''
  ) );
#6109 = PCURVE('',#3190,#6110);
#6110 = DEFINITIONAL_REPRESENTATION('',(#6111),#6115);
#6111 = LINE('',#6112,#6113);
#6112 = CARTESIAN_POINT('',(-6.28318530718,-15.5));
#6113 = VECTOR('',#6114,1.);
#6114 = DIRECTION('',(1.,-0.));
#6115 = ( GEOMETRIC_REPRESENTATION_CONTEXT(2) 
PARAMETRIC_REPRESENTATION_CONTEXT() REPRESENTATION_CONTEXT('2D SPACE',''
  ) );
#6116 = ADVANCED_FACE('',(#6117),#1428,.F.);
#6117 = FACE_BOUND('',#6118,.F.);
#6118 = EDGE_LOOP('',(#6119,#6142,#6143,#6166));
#6119 = ORIENTED_EDGE('',*,*,#6120,.F.);
#6120 = EDGE_CURVE('',#1412,#6121,#6123,.T.);
#6121 = VERTEX_POINT('',#6122);
#6122 = CARTESIAN_POINT('',(-59.52429139351,-38.70217996573,32.5));
#6123 = SURFACE_CURVE('',#6124,(#6128,#6135),.PCURVE_S1.);
#6124 = LINE('',#6125,#6126);
#6125 = CARTESIAN_POINT('',(-64.5069245709,-42.06300848018,32.5));
#6126 = VECTOR('',#6127,1.);
#6127 = DIRECTION('',(0.829037572555,0.559192903471,0.));
#6128 = PCURVE('',#1428,#6129);
#6129 = DEFINITIONAL_REPRESENTATION('',(#6130),#6134);
#6130 = LINE('',#6131,#6132);
#6131 = CARTESIAN_POINT('',(0.,0.));
#6132 = VECTOR('',#6133,1.);
#6133 = DIRECTION('',(0.,1.));
#6134 = ( GEOMETRIC_REPRESENTATION_CONTEXT(2) 
PARAMETRIC_REPRESENTATION_CONTEXT() REPRESENTATION_CONTEXT('2D SPACE',''
  ) );
#6135 = PCURVE('',#1459,#6136);
#6136 = DEFINITIONAL_REPRESENTATION('',(#6137),#6141);
#6137 = LINE('',#6138,#6139);
#6138 = CARTESIAN_POINT('',(15.,0.));
#6139 = VECTOR('',#6140,1.);
#6140 = DIRECTION('',(0.,-1.));
#6141 = ( GEOMETRIC_REPRESENTATION_CONTEXT(2) 
PARAMETRIC_REPRESENTATION_CONTEXT() REPRESENTATION_CONTEXT('2D SPACE',''
  ) );
#6142 = ORIENTED_EDGE('',*,*,#1409,.F.);
#6143 = ORIENTED_EDGE('',*,*,#6144,.T.);
#6144 = EDGE_CURVE('',#1410,#6145,#6147,.T.);
#6145 = VERTEX_POINT('',#6146);
#6146 = CARTESIAN_POINT('',(-58.18222842518,-40.69187013986,32.5));
#6147 = SURFACE_CURVE('',#6148,(#6152,#6159),.PCURVE_S1.);
#6148 = LINE('',#6149,#6150);
#6149 = CARTESIAN_POINT('',(-63.16486160257,-44.05269865431,32.5));
#6150 = VECTOR('',#6151,1.);
#6151 = DIRECTION('',(0.829037572555,0.559192903471,0.));
#6152 = PCURVE('',#1428,#6153);
#6153 = DEFINITIONAL_REPRESENTATION('',(#6154),#6158);
#6154 = LINE('',#6155,#6156);
#6155 = CARTESIAN_POINT('',(2.4,3.552713678801E-15));
#6156 = VECTOR('',#6157,1.);
#6157 = DIRECTION('',(0.,1.));
#6158 = ( GEOMETRIC_REPRESENTATION_CONTEXT(2) 
PARAMETRIC_REPRESENTATION_CONTEXT() REPRESENTATION_CONTEXT('2D SPACE',''
  ) );
#6159 = PCURVE('',#1516,#6160);
#6160 = DEFINITIONAL_REPRESENTATION('',(#6161),#6165);
#6161 = LINE('',#6162,#6163);
#6162 = CARTESIAN_POINT('',(15.,0.));
#6163 = VECTOR('',#6164,1.);
#6164 = DIRECTION('',(0.,-1.));
#6165 = ( GEOMETRIC_REPRESENTATION_CONTEXT(2) 
PARAMETRIC_REPRESENTATION_CONTEXT() REPRESENTATION_CONTEXT('2D SPACE',''
  ) );
#6166 = ORIENTED_EDGE('',*,*,#6167,.T.);
#6167 = EDGE_CURVE('',#6145,#6121,#6168,.T.);
#6168 = SURFACE_CURVE('',#6169,(#6174,#6185),.PCURVE_S1.);
#6169 = CIRCLE('',#6170,71.);
#6170 = AXIS2_PLACEMENT_3D('',#6171,#6172,#6173);
#6171 = CARTESIAN_POINT('',(0.,0.,32.5));
#6172 = DIRECTION('',(0.,0.,-1.));
#6173 = DIRECTION('',(1.,0.,0.));
#6174 = PCURVE('',#1428,#6175);
#6175 = DEFINITIONAL_REPRESENTATION('',(#6176),#6184);
#6176 = ( BOUNDED_CURVE() B_SPLINE_CURVE(2,(#6177,#6178,#6179,#6180,
#6181,#6182,#6183),.UNSPECIFIED.,.T.,.F.) B_SPLINE_CURVE_WITH_KNOTS((1,2
    ,2,2,2,1),(-2.094395102393,0.,2.094395102393,4.188790204786,
6.28318530718,8.377580409573),.UNSPECIFIED.) CURVE() 
GEOMETRIC_REPRESENTATION_ITEM() RATIONAL_B_SPLINE_CURVE((1.,0.5,1.,0.5,
1.,0.5,1.)) REPRESENTATION_ITEM('') );
#6177 = CARTESIAN_POINT('',(40.902696146423,135.8616676514));
#6178 = CARTESIAN_POINT('',(142.85409513689,67.094580728334));
#6179 = CARTESIAN_POINT('',(32.324351422025,13.185622712759));
#6180 = CARTESIAN_POINT('',(-78.20539229284,-40.72333530281));
#6181 = CARTESIAN_POINT('',(-69.62704756844,81.952709635833));
#6182 = CARTESIAN_POINT('',(-61.04870284404,204.62875457448));
#6183 = CARTESIAN_POINT('',(40.902696146423,135.8616676514));
#6184 = ( GEOMETRIC_REPRESENTATION_CONTEXT(2) 
PARAMETRIC_REPRESENTATION_CONTEXT() REPRESENTATION_CONTEXT('2D SPACE',''
  ) );
#6185 = PCURVE('',#3190,#6186);
#6186 = DEFINITIONAL_REPRESENTATION('',(#6187),#6191);
#6187 = LINE('',#6188,#6189);
#6188 = CARTESIAN_POINT('',(-6.28318530718,-30.5));
#6189 = VECTOR('',#6190,1.);
#6190 = DIRECTION('',(1.,-0.));
#6191 = ( GEOMETRIC_REPRESENTATION_CONTEXT(2) 
PARAMETRIC_REPRESENTATION_CONTEXT() REPRESENTATION_CONTEXT('2D SPACE',''
  ) );
#6192 = ADVANCED_FACE('',(#6193),#1516,.F.);
#6193 = FACE_BOUND('',#6194,.F.);
#6194 = EDGE_LOOP('',(#6195,#6196,#6197,#6220));
#6195 = ORIENTED_EDGE('',*,*,#6144,.F.);
#6196 = ORIENTED_EDGE('',*,*,#1503,.T.);
#6197 = ORIENTED_EDGE('',*,*,#6198,.T.);
#6198 = EDGE_CURVE('',#1471,#6199,#6201,.T.);
#6199 = VERTEX_POINT('',#6200);
#6200 = CARTESIAN_POINT('',(-58.18222842518,-40.69187013986,17.5));
#6201 = SURFACE_CURVE('',#6202,(#6206,#6213),.PCURVE_S1.);
#6202 = LINE('',#6203,#6204);
#6203 = CARTESIAN_POINT('',(-63.16486160257,-44.05269865431,17.5));
#6204 = VECTOR('',#6205,1.);
#6205 = DIRECTION('',(0.829037572555,0.559192903471,0.));
#6206 = PCURVE('',#1516,#6207);
#6207 = DEFINITIONAL_REPRESENTATION('',(#6208),#6212);
#6208 = LINE('',#6209,#6210);
#6209 = CARTESIAN_POINT('',(0.,0.));
#6210 = VECTOR('',#6211,1.);
#6211 = DIRECTION('',(0.,-1.));
#6212 = ( GEOMETRIC_REPRESENTATION_CONTEXT(2) 
PARAMETRIC_REPRESENTATION_CONTEXT() REPRESENTATION_CONTEXT('2D SPACE',''
  ) );
#6213 = PCURVE('',#1487,#6214);
#6214 = DEFINITIONAL_REPRESENTATION('',(#6215),#6219);
#6215 = LINE('',#6216,#6217);
#6216 = CARTESIAN_POINT('',(2.4,3.552713678801E-15));
#6217 = VECTOR('',#6218,1.);
#6218 = DIRECTION('',(0.,1.));
#6219 = ( GEOMETRIC_REPRESENTATION_CONTEXT(2) 
PARAMETRIC_REPRESENTATION_CONTEXT() REPRESENTATION_CONTEXT('2D SPACE',''
  ) );
#6220 = ORIENTED_EDGE('',*,*,#6221,.F.);
#6221 = EDGE_CURVE('',#6145,#6199,#6222,.T.);
#6222 = SURFACE_CURVE('',#6223,(#6227,#6233),.PCURVE_S1.);
#6223 = LINE('',#6224,#6225);
#6224 = CARTESIAN_POINT('',(-58.18222842518,-40.69187013986,2.));
#6225 = VECTOR('',#6226,1.);
#6226 = DIRECTION('',(-0.,-0.,-1.));
#6227 = PCURVE('',#1516,#6228);
#6228 = DEFINITIONAL_REPRESENTATION('',(#6229),#6232);
#6229 = B_SPLINE_CURVE_WITH_KNOTS('',1,(#6230,#6231),.UNSPECIFIED.,.F.,
  .F.,(2,2),(-32.,-14.),.PIECEWISE_BEZIER_KNOTS.);
#6230 = CARTESIAN_POINT('',(16.5,-6.010141569376));
#6231 = CARTESIAN_POINT('',(-1.5,-6.010141569376));
#6232 = ( GEOMETRIC_REPRESENTATION_CONTEXT(2) 
PARAMETRIC_REPRESENTATION_CONTEXT() REPRESENTATION_CONTEXT('2D SPACE',''
  ) );
#6233 = PCURVE('',#3190,#6234);
#6234 = DEFINITIONAL_REPRESENTATION('',(#6235),#6238);
#6235 = B_SPLINE_CURVE_WITH_KNOTS('',1,(#6236,#6237),.UNSPECIFIED.,.F.,
  .F.,(2,2),(-32.,-14.),.PIECEWISE_BEZIER_KNOTS.);
#6236 = CARTESIAN_POINT('',(-3.751906812491,-32.));
#6237 = CARTESIAN_POINT('',(-3.751906812491,-14.));
#6238 = ( GEOMETRIC_REPRESENTATION_CONTEXT(2) 
PARAMETRIC_REPRESENTATION_CONTEXT() REPRESENTATION_CONTEXT('2D SPACE',''
  ) );
#6239 = ADVANCED_FACE('',(#6240),#1459,.T.);
#6240 = FACE_BOUND('',#6241,.T.);
#6241 = EDGE_LOOP('',(#6242,#6243,#6244,#6267));
#6242 = ORIENTED_EDGE('',*,*,#6120,.F.);
#6243 = ORIENTED_EDGE('',*,*,#1444,.T.);
#6244 = ORIENTED_EDGE('',*,*,#6245,.T.);
#6245 = EDGE_CURVE('',#1445,#6246,#6248,.T.);
#6246 = VERTEX_POINT('',#6247);
#6247 = CARTESIAN_POINT('',(-59.52429139351,-38.70217996573,17.5));
#6248 = SURFACE_CURVE('',#6249,(#6253,#6260),.PCURVE_S1.);
#6249 = LINE('',#6250,#6251);
#6250 = CARTESIAN_POINT('',(-64.5069245709,-42.06300848018,17.5));
#6251 = VECTOR('',#6252,1.);
#6252 = DIRECTION('',(0.829037572555,0.559192903471,0.));
#6253 = PCURVE('',#1459,#6254);
#6254 = DEFINITIONAL_REPRESENTATION('',(#6255),#6259);
#6255 = LINE('',#6256,#6257);
#6256 = CARTESIAN_POINT('',(0.,0.));
#6257 = VECTOR('',#6258,1.);
#6258 = DIRECTION('',(0.,-1.));
#6259 = ( GEOMETRIC_REPRESENTATION_CONTEXT(2) 
PARAMETRIC_REPRESENTATION_CONTEXT() REPRESENTATION_CONTEXT('2D SPACE',''
  ) );
#6260 = PCURVE('',#1487,#6261);
#6261 = DEFINITIONAL_REPRESENTATION('',(#6262),#6266);
#6262 = LINE('',#6263,#6264);
#6263 = CARTESIAN_POINT('',(0.,0.));
#6264 = VECTOR('',#6265,1.);
#6265 = DIRECTION('',(0.,1.));
#6266 = ( GEOMETRIC_REPRESENTATION_CONTEXT(2) 
PARAMETRIC_REPRESENTATION_CONTEXT() REPRESENTATION_CONTEXT('2D SPACE',''
  ) );
#6267 = ORIENTED_EDGE('',*,*,#6268,.F.);
#6268 = EDGE_CURVE('',#6121,#6246,#6269,.T.);
#6269 = SURFACE_CURVE('',#6270,(#6274,#6280),.PCURVE_S1.);
#6270 = LINE('',#6271,#6272);
#6271 = CARTESIAN_POINT('',(-59.52429139351,-38.70217996573,2.));
#6272 = VECTOR('',#6273,1.);
#6273 = DIRECTION('',(-0.,-0.,-1.));
#6274 = PCURVE('',#1459,#6275);
#6275 = DEFINITIONAL_REPRESENTATION('',(#6276),#6279);
#6276 = B_SPLINE_CURVE_WITH_KNOTS('',1,(#6277,#6278),.UNSPECIFIED.,.F.,
  .F.,(2,2),(-32.,-14.),.PIECEWISE_BEZIER_KNOTS.);
#6277 = CARTESIAN_POINT('',(16.5,-6.010141569376));
#6278 = CARTESIAN_POINT('',(-1.5,-6.010141569376));
#6279 = ( GEOMETRIC_REPRESENTATION_CONTEXT(2) 
PARAMETRIC_REPRESENTATION_CONTEXT() REPRESENTATION_CONTEXT('2D SPACE',''
  ) );
#6280 = PCURVE('',#3190,#6281);
#6281 = DEFINITIONAL_REPRESENTATION('',(#6282),#6285);
#6282 = B_SPLINE_CURVE_WITH_KNOTS('',1,(#6283,#6284),.UNSPECIFIED.,.F.,
  .F.,(2,2),(-32.,-14.),.PIECEWISE_BEZIER_KNOTS.);
#6283 = CARTESIAN_POINT('',(-3.718102386044,-32.));
#6284 = CARTESIAN_POINT('',(-3.718102386044,-14.));
#6285 = ( GEOMETRIC_REPRESENTATION_CONTEXT(2) 
PARAMETRIC_REPRESENTATION_CONTEXT() REPRESENTATION_CONTEXT('2D SPACE',''
  ) );
#6286 = ADVANCED_FACE('',(#6287),#1487,.T.);
#6287 = FACE_BOUND('',#6288,.T.);
#6288 = EDGE_LOOP('',(#6289,#6290,#6291,#6292));
#6289 = ORIENTED_EDGE('',*,*,#6245,.F.);
#6290 = ORIENTED_EDGE('',*,*,#1470,.F.);
#6291 = ORIENTED_EDGE('',*,*,#6198,.T.);
#6292 = ORIENTED_EDGE('',*,*,#6293,.T.);
#6293 = EDGE_CURVE('',#6199,#6246,#6294,.T.);
#6294 = SURFACE_CURVE('',#6295,(#6300,#6311),.PCURVE_S1.);
#6295 = CIRCLE('',#6296,71.);
#6296 = AXIS2_PLACEMENT_3D('',#6297,#6298,#6299);
#6297 = CARTESIAN_POINT('',(0.,0.,17.5));
#6298 = DIRECTION('',(0.,0.,-1.));
#6299 = DIRECTION('',(1.,0.,0.));
#6300 = PCURVE('',#1487,#6301);
#6301 = DEFINITIONAL_REPRESENTATION('',(#6302),#6310);
#6302 = ( BOUNDED_CURVE() B_SPLINE_CURVE(2,(#6303,#6304,#6305,#6306,
#6307,#6308,#6309),.UNSPECIFIED.,.T.,.F.) B_SPLINE_CURVE_WITH_KNOTS((1,2
    ,2,2,2,1),(-2.094395102393,0.,2.094395102393,4.188790204786,
6.28318530718,8.377580409573),.UNSPECIFIED.) CURVE() 
GEOMETRIC_REPRESENTATION_ITEM() RATIONAL_B_SPLINE_CURVE((1.,0.5,1.,0.5,
1.,0.5,1.)) REPRESENTATION_ITEM('') );
#6303 = CARTESIAN_POINT('',(40.902696146423,135.8616676514));
#6304 = CARTESIAN_POINT('',(142.85409513689,67.094580728334));
#6305 = CARTESIAN_POINT('',(32.324351422025,13.185622712759));
#6306 = CARTESIAN_POINT('',(-78.20539229284,-40.72333530281));
#6307 = CARTESIAN_POINT('',(-69.62704756844,81.952709635833));
#6308 = CARTESIAN_POINT('',(-61.04870284404,204.62875457448));
#6309 = CARTESIAN_POINT('',(40.902696146423,135.8616676514));
#6310 = ( GEOMETRIC_REPRESENTATION_CONTEXT(2) 
PARAMETRIC_REPRESENTATION_CONTEXT() REPRESENTATION_CONTEXT('2D SPACE',''
  ) );
#6311 = PCURVE('',#3190,#6312);
#6312 = DEFINITIONAL_REPRESENTATION('',(#6313),#6317);
#6313 = LINE('',#6314,#6315);
#6314 = CARTESIAN_POINT('',(-6.28318530718,-15.5));
#6315 = VECTOR('',#6316,1.);
#6316 = DIRECTION('',(1.,-0.));
#6317 = ( GEOMETRIC_REPRESENTATION_CONTEXT(2) 
PARAMETRIC_REPRESENTATION_CONTEXT() REPRESENTATION_CONTEXT('2D SPACE',''
  ) );
#6318 = ADVANCED_FACE('',(#6319),#1548,.F.);
#6319 = FACE_BOUND('',#6320,.F.);
#6320 = EDGE_LOOP('',(#6321,#6344,#6345,#6368));
#6321 = ORIENTED_EDGE('',*,*,#6322,.F.);
#6322 = EDGE_CURVE('',#1532,#6323,#6325,.T.);
#6323 = VERTEX_POINT('',#6324);
#6324 = CARTESIAN_POINT('',(-48.39326080758,-51.95278922646,32.5));
#6325 = SURFACE_CURVE('',#6326,(#6330,#6337),.PCURVE_S1.);
#6326 = LINE('',#6327,#6328);
#6327 = CARTESIAN_POINT('',(-52.4148304802,-56.41919483412,32.5));
#6328 = VECTOR('',#6329,1.);
#6329 = DIRECTION('',(0.669130606359,0.743144825477,0.));
#6330 = PCURVE('',#1548,#6331);
#6331 = DEFINITIONAL_REPRESENTATION('',(#6332),#6336);
#6332 = LINE('',#6333,#6334);
#6333 = CARTESIAN_POINT('',(0.,0.));
#6334 = VECTOR('',#6335,1.);
#6335 = DIRECTION('',(0.,1.));
#6336 = ( GEOMETRIC_REPRESENTATION_CONTEXT(2) 
PARAMETRIC_REPRESENTATION_CONTEXT() REPRESENTATION_CONTEXT('2D SPACE',''
  ) );
#6337 = PCURVE('',#1579,#6338);
#6338 = DEFINITIONAL_REPRESENTATION('',(#6339),#6343);
#6339 = LINE('',#6340,#6341);
#6340 = CARTESIAN_POINT('',(15.,0.));
#6341 = VECTOR('',#6342,1.);
#6342 = DIRECTION('',(0.,-1.));
#6343 = ( GEOMETRIC_REPRESENTATION_CONTEXT(2) 
PARAMETRIC_REPRESENTATION_CONTEXT() REPRESENTATION_CONTEXT('2D SPACE',''
  ) );
#6344 = ORIENTED_EDGE('',*,*,#1529,.F.);
#6345 = ORIENTED_EDGE('',*,*,#6346,.T.);
#6346 = EDGE_CURVE('',#1530,#6347,#6349,.T.);
#6347 = VERTEX_POINT('',#6348);
#6348 = CARTESIAN_POINT('',(-46.60971322644,-53.55870268172,32.5));
#6349 = SURFACE_CURVE('',#6350,(#6354,#6361),.PCURVE_S1.);
#6350 = LINE('',#6351,#6352);
#6351 = CARTESIAN_POINT('',(-50.63128289905,-58.02510828939,32.5));
#6352 = VECTOR('',#6353,1.);
#6353 = DIRECTION('',(0.669130606359,0.743144825477,0.));
#6354 = PCURVE('',#1548,#6355);
#6355 = DEFINITIONAL_REPRESENTATION('',(#6356),#6360);
#6356 = LINE('',#6357,#6358);
#6357 = CARTESIAN_POINT('',(2.4,-3.552713678801E-15));
#6358 = VECTOR('',#6359,1.);
#6359 = DIRECTION('',(0.,1.));
#6360 = ( GEOMETRIC_REPRESENTATION_CONTEXT(2) 
PARAMETRIC_REPRESENTATION_CONTEXT() REPRESENTATION_CONTEXT('2D SPACE',''
  ) );
#6361 = PCURVE('',#1636,#6362);
#6362 = DEFINITIONAL_REPRESENTATION('',(#6363),#6367);
#6363 = LINE('',#6364,#6365);
#6364 = CARTESIAN_POINT('',(15.,0.));
#6365 = VECTOR('',#6366,1.);
#6366 = DIRECTION('',(0.,-1.));
#6367 = ( GEOMETRIC_REPRESENTATION_CONTEXT(2) 
PARAMETRIC_REPRESENTATION_CONTEXT() REPRESENTATION_CONTEXT('2D SPACE',''
  ) );
#6368 = ORIENTED_EDGE('',*,*,#6369,.T.);
#6369 = EDGE_CURVE('',#6347,#6323,#6370,.T.);
#6370 = SURFACE_CURVE('',#6371,(#6376,#6387),.PCURVE_S1.);
#6371 = CIRCLE('',#6372,71.);
#6372 = AXIS2_PLACEMENT_3D('',#6373,#6374,#6375);
#6373 = CARTESIAN_POINT('',(0.,0.,32.5));
#6374 = DIRECTION('',(0.,0.,-1.));
#6375 = DIRECTION('',(1.,0.,0.));
#6376 = PCURVE('',#1548,#6377);
#6377 = DEFINITIONAL_REPRESENTATION('',(#6378),#6386);
#6378 = ( BOUNDED_CURVE() B_SPLINE_CURVE(2,(#6379,#6380,#6381,#6382,
#6383,#6384,#6385),.UNSPECIFIED.,.T.,.F.) B_SPLINE_CURVE_WITH_KNOTS((1,2
    ,2,2,2,1),(-2.094395102393,0.,2.094395102393,4.188790204786,
6.28318530718,8.377580409573),.UNSPECIFIED.) CURVE() 
GEOMETRIC_REPRESENTATION_ITEM() RATIONAL_B_SPLINE_CURVE((1.,0.5,1.,0.5,
1.,0.5,1.)) REPRESENTATION_ITEM('') );
#6379 = CARTESIAN_POINT('',(53.963282608895,124.50827305147));
#6380 = CARTESIAN_POINT('',(136.25002531391,33.119586798757));
#6381 = CARTESIAN_POINT('',(15.961730048061,7.5515203479));
#6382 = CARTESIAN_POINT('',(-104.3265652177,-18.01654610295));
#6383 = CARTESIAN_POINT('',(-66.32501265695,98.940206600621));
#6384 = CARTESIAN_POINT('',(-28.32346009612,215.8969593042));
#6385 = CARTESIAN_POINT('',(53.963282608895,124.50827305147));
#6386 = ( GEOMETRIC_REPRESENTATION_CONTEXT(2) 
PARAMETRIC_REPRESENTATION_CONTEXT() REPRESENTATION_CONTEXT('2D SPACE',''
  ) );
#6387 = PCURVE('',#3190,#6388);
#6388 = DEFINITIONAL_REPRESENTATION('',(#6389),#6393);
#6389 = LINE('',#6390,#6391);
#6390 = CARTESIAN_POINT('',(-6.28318530718,-30.5));
#6391 = VECTOR('',#6392,1.);
#6392 = DIRECTION('',(1.,-0.));
#6393 = ( GEOMETRIC_REPRESENTATION_CONTEXT(2) 
PARAMETRIC_REPRESENTATION_CONTEXT() REPRESENTATION_CONTEXT('2D SPACE',''
  ) );
#6394 = ADVANCED_FACE('',(#6395),#1636,.F.);
#6395 = FACE_BOUND('',#6396,.F.);
#6396 = EDGE_LOOP('',(#6397,#6398,#6399,#6422));
#6397 = ORIENTED_EDGE('',*,*,#6346,.F.);
#6398 = ORIENTED_EDGE('',*,*,#1623,.T.);
#6399 = ORIENTED_EDGE('',*,*,#6400,.T.);
#6400 = EDGE_CURVE('',#1591,#6401,#6403,.T.);
#6401 = VERTEX_POINT('',#6402);
#6402 = CARTESIAN_POINT('',(-46.60971322644,-53.55870268172,17.5));
#6403 = SURFACE_CURVE('',#6404,(#6408,#6415),.PCURVE_S1.);
#6404 = LINE('',#6405,#6406);
#6405 = CARTESIAN_POINT('',(-50.63128289905,-58.02510828939,17.5));
#6406 = VECTOR('',#6407,1.);
#6407 = DIRECTION('',(0.669130606359,0.743144825477,0.));
#6408 = PCURVE('',#1636,#6409);
#6409 = DEFINITIONAL_REPRESENTATION('',(#6410),#6414);
#6410 = LINE('',#6411,#6412);
#6411 = CARTESIAN_POINT('',(0.,0.));
#6412 = VECTOR('',#6413,1.);
#6413 = DIRECTION('',(0.,-1.));
#6414 = ( GEOMETRIC_REPRESENTATION_CONTEXT(2) 
PARAMETRIC_REPRESENTATION_CONTEXT() REPRESENTATION_CONTEXT('2D SPACE',''
  ) );
#6415 = PCURVE('',#1607,#6416);
#6416 = DEFINITIONAL_REPRESENTATION('',(#6417),#6421);
#6417 = LINE('',#6418,#6419);
#6418 = CARTESIAN_POINT('',(2.4,-3.552713678801E-15));
#6419 = VECTOR('',#6420,1.);
#6420 = DIRECTION('',(0.,1.));
#6421 = ( GEOMETRIC_REPRESENTATION_CONTEXT(2) 
PARAMETRIC_REPRESENTATION_CONTEXT() REPRESENTATION_CONTEXT('2D SPACE',''
  ) );
#6422 = ORIENTED_EDGE('',*,*,#6423,.F.);
#6423 = EDGE_CURVE('',#6347,#6401,#6424,.T.);
#6424 = SURFACE_CURVE('',#6425,(#6429,#6435),.PCURVE_S1.);
#6425 = LINE('',#6426,#6427);
#6426 = CARTESIAN_POINT('',(-46.60971322644,-53.55870268172,2.));
#6427 = VECTOR('',#6428,1.);
#6428 = DIRECTION('',(-0.,-0.,-1.));
#6429 = PCURVE('',#1636,#6430);
#6430 = DEFINITIONAL_REPRESENTATION('',(#6431),#6434);
#6431 = B_SPLINE_CURVE_WITH_KNOTS('',1,(#6432,#6433),.UNSPECIFIED.,.F.,
  .F.,(2,2),(-32.,-14.),.PIECEWISE_BEZIER_KNOTS.);
#6432 = CARTESIAN_POINT('',(16.5,-6.010141569376));
#6433 = CARTESIAN_POINT('',(-1.5,-6.010141569376));
#6434 = ( GEOMETRIC_REPRESENTATION_CONTEXT(2) 
PARAMETRIC_REPRESENTATION_CONTEXT() REPRESENTATION_CONTEXT('2D SPACE',''
  ) );
#6435 = PCURVE('',#3190,#6436);
#6436 = DEFINITIONAL_REPRESENTATION('',(#6437),#6440);
#6437 = B_SPLINE_CURVE_WITH_KNOTS('',1,(#6438,#6439),.UNSPECIFIED.,.F.,
  .F.,(2,2),(-32.,-14.),.PIECEWISE_BEZIER_KNOTS.);
#6438 = CARTESIAN_POINT('',(-3.996252907771,-32.));
#6439 = CARTESIAN_POINT('',(-3.996252907771,-14.));
#6440 = ( GEOMETRIC_REPRESENTATION_CONTEXT(2) 
PARAMETRIC_REPRESENTATION_CONTEXT() REPRESENTATION_CONTEXT('2D SPACE',''
  ) );
#6441 = ADVANCED_FACE('',(#6442),#1579,.T.);
#6442 = FACE_BOUND('',#6443,.T.);
#6443 = EDGE_LOOP('',(#6444,#6445,#6446,#6469));
#6444 = ORIENTED_EDGE('',*,*,#6322,.F.);
#6445 = ORIENTED_EDGE('',*,*,#1564,.T.);
#6446 = ORIENTED_EDGE('',*,*,#6447,.T.);
#6447 = EDGE_CURVE('',#1565,#6448,#6450,.T.);
#6448 = VERTEX_POINT('',#6449);
#6449 = CARTESIAN_POINT('',(-48.39326080758,-51.95278922646,17.5));
#6450 = SURFACE_CURVE('',#6451,(#6455,#6462),.PCURVE_S1.);
#6451 = LINE('',#6452,#6453);
#6452 = CARTESIAN_POINT('',(-52.4148304802,-56.41919483412,17.5));
#6453 = VECTOR('',#6454,1.);
#6454 = DIRECTION('',(0.669130606359,0.743144825477,0.));
#6455 = PCURVE('',#1579,#6456);
#6456 = DEFINITIONAL_REPRESENTATION('',(#6457),#6461);
#6457 = LINE('',#6458,#6459);
#6458 = CARTESIAN_POINT('',(0.,0.));
#6459 = VECTOR('',#6460,1.);
#6460 = DIRECTION('',(0.,-1.));
#6461 = ( GEOMETRIC_REPRESENTATION_CONTEXT(2) 
PARAMETRIC_REPRESENTATION_CONTEXT() REPRESENTATION_CONTEXT('2D SPACE',''
  ) );
#6462 = PCURVE('',#1607,#6463);
#6463 = DEFINITIONAL_REPRESENTATION('',(#6464),#6468);
#6464 = LINE('',#6465,#6466);
#6465 = CARTESIAN_POINT('',(0.,0.));
#6466 = VECTOR('',#6467,1.);
#6467 = DIRECTION('',(0.,1.));
#6468 = ( GEOMETRIC_REPRESENTATION_CONTEXT(2) 
PARAMETRIC_REPRESENTATION_CONTEXT() REPRESENTATION_CONTEXT('2D SPACE',''
  ) );
#6469 = ORIENTED_EDGE('',*,*,#6470,.F.);
#6470 = EDGE_CURVE('',#6323,#6448,#6471,.T.);
#6471 = SURFACE_CURVE('',#6472,(#6476,#6482),.PCURVE_S1.);
#6472 = LINE('',#6473,#6474);
#6473 = CARTESIAN_POINT('',(-48.39326080758,-51.95278922646,2.));
#6474 = VECTOR('',#6475,1.);
#6475 = DIRECTION('',(-0.,-0.,-1.));
#6476 = PCURVE('',#1579,#6477);
#6477 = DEFINITIONAL_REPRESENTATION('',(#6478),#6481);
#6478 = B_SPLINE_CURVE_WITH_KNOTS('',1,(#6479,#6480),.UNSPECIFIED.,.F.,
  .F.,(2,2),(-32.,-14.),.PIECEWISE_BEZIER_KNOTS.);
#6479 = CARTESIAN_POINT('',(16.5,-6.010141569376));
#6480 = CARTESIAN_POINT('',(-1.5,-6.010141569376));
#6481 = ( GEOMETRIC_REPRESENTATION_CONTEXT(2) 
PARAMETRIC_REPRESENTATION_CONTEXT() REPRESENTATION_CONTEXT('2D SPACE',''
  ) );
#6482 = PCURVE('',#3190,#6483);
#6483 = DEFINITIONAL_REPRESENTATION('',(#6484),#6487);
#6484 = B_SPLINE_CURVE_WITH_KNOTS('',1,(#6485,#6486),.UNSPECIFIED.,.F.,
  .F.,(2,2),(-32.,-14.),.PIECEWISE_BEZIER_KNOTS.);
#6485 = CARTESIAN_POINT('',(-3.962448481324,-32.));
#6486 = CARTESIAN_POINT('',(-3.962448481324,-14.));
#6487 = ( GEOMETRIC_REPRESENTATION_CONTEXT(2) 
PARAMETRIC_REPRESENTATION_CONTEXT() REPRESENTATION_CONTEXT('2D SPACE',''
  ) );
#6488 = ADVANCED_FACE('',(#6489),#1607,.T.);
#6489 = FACE_BOUND('',#6490,.T.);
#6490 = EDGE_LOOP('',(#6491,#6492,#6493,#6494));
#6491 = ORIENTED_EDGE('',*,*,#6447,.F.);
#6492 = ORIENTED_EDGE('',*,*,#1590,.F.);
#6493 = ORIENTED_EDGE('',*,*,#6400,.T.);
#6494 = ORIENTED_EDGE('',*,*,#6495,.T.);
#6495 = EDGE_CURVE('',#6401,#6448,#6496,.T.);
#6496 = SURFACE_CURVE('',#6497,(#6502,#6513),.PCURVE_S1.);
#6497 = CIRCLE('',#6498,71.);
#6498 = AXIS2_PLACEMENT_3D('',#6499,#6500,#6501);
#6499 = CARTESIAN_POINT('',(0.,0.,17.5));
#6500 = DIRECTION('',(0.,0.,-1.));
#6501 = DIRECTION('',(1.,0.,0.));
#6502 = PCURVE('',#1607,#6503);
#6503 = DEFINITIONAL_REPRESENTATION('',(#6504),#6512);
#6504 = ( BOUNDED_CURVE() B_SPLINE_CURVE(2,(#6505,#6506,#6507,#6508,
#6509,#6510,#6511),.UNSPECIFIED.,.T.,.F.) B_SPLINE_CURVE_WITH_KNOTS((1,2
    ,2,2,2,1),(-2.094395102393,0.,2.094395102393,4.188790204786,
6.28318530718,8.377580409573),.UNSPECIFIED.) CURVE() 
GEOMETRIC_REPRESENTATION_ITEM() RATIONAL_B_SPLINE_CURVE((1.,0.5,1.,0.5,
1.,0.5,1.)) REPRESENTATION_ITEM('') );
#6505 = CARTESIAN_POINT('',(53.963282608895,124.50827305147));
#6506 = CARTESIAN_POINT('',(136.25002531391,33.119586798757));
#6507 = CARTESIAN_POINT('',(15.961730048061,7.5515203479));
#6508 = CARTESIAN_POINT('',(-104.3265652177,-18.01654610295));
#6509 = CARTESIAN_POINT('',(-66.32501265695,98.940206600621));
#6510 = CARTESIAN_POINT('',(-28.32346009612,215.8969593042));
#6511 = CARTESIAN_POINT('',(53.963282608895,124.50827305147));
#6512 = ( GEOMETRIC_REPRESENTATION_CONTEXT(2) 
PARAMETRIC_REPRESENTATION_CONTEXT() REPRESENTATION_CONTEXT('2D SPACE',''
  ) );
#6513 = PCURVE('',#3190,#6514);
#6514 = DEFINITIONAL_REPRESENTATION('',(#6515),#6519);
#6515 = LINE('',#6516,#6517);
#6516 = CARTESIAN_POINT('',(-6.28318530718,-15.5));
#6517 = VECTOR('',#6518,1.);
#6518 = DIRECTION('',(1.,-0.));
#6519 = ( GEOMETRIC_REPRESENTATION_CONTEXT(2) 
PARAMETRIC_REPRESENTATION_CONTEXT() REPRESENTATION_CONTEXT('2D SPACE',''
  ) );
#6520 = ADVANCED_FACE('',(#6521),#1668,.F.);
#6521 = FACE_BOUND('',#6522,.F.);
#6522 = EDGE_LOOP('',(#6523,#6546,#6547,#6570));
#6523 = ORIENTED_EDGE('',*,*,#6524,.F.);
#6524 = EDGE_CURVE('',#1652,#6525,#6527,.T.);
#6525 = VERTEX_POINT('',#6526);
#6526 = CARTESIAN_POINT('',(-34.3872568908,-62.11695874337,32.5));
#6527 = SURFACE_CURVE('',#6528,(#6532,#6539),.PCURVE_S1.);
#6528 = LINE('',#6529,#6530);
#6529 = CARTESIAN_POINT('',(-37.20884744594,-67.42359877479,32.5));
#6530 = VECTOR('',#6531,1.);
#6531 = DIRECTION('',(0.469471562786,0.882947592859,0.));
#6532 = PCURVE('',#1668,#6533);
#6533 = DEFINITIONAL_REPRESENTATION('',(#6534),#6538);
#6534 = LINE('',#6535,#6536);
#6535 = CARTESIAN_POINT('',(0.,0.));
#6536 = VECTOR('',#6537,1.);
#6537 = DIRECTION('',(0.,1.));
#6538 = ( GEOMETRIC_REPRESENTATION_CONTEXT(2) 
PARAMETRIC_REPRESENTATION_CONTEXT() REPRESENTATION_CONTEXT('2D SPACE',''
  ) );
#6539 = PCURVE('',#1699,#6540);
#6540 = DEFINITIONAL_REPRESENTATION('',(#6541),#6545);
#6541 = LINE('',#6542,#6543);
#6542 = CARTESIAN_POINT('',(15.,0.));
#6543 = VECTOR('',#6544,1.);
#6544 = DIRECTION('',(0.,-1.));
#6545 = ( GEOMETRIC_REPRESENTATION_CONTEXT(2) 
PARAMETRIC_REPRESENTATION_CONTEXT() REPRESENTATION_CONTEXT('2D SPACE',''
  ) );
#6546 = ORIENTED_EDGE('',*,*,#1649,.F.);
#6547 = ORIENTED_EDGE('',*,*,#6548,.T.);
#6548 = EDGE_CURVE('',#1650,#6549,#6551,.T.);
#6549 = VERTEX_POINT('',#6550);
#6550 = CARTESIAN_POINT('',(-32.26818266794,-63.24369049405,32.5));
#6551 = SURFACE_CURVE('',#6552,(#6556,#6563),.PCURVE_S1.);
#6552 = LINE('',#6553,#6554);
#6553 = CARTESIAN_POINT('',(-35.08977322308,-68.55033052548,32.5));
#6554 = VECTOR('',#6555,1.);
#6555 = DIRECTION('',(0.469471562786,0.882947592859,0.));
#6556 = PCURVE('',#1668,#6557);
#6557 = DEFINITIONAL_REPRESENTATION('',(#6558),#6562);
#6558 = LINE('',#6559,#6560);
#6559 = CARTESIAN_POINT('',(2.4,5.884182030513E-15));
#6560 = VECTOR('',#6561,1.);
#6561 = DIRECTION('',(0.,1.));
#6562 = ( GEOMETRIC_REPRESENTATION_CONTEXT(2) 
PARAMETRIC_REPRESENTATION_CONTEXT() REPRESENTATION_CONTEXT('2D SPACE',''
  ) );
#6563 = PCURVE('',#1756,#6564);
#6564 = DEFINITIONAL_REPRESENTATION('',(#6565),#6569);
#6565 = LINE('',#6566,#6567);
#6566 = CARTESIAN_POINT('',(15.,0.));
#6567 = VECTOR('',#6568,1.);
#6568 = DIRECTION('',(0.,-1.));
#6569 = ( GEOMETRIC_REPRESENTATION_CONTEXT(2) 
PARAMETRIC_REPRESENTATION_CONTEXT() REPRESENTATION_CONTEXT('2D SPACE',''
  ) );
#6570 = ORIENTED_EDGE('',*,*,#6571,.T.);
#6571 = EDGE_CURVE('',#6549,#6525,#6572,.T.);
#6572 = SURFACE_CURVE('',#6573,(#6578,#6589),.PCURVE_S1.);
#6573 = CIRCLE('',#6574,71.);
#6574 = AXIS2_PLACEMENT_3D('',#6575,#6576,#6577);
#6575 = CARTESIAN_POINT('',(0.,0.,32.5));
#6576 = DIRECTION('',(0.,0.,-1.));
#6577 = DIRECTION('',(1.,0.,0.));
#6578 = PCURVE('',#1668,#6579);
#6579 = DEFINITIONAL_REPRESENTATION('',(#6580),#6588);
#6580 = ( BOUNDED_CURVE() B_SPLINE_CURVE(2,(#6581,#6582,#6583,#6584,
#6585,#6586,#6587),.UNSPECIFIED.,.T.,.F.) B_SPLINE_CURVE_WITH_KNOTS((1,2
    ,2,2,2,1),(-2.094395102393,0.,2.094395102393,4.188790204786,
6.28318530718,8.377580409573),.UNSPECIFIED.) CURVE() 
GEOMETRIC_REPRESENTATION_ITEM() RATIONAL_B_SPLINE_CURVE((1.,0.5,1.,0.5,
1.,0.5,1.)) REPRESENTATION_ITEM('') );
#6581 = CARTESIAN_POINT('',(63.889279092984,110.33248095779));
#6582 = CARTESIAN_POINT('',(121.62282965421,1.751464478885));
#6583 = CARTESIAN_POINT('',(-1.277864265878,6.043251281644));
#6584 = CARTESIAN_POINT('',(-124.1785581859,10.335038084404));
#6585 = CARTESIAN_POINT('',(-59.0114148271,114.62426776055));
#6586 = CARTESIAN_POINT('',(6.155728531755,218.91349743671));
#6587 = CARTESIAN_POINT('',(63.889279092984,110.33248095779));
#6588 = ( GEOMETRIC_REPRESENTATION_CONTEXT(2) 
PARAMETRIC_REPRESENTATION_CONTEXT() REPRESENTATION_CONTEXT('2D SPACE',''
  ) );
#6589 = PCURVE('',#3190,#6590);
#6590 = DEFINITIONAL_REPRESENTATION('',(#6591),#6595);
#6591 = LINE('',#6592,#6593);
#6592 = CARTESIAN_POINT('',(-6.28318530718,-30.5));
#6593 = VECTOR('',#6594,1.);
#6594 = DIRECTION('',(1.,-0.));
#6595 = ( GEOMETRIC_REPRESENTATION_CONTEXT(2) 
PARAMETRIC_REPRESENTATION_CONTEXT() REPRESENTATION_CONTEXT('2D SPACE',''
  ) );
#6596 = ADVANCED_FACE('',(#6597),#1756,.F.);
#6597 = FACE_BOUND('',#6598,.F.);
#6598 = EDGE_LOOP('',(#6599,#6600,#6601,#6624));
#6599 = ORIENTED_EDGE('',*,*,#6548,.F.);
#6600 = ORIENTED_EDGE('',*,*,#1743,.T.);
#6601 = ORIENTED_EDGE('',*,*,#6602,.T.);
#6602 = EDGE_CURVE('',#1711,#6603,#6605,.T.);
#6603 = VERTEX_POINT('',#6604);
#6604 = CARTESIAN_POINT('',(-32.26818266794,-63.24369049405,17.5));
#6605 = SURFACE_CURVE('',#6606,(#6610,#6617),.PCURVE_S1.);
#6606 = LINE('',#6607,#6608);
#6607 = CARTESIAN_POINT('',(-35.08977322308,-68.55033052548,17.5));
#6608 = VECTOR('',#6609,1.);
#6609 = DIRECTION('',(0.469471562786,0.882947592859,0.));
#6610 = PCURVE('',#1756,#6611);
#6611 = DEFINITIONAL_REPRESENTATION('',(#6612),#6616);
#6612 = LINE('',#6613,#6614);
#6613 = CARTESIAN_POINT('',(0.,0.));
#6614 = VECTOR('',#6615,1.);
#6615 = DIRECTION('',(0.,-1.));
#6616 = ( GEOMETRIC_REPRESENTATION_CONTEXT(2) 
PARAMETRIC_REPRESENTATION_CONTEXT() REPRESENTATION_CONTEXT('2D SPACE',''
  ) );
#6617 = PCURVE('',#1727,#6618);
#6618 = DEFINITIONAL_REPRESENTATION('',(#6619),#6623);
#6619 = LINE('',#6620,#6621);
#6620 = CARTESIAN_POINT('',(2.4,5.884182030513E-15));
#6621 = VECTOR('',#6622,1.);
#6622 = DIRECTION('',(0.,1.));
#6623 = ( GEOMETRIC_REPRESENTATION_CONTEXT(2) 
PARAMETRIC_REPRESENTATION_CONTEXT() REPRESENTATION_CONTEXT('2D SPACE',''
  ) );
#6624 = ORIENTED_EDGE('',*,*,#6625,.F.);
#6625 = EDGE_CURVE('',#6549,#6603,#6626,.T.);
#6626 = SURFACE_CURVE('',#6627,(#6631,#6637),.PCURVE_S1.);
#6627 = LINE('',#6628,#6629);
#6628 = CARTESIAN_POINT('',(-32.26818266794,-63.24369049405,2.));
#6629 = VECTOR('',#6630,1.);
#6630 = DIRECTION('',(-0.,-0.,-1.));
#6631 = PCURVE('',#1756,#6632);
#6632 = DEFINITIONAL_REPRESENTATION('',(#6633),#6636);
#6633 = B_SPLINE_CURVE_WITH_KNOTS('',1,(#6634,#6635),.UNSPECIFIED.,.F.,
  .F.,(2,2),(-32.,-14.),.PIECEWISE_BEZIER_KNOTS.);
#6634 = CARTESIAN_POINT('',(16.5,-6.010141569376));
#6635 = CARTESIAN_POINT('',(-1.5,-6.010141569376));
#6636 = ( GEOMETRIC_REPRESENTATION_CONTEXT(2) 
PARAMETRIC_REPRESENTATION_CONTEXT() REPRESENTATION_CONTEXT('2D SPACE',''
  ) );
#6637 = PCURVE('',#3190,#6638);
#6638 = DEFINITIONAL_REPRESENTATION('',(#6639),#6642);
#6639 = B_SPLINE_CURVE_WITH_KNOTS('',1,(#6640,#6641),.UNSPECIFIED.,.F.,
  .F.,(2,2),(-32.,-14.),.PIECEWISE_BEZIER_KNOTS.);
#6640 = CARTESIAN_POINT('',(-4.24059900305,-32.));
#6641 = CARTESIAN_POINT('',(-4.24059900305,-14.));
#6642 = ( GEOMETRIC_REPRESENTATION_CONTEXT(2) 
PARAMETRIC_REPRESENTATION_CONTEXT() REPRESENTATION_CONTEXT('2D SPACE',''
  ) );
#6643 = ADVANCED_FACE('',(#6644),#1699,.T.);
#6644 = FACE_BOUND('',#6645,.T.);
#6645 = EDGE_LOOP('',(#6646,#6647,#6648,#6671));
#6646 = ORIENTED_EDGE('',*,*,#6524,.F.);
#6647 = ORIENTED_EDGE('',*,*,#1684,.T.);
#6648 = ORIENTED_EDGE('',*,*,#6649,.T.);
#6649 = EDGE_CURVE('',#1685,#6650,#6652,.T.);
#6650 = VERTEX_POINT('',#6651);
#6651 = CARTESIAN_POINT('',(-34.3872568908,-62.11695874337,17.5));
#6652 = SURFACE_CURVE('',#6653,(#6657,#6664),.PCURVE_S1.);
#6653 = LINE('',#6654,#6655);
#6654 = CARTESIAN_POINT('',(-37.20884744594,-67.42359877479,17.5));
#6655 = VECTOR('',#6656,1.);
#6656 = DIRECTION('',(0.469471562786,0.882947592859,0.));
#6657 = PCURVE('',#1699,#6658);
#6658 = DEFINITIONAL_REPRESENTATION('',(#6659),#6663);
#6659 = LINE('',#6660,#6661);
#6660 = CARTESIAN_POINT('',(0.,0.));
#6661 = VECTOR('',#6662,1.);
#6662 = DIRECTION('',(0.,-1.));
#6663 = ( GEOMETRIC_REPRESENTATION_CONTEXT(2) 
PARAMETRIC_REPRESENTATION_CONTEXT() REPRESENTATION_CONTEXT('2D SPACE',''
  ) );
#6664 = PCURVE('',#1727,#6665);
#6665 = DEFINITIONAL_REPRESENTATION('',(#6666),#6670);
#6666 = LINE('',#6667,#6668);
#6667 = CARTESIAN_POINT('',(0.,0.));
#6668 = VECTOR('',#6669,1.);
#6669 = DIRECTION('',(0.,1.));
#6670 = ( GEOMETRIC_REPRESENTATION_CONTEXT(2) 
PARAMETRIC_REPRESENTATION_CONTEXT() REPRESENTATION_CONTEXT('2D SPACE',''
  ) );
#6671 = ORIENTED_EDGE('',*,*,#6672,.F.);
#6672 = EDGE_CURVE('',#6525,#6650,#6673,.T.);
#6673 = SURFACE_CURVE('',#6674,(#6678,#6684),.PCURVE_S1.);
#6674 = LINE('',#6675,#6676);
#6675 = CARTESIAN_POINT('',(-34.3872568908,-62.11695874337,2.));
#6676 = VECTOR('',#6677,1.);
#6677 = DIRECTION('',(-0.,-0.,-1.));
#6678 = PCURVE('',#1699,#6679);
#6679 = DEFINITIONAL_REPRESENTATION('',(#6680),#6683);
#6680 = B_SPLINE_CURVE_WITH_KNOTS('',1,(#6681,#6682),.UNSPECIFIED.,.F.,
  .F.,(2,2),(-32.,-14.),.PIECEWISE_BEZIER_KNOTS.);
#6681 = CARTESIAN_POINT('',(16.5,-6.010141569376));
#6682 = CARTESIAN_POINT('',(-1.5,-6.010141569376));
#6683 = ( GEOMETRIC_REPRESENTATION_CONTEXT(2) 
PARAMETRIC_REPRESENTATION_CONTEXT() REPRESENTATION_CONTEXT('2D SPACE',''
  ) );
#6684 = PCURVE('',#3190,#6685);
#6685 = DEFINITIONAL_REPRESENTATION('',(#6686),#6689);
#6686 = B_SPLINE_CURVE_WITH_KNOTS('',1,(#6687,#6688),.UNSPECIFIED.,.F.,
  .F.,(2,2),(-32.,-14.),.PIECEWISE_BEZIER_KNOTS.);
#6687 = CARTESIAN_POINT('',(-4.206794576603,-32.));
#6688 = CARTESIAN_POINT('',(-4.206794576603,-14.));
#6689 = ( GEOMETRIC_REPRESENTATION_CONTEXT(2) 
PARAMETRIC_REPRESENTATION_CONTEXT() REPRESENTATION_CONTEXT('2D SPACE',''
  ) );
#6690 = ADVANCED_FACE('',(#6691),#1727,.T.);
#6691 = FACE_BOUND('',#6692,.T.);
#6692 = EDGE_LOOP('',(#6693,#6694,#6695,#6696));
#6693 = ORIENTED_EDGE('',*,*,#6649,.F.);
#6694 = ORIENTED_EDGE('',*,*,#1710,.F.);
#6695 = ORIENTED_EDGE('',*,*,#6602,.T.);
#6696 = ORIENTED_EDGE('',*,*,#6697,.T.);
#6697 = EDGE_CURVE('',#6603,#6650,#6698,.T.);
#6698 = SURFACE_CURVE('',#6699,(#6704,#6715),.PCURVE_S1.);
#6699 = CIRCLE('',#6700,71.);
#6700 = AXIS2_PLACEMENT_3D('',#6701,#6702,#6703);
#6701 = CARTESIAN_POINT('',(0.,0.,17.5));
#6702 = DIRECTION('',(0.,0.,-1.));
#6703 = DIRECTION('',(1.,0.,0.));
#6704 = PCURVE('',#1727,#6705);
#6705 = DEFINITIONAL_REPRESENTATION('',(#6706),#6714);
#6706 = ( BOUNDED_CURVE() B_SPLINE_CURVE(2,(#6707,#6708,#6709,#6710,
#6711,#6712,#6713),.UNSPECIFIED.,.T.,.F.) B_SPLINE_CURVE_WITH_KNOTS((1,2
    ,2,2,2,1),(-2.094395102393,0.,2.094395102393,4.188790204786,
6.28318530718,8.377580409573),.UNSPECIFIED.) CURVE() 
GEOMETRIC_REPRESENTATION_ITEM() RATIONAL_B_SPLINE_CURVE((1.,0.5,1.,0.5,
1.,0.5,1.)) REPRESENTATION_ITEM('') );
#6707 = CARTESIAN_POINT('',(63.889279092984,110.33248095779));
#6708 = CARTESIAN_POINT('',(121.62282965421,1.751464478885));
#6709 = CARTESIAN_POINT('',(-1.277864265878,6.043251281644));
#6710 = CARTESIAN_POINT('',(-124.1785581859,10.335038084404));
#6711 = CARTESIAN_POINT('',(-59.0114148271,114.62426776055));
#6712 = CARTESIAN_POINT('',(6.155728531755,218.91349743671));
#6713 = CARTESIAN_POINT('',(63.889279092984,110.33248095779));
#6714 = ( GEOMETRIC_REPRESENTATION_CONTEXT(2) 
PARAMETRIC_REPRESENTATION_CONTEXT() REPRESENTATION_CONTEXT('2D SPACE',''
  ) );
#6715 = PCURVE('',#3190,#6716);
#6716 = DEFINITIONAL_REPRESENTATION('',(#6717),#6721);
#6717 = LINE('',#6718,#6719);
#6718 = CARTESIAN_POINT('',(-6.28318530718,-15.5));
#6719 = VECTOR('',#6720,1.);
#6720 = DIRECTION('',(1.,-0.));
#6721 = ( GEOMETRIC_REPRESENTATION_CONTEXT(2) 
PARAMETRIC_REPRESENTATION_CONTEXT() REPRESENTATION_CONTEXT('2D SPACE',''
  ) );
#6722 = ADVANCED_FACE('',(#6723),#1788,.F.);
#6723 = FACE_BOUND('',#6724,.F.);
#6724 = EDGE_LOOP('',(#6725,#6748,#6749,#6772));
#6725 = ORIENTED_EDGE('',*,*,#6726,.F.);
#6726 = EDGE_CURVE('',#1772,#6727,#6729,.T.);
#6727 = VERTEX_POINT('',#6728);
#6728 = CARTESIAN_POINT('',(-18.33835599142,-68.59084996945,32.5));
#6729 = SURFACE_CURVE('',#6730,(#6734,#6741),.PCURVE_S1.);
#6730 = LINE('',#6731,#6732);
#6731 = CARTESIAN_POINT('',(-19.7923408327,-74.42246464853,32.5));
#6732 = VECTOR('',#6733,1.);
#6733 = DIRECTION('',(0.2419218956,0.970295726276,0.));
#6734 = PCURVE('',#1788,#6735);
#6735 = DEFINITIONAL_REPRESENTATION('',(#6736),#6740);
#6736 = LINE('',#6737,#6738);
#6737 = CARTESIAN_POINT('',(0.,0.));
#6738 = VECTOR('',#6739,1.);
#6739 = DIRECTION('',(0.,1.));
#6740 = ( GEOMETRIC_REPRESENTATION_CONTEXT(2) 
PARAMETRIC_REPRESENTATION_CONTEXT() REPRESENTATION_CONTEXT('2D SPACE',''
  ) );
#6741 = PCURVE('',#1819,#6742);
#6742 = DEFINITIONAL_REPRESENTATION('',(#6743),#6747);
#6743 = LINE('',#6744,#6745);
#6744 = CARTESIAN_POINT('',(15.,0.));
#6745 = VECTOR('',#6746,1.);
#6746 = DIRECTION('',(0.,-1.));
#6747 = ( GEOMETRIC_REPRESENTATION_CONTEXT(2) 
PARAMETRIC_REPRESENTATION_CONTEXT() REPRESENTATION_CONTEXT('2D SPACE',''
  ) );
#6748 = ORIENTED_EDGE('',*,*,#1769,.F.);
#6749 = ORIENTED_EDGE('',*,*,#6750,.T.);
#6750 = EDGE_CURVE('',#1770,#6751,#6753,.T.);
#6751 = VERTEX_POINT('',#6752);
#6752 = CARTESIAN_POINT('',(-16.00964624835,-69.17146251889,32.5));
#6753 = SURFACE_CURVE('',#6754,(#6758,#6765),.PCURVE_S1.);
#6754 = LINE('',#6755,#6756);
#6755 = CARTESIAN_POINT('',(-17.46363108964,-75.00307719797,32.5));
#6756 = VECTOR('',#6757,1.);
#6757 = DIRECTION('',(0.2419218956,0.970295726276,0.));
#6758 = PCURVE('',#1788,#6759);
#6759 = DEFINITIONAL_REPRESENTATION('',(#6760),#6764);
#6760 = LINE('',#6761,#6762);
#6761 = CARTESIAN_POINT('',(2.4,6.994405055138E-15));
#6762 = VECTOR('',#6763,1.);
#6763 = DIRECTION('',(0.,1.));
#6764 = ( GEOMETRIC_REPRESENTATION_CONTEXT(2) 
PARAMETRIC_REPRESENTATION_CONTEXT() REPRESENTATION_CONTEXT('2D SPACE',''
  ) );
#6765 = PCURVE('',#1876,#6766);
#6766 = DEFINITIONAL_REPRESENTATION('',(#6767),#6771);
#6767 = LINE('',#6768,#6769);
#6768 = CARTESIAN_POINT('',(15.,0.));
#6769 = VECTOR('',#6770,1.);
#6770 = DIRECTION('',(0.,-1.));
#6771 = ( GEOMETRIC_REPRESENTATION_CONTEXT(2) 
PARAMETRIC_REPRESENTATION_CONTEXT() REPRESENTATION_CONTEXT('2D SPACE',''
  ) );
#6772 = ORIENTED_EDGE('',*,*,#6773,.T.);
#6773 = EDGE_CURVE('',#6751,#6727,#6774,.T.);
#6774 = SURFACE_CURVE('',#6775,(#6780,#6791),.PCURVE_S1.);
#6775 = CIRCLE('',#6776,71.);
#6776 = AXIS2_PLACEMENT_3D('',#6777,#6778,#6779);
#6777 = CARTESIAN_POINT('',(0.,0.,32.5));
#6778 = DIRECTION('',(0.,0.,-1.));
#6779 = DIRECTION('',(1.,0.,0.));
#6780 = PCURVE('',#1788,#6781);
#6781 = DEFINITIONAL_REPRESENTATION('',(#6782),#6790);
#6782 = ( BOUNDED_CURVE() B_SPLINE_CURVE(2,(#6783,#6784,#6785,#6786,
#6787,#6788,#6789),.UNSPECIFIED.,.T.,.F.) B_SPLINE_CURVE_WITH_KNOTS((1,2
    ,2,2,2,1),(-2.094395102393,0.,2.094395102393,4.188790204786,
6.28318530718,8.377580409573),.UNSPECIFIED.) CURVE() 
GEOMETRIC_REPRESENTATION_ITEM() RATIONAL_B_SPLINE_CURVE((1.,0.5,1.,0.5,
1.,0.5,1.)) REPRESENTATION_ITEM('') );
#6783 = CARTESIAN_POINT('',(70.090996565596,94.176454587576));
#6784 = CARTESIAN_POINT('',(99.841488605178,-25.14625164808));
#6785 = CARTESIAN_POINT('',(-18.370252263,8.750419588379));
#6786 = CARTESIAN_POINT('',(-136.5819931311,42.647090824847));
#6787 = CARTESIAN_POINT('',(-48.12074430258,128.07312582404));
#6788 = CARTESIAN_POINT('',(40.340504526014,213.49916082324));
#6789 = CARTESIAN_POINT('',(70.090996565596,94.176454587576));
#6790 = ( GEOMETRIC_REPRESENTATION_CONTEXT(2) 
PARAMETRIC_REPRESENTATION_CONTEXT() REPRESENTATION_CONTEXT('2D SPACE',''
  ) );
#6791 = PCURVE('',#3190,#6792);
#6792 = DEFINITIONAL_REPRESENTATION('',(#6793),#6797);
#6793 = LINE('',#6794,#6795);
#6794 = CARTESIAN_POINT('',(-6.28318530718,-30.5));
#6795 = VECTOR('',#6796,1.);
#6796 = DIRECTION('',(1.,-0.));
#6797 = ( GEOMETRIC_REPRESENTATION_CONTEXT(2) 
PARAMETRIC_REPRESENTATION_CONTEXT() REPRESENTATION_CONTEXT('2D SPACE',''
  ) );
#6798 = ADVANCED_FACE('',(#6799),#1876,.F.);
#6799 = FACE_BOUND('',#6800,.F.);
#6800 = EDGE_LOOP('',(#6801,#6802,#6803,#6826));
#6801 = ORIENTED_EDGE('',*,*,#6750,.F.);
#6802 = ORIENTED_EDGE('',*,*,#1863,.T.);
#6803 = ORIENTED_EDGE('',*,*,#6804,.T.);
#6804 = EDGE_CURVE('',#1831,#6805,#6807,.T.);
#6805 = VERTEX_POINT('',#6806);
#6806 = CARTESIAN_POINT('',(-16.00964624835,-69.17146251889,17.5));
#6807 = SURFACE_CURVE('',#6808,(#6812,#6819),.PCURVE_S1.);
#6808 = LINE('',#6809,#6810);
#6809 = CARTESIAN_POINT('',(-17.46363108964,-75.00307719797,17.5));
#6810 = VECTOR('',#6811,1.);
#6811 = DIRECTION('',(0.2419218956,0.970295726276,0.));
#6812 = PCURVE('',#1876,#6813);
#6813 = DEFINITIONAL_REPRESENTATION('',(#6814),#6818);
#6814 = LINE('',#6815,#6816);
#6815 = CARTESIAN_POINT('',(0.,0.));
#6816 = VECTOR('',#6817,1.);
#6817 = DIRECTION('',(0.,-1.));
#6818 = ( GEOMETRIC_REPRESENTATION_CONTEXT(2) 
PARAMETRIC_REPRESENTATION_CONTEXT() REPRESENTATION_CONTEXT('2D SPACE',''
  ) );
#6819 = PCURVE('',#1847,#6820);
#6820 = DEFINITIONAL_REPRESENTATION('',(#6821),#6825);
#6821 = LINE('',#6822,#6823);
#6822 = CARTESIAN_POINT('',(2.4,6.994405055138E-15));
#6823 = VECTOR('',#6824,1.);
#6824 = DIRECTION('',(0.,1.));
#6825 = ( GEOMETRIC_REPRESENTATION_CONTEXT(2) 
PARAMETRIC_REPRESENTATION_CONTEXT() REPRESENTATION_CONTEXT('2D SPACE',''
  ) );
#6826 = ORIENTED_EDGE('',*,*,#6827,.F.);
#6827 = EDGE_CURVE('',#6751,#6805,#6828,.T.);
#6828 = SURFACE_CURVE('',#6829,(#6833,#6839),.PCURVE_S1.);
#6829 = LINE('',#6830,#6831);
#6830 = CARTESIAN_POINT('',(-16.00964624835,-69.17146251889,2.));
#6831 = VECTOR('',#6832,1.);
#6832 = DIRECTION('',(-0.,-0.,-1.));
#6833 = PCURVE('',#1876,#6834);
#6834 = DEFINITIONAL_REPRESENTATION('',(#6835),#6838);
#6835 = B_SPLINE_CURVE_WITH_KNOTS('',1,(#6836,#6837),.UNSPECIFIED.,.F.,
  .F.,(2,2),(-32.,-14.),.PIECEWISE_BEZIER_KNOTS.);
#6836 = CARTESIAN_POINT('',(16.5,-6.010141569376));
#6837 = CARTESIAN_POINT('',(-1.5,-6.010141569376));
#6838 = ( GEOMETRIC_REPRESENTATION_CONTEXT(2) 
PARAMETRIC_REPRESENTATION_CONTEXT() REPRESENTATION_CONTEXT('2D SPACE',''
  ) );
#6839 = PCURVE('',#3190,#6840);
#6840 = DEFINITIONAL_REPRESENTATION('',(#6841),#6844);
#6841 = B_SPLINE_CURVE_WITH_KNOTS('',1,(#6842,#6843),.UNSPECIFIED.,.F.,
  .F.,(2,2),(-32.,-14.),.PIECEWISE_BEZIER_KNOTS.);
#6842 = CARTESIAN_POINT('',(-4.484945098329,-32.));
#6843 = CARTESIAN_POINT('',(-4.484945098329,-14.));
#6844 = ( GEOMETRIC_REPRESENTATION_CONTEXT(2) 
PARAMETRIC_REPRESENTATION_CONTEXT() REPRESENTATION_CONTEXT('2D SPACE',''
  ) );
#6845 = ADVANCED_FACE('',(#6846),#1819,.T.);
#6846 = FACE_BOUND('',#6847,.T.);
#6847 = EDGE_LOOP('',(#6848,#6849,#6850,#6873));
#6848 = ORIENTED_EDGE('',*,*,#6726,.F.);
#6849 = ORIENTED_EDGE('',*,*,#1804,.T.);
#6850 = ORIENTED_EDGE('',*,*,#6851,.T.);
#6851 = EDGE_CURVE('',#1805,#6852,#6854,.T.);
#6852 = VERTEX_POINT('',#6853);
#6853 = CARTESIAN_POINT('',(-18.33835599142,-68.59084996945,17.5));
#6854 = SURFACE_CURVE('',#6855,(#6859,#6866),.PCURVE_S1.);
#6855 = LINE('',#6856,#6857);
#6856 = CARTESIAN_POINT('',(-19.7923408327,-74.42246464853,17.5));
#6857 = VECTOR('',#6858,1.);
#6858 = DIRECTION('',(0.2419218956,0.970295726276,0.));
#6859 = PCURVE('',#1819,#6860);
#6860 = DEFINITIONAL_REPRESENTATION('',(#6861),#6865);
#6861 = LINE('',#6862,#6863);
#6862 = CARTESIAN_POINT('',(0.,0.));
#6863 = VECTOR('',#6864,1.);
#6864 = DIRECTION('',(0.,-1.));
#6865 = ( GEOMETRIC_REPRESENTATION_CONTEXT(2) 
PARAMETRIC_REPRESENTATION_CONTEXT() REPRESENTATION_CONTEXT('2D SPACE',''
  ) );
#6866 = PCURVE('',#1847,#6867);
#6867 = DEFINITIONAL_REPRESENTATION('',(#6868),#6872);
#6868 = LINE('',#6869,#6870);
#6869 = CARTESIAN_POINT('',(0.,0.));
#6870 = VECTOR('',#6871,1.);
#6871 = DIRECTION('',(0.,1.));
#6872 = ( GEOMETRIC_REPRESENTATION_CONTEXT(2) 
PARAMETRIC_REPRESENTATION_CONTEXT() REPRESENTATION_CONTEXT('2D SPACE',''
  ) );
#6873 = ORIENTED_EDGE('',*,*,#6874,.F.);
#6874 = EDGE_CURVE('',#6727,#6852,#6875,.T.);
#6875 = SURFACE_CURVE('',#6876,(#6880,#6886),.PCURVE_S1.);
#6876 = LINE('',#6877,#6878);
#6877 = CARTESIAN_POINT('',(-18.33835599142,-68.59084996945,2.));
#6878 = VECTOR('',#6879,1.);
#6879 = DIRECTION('',(-0.,-0.,-1.));
#6880 = PCURVE('',#1819,#6881);
#6881 = DEFINITIONAL_REPRESENTATION('',(#6882),#6885);
#6882 = B_SPLINE_CURVE_WITH_KNOTS('',1,(#6883,#6884),.UNSPECIFIED.,.F.,
  .F.,(2,2),(-32.,-14.),.PIECEWISE_BEZIER_KNOTS.);
#6883 = CARTESIAN_POINT('',(16.5,-6.010141569376));
#6884 = CARTESIAN_POINT('',(-1.5,-6.010141569376));
#6885 = ( GEOMETRIC_REPRESENTATION_CONTEXT(2) 
PARAMETRIC_REPRESENTATION_CONTEXT() REPRESENTATION_CONTEXT('2D SPACE',''
  ) );
#6886 = PCURVE('',#3190,#6887);
#6887 = DEFINITIONAL_REPRESENTATION('',(#6888),#6891);
#6888 = B_SPLINE_CURVE_WITH_KNOTS('',1,(#6889,#6890),.UNSPECIFIED.,.F.,
  .F.,(2,2),(-32.,-14.),.PIECEWISE_BEZIER_KNOTS.);
#6889 = CARTESIAN_POINT('',(-4.451140671882,-32.));
#6890 = CARTESIAN_POINT('',(-4.451140671882,-14.));
#6891 = ( GEOMETRIC_REPRESENTATION_CONTEXT(2) 
PARAMETRIC_REPRESENTATION_CONTEXT() REPRESENTATION_CONTEXT('2D SPACE',''
  ) );
#6892 = ADVANCED_FACE('',(#6893),#1847,.T.);
#6893 = FACE_BOUND('',#6894,.T.);
#6894 = EDGE_LOOP('',(#6895,#6896,#6897,#6898));
#6895 = ORIENTED_EDGE('',*,*,#6851,.F.);
#6896 = ORIENTED_EDGE('',*,*,#1830,.F.);
#6897 = ORIENTED_EDGE('',*,*,#6804,.T.);
#6898 = ORIENTED_EDGE('',*,*,#6899,.T.);
#6899 = EDGE_CURVE('',#6805,#6852,#6900,.T.);
#6900 = SURFACE_CURVE('',#6901,(#6906,#6917),.PCURVE_S1.);
#6901 = CIRCLE('',#6902,71.);
#6902 = AXIS2_PLACEMENT_3D('',#6903,#6904,#6905);
#6903 = CARTESIAN_POINT('',(0.,0.,17.5));
#6904 = DIRECTION('',(0.,0.,-1.));
#6905 = DIRECTION('',(1.,0.,0.));
#6906 = PCURVE('',#1847,#6907);
#6907 = DEFINITIONAL_REPRESENTATION('',(#6908),#6916);
#6908 = ( BOUNDED_CURVE() B_SPLINE_CURVE(2,(#6909,#6910,#6911,#6912,
#6913,#6914,#6915),.UNSPECIFIED.,.T.,.F.) B_SPLINE_CURVE_WITH_KNOTS((1,2
    ,2,2,2,1),(-2.094395102393,0.,2.094395102393,4.188790204786,
6.28318530718,8.377580409573),.UNSPECIFIED.) CURVE() 
GEOMETRIC_REPRESENTATION_ITEM() RATIONAL_B_SPLINE_CURVE((1.,0.5,1.,0.5,
1.,0.5,1.)) REPRESENTATION_ITEM('') );
#6909 = CARTESIAN_POINT('',(70.090996565596,94.176454587576));
#6910 = CARTESIAN_POINT('',(99.841488605178,-25.14625164808));
#6911 = CARTESIAN_POINT('',(-18.370252263,8.750419588379));
#6912 = CARTESIAN_POINT('',(-136.5819931311,42.647090824847));
#6913 = CARTESIAN_POINT('',(-48.12074430258,128.07312582404));
#6914 = CARTESIAN_POINT('',(40.340504526014,213.49916082324));
#6915 = CARTESIAN_POINT('',(70.090996565596,94.176454587576));
#6916 = ( GEOMETRIC_REPRESENTATION_CONTEXT(2) 
PARAMETRIC_REPRESENTATION_CONTEXT() REPRESENTATION_CONTEXT('2D SPACE',''
  ) );
#6917 = PCURVE('',#3190,#6918);
#6918 = DEFINITIONAL_REPRESENTATION('',(#6919),#6923);
#6919 = LINE('',#6920,#6921);
#6920 = CARTESIAN_POINT('',(-6.28318530718,-15.5));
#6921 = VECTOR('',#6922,1.);
#6922 = DIRECTION('',(1.,-0.));
#6923 = ( GEOMETRIC_REPRESENTATION_CONTEXT(2) 
PARAMETRIC_REPRESENTATION_CONTEXT() REPRESENTATION_CONTEXT('2D SPACE',''
  ) );
#6924 = ADVANCED_FACE('',(#6925),#1908,.F.);
#6925 = FACE_BOUND('',#6926,.F.);
#6926 = EDGE_LOOP('',(#6927,#6950,#6951,#6974));
#6927 = ORIENTED_EDGE('',*,*,#6928,.F.);
#6928 = EDGE_CURVE('',#1892,#6929,#6931,.T.);
#6929 = VERTEX_POINT('',#6930);
#6930 = CARTESIAN_POINT('',(-1.2,-70.98985843062,32.5));
#6931 = SURFACE_CURVE('',#6932,(#6936,#6943),.PCURVE_S1.);
#6932 = LINE('',#6933,#6934);
#6933 = CARTESIAN_POINT('',(-1.2,-77.,32.5));
#6934 = VECTOR('',#6935,1.);
#6935 = DIRECTION('',(0.,1.,0.));
#6936 = PCURVE('',#1908,#6937);
#6937 = DEFINITIONAL_REPRESENTATION('',(#6938),#6942);
#6938 = LINE('',#6939,#6940);
#6939 = CARTESIAN_POINT('',(0.,0.));
#6940 = VECTOR('',#6941,1.);
#6941 = DIRECTION('',(0.,1.));
#6942 = ( GEOMETRIC_REPRESENTATION_CONTEXT(2) 
PARAMETRIC_REPRESENTATION_CONTEXT() REPRESENTATION_CONTEXT('2D SPACE',''
  ) );
#6943 = PCURVE('',#1939,#6944);
#6944 = DEFINITIONAL_REPRESENTATION('',(#6945),#6949);
#6945 = LINE('',#6946,#6947);
#6946 = CARTESIAN_POINT('',(15.,0.));
#6947 = VECTOR('',#6948,1.);
#6948 = DIRECTION('',(0.,-1.));
#6949 = ( GEOMETRIC_REPRESENTATION_CONTEXT(2) 
PARAMETRIC_REPRESENTATION_CONTEXT() REPRESENTATION_CONTEXT('2D SPACE',''
  ) );
#6950 = ORIENTED_EDGE('',*,*,#1889,.F.);
#6951 = ORIENTED_EDGE('',*,*,#6952,.T.);
#6952 = EDGE_CURVE('',#1890,#6953,#6955,.T.);
#6953 = VERTEX_POINT('',#6954);
#6954 = CARTESIAN_POINT('',(1.2,-70.98985843062,32.5));
#6955 = SURFACE_CURVE('',#6956,(#6960,#6967),.PCURVE_S1.);
#6956 = LINE('',#6957,#6958);
#6957 = CARTESIAN_POINT('',(1.2,-77.,32.5));
#6958 = VECTOR('',#6959,1.);
#6959 = DIRECTION('',(0.,1.,0.));
#6960 = PCURVE('',#1908,#6961);
#6961 = DEFINITIONAL_REPRESENTATION('',(#6962),#6966);
#6962 = LINE('',#6963,#6964);
#6963 = CARTESIAN_POINT('',(2.4,0.));
#6964 = VECTOR('',#6965,1.);
#6965 = DIRECTION('',(0.,1.));
#6966 = ( GEOMETRIC_REPRESENTATION_CONTEXT(2) 
PARAMETRIC_REPRESENTATION_CONTEXT() REPRESENTATION_CONTEXT('2D SPACE',''
  ) );
#6967 = PCURVE('',#1996,#6968);
#6968 = DEFINITIONAL_REPRESENTATION('',(#6969),#6973);
#6969 = LINE('',#6970,#6971);
#6970 = CARTESIAN_POINT('',(15.,0.));
#6971 = VECTOR('',#6972,1.);
#6972 = DIRECTION('',(0.,-1.));
#6973 = ( GEOMETRIC_REPRESENTATION_CONTEXT(2) 
PARAMETRIC_REPRESENTATION_CONTEXT() REPRESENTATION_CONTEXT('2D SPACE',''
  ) );
#6974 = ORIENTED_EDGE('',*,*,#6975,.T.);
#6975 = EDGE_CURVE('',#6953,#6929,#6976,.T.);
#6976 = SURFACE_CURVE('',#6977,(#6982,#6993),.PCURVE_S1.);
#6977 = CIRCLE('',#6978,71.);
#6978 = AXIS2_PLACEMENT_3D('',#6979,#6980,#6981);
#6979 = CARTESIAN_POINT('',(0.,0.,32.5));
#6980 = DIRECTION('',(0.,0.,-1.));
#6981 = DIRECTION('',(1.,0.,0.));
#6982 = PCURVE('',#1908,#6983);
#6983 = DEFINITIONAL_REPRESENTATION('',(#6984),#6992);
#6984 = ( BOUNDED_CURVE() B_SPLINE_CURVE(2,(#6985,#6986,#6987,#6988,
#6989,#6990,#6991),.UNSPECIFIED.,.T.,.F.) B_SPLINE_CURVE_WITH_KNOTS((1,2
    ,2,2,2,1),(-2.094395102393,0.,2.094395102393,4.188790204786,
6.28318530718,8.377580409573),.UNSPECIFIED.) CURVE() 
GEOMETRIC_REPRESENTATION_ITEM() RATIONAL_B_SPLINE_CURVE((1.,0.5,1.,0.5,
1.,0.5,1.)) REPRESENTATION_ITEM('') );
#6985 = CARTESIAN_POINT('',(72.2,77.));
#6986 = CARTESIAN_POINT('',(72.2,-45.97560733739));
#6987 = CARTESIAN_POINT('',(-34.3,15.512196331305));
#6988 = CARTESIAN_POINT('',(-140.8,77.));
#6989 = CARTESIAN_POINT('',(-34.3,138.48780366869));
#6990 = CARTESIAN_POINT('',(72.2,199.97560733739));
#6991 = CARTESIAN_POINT('',(72.2,77.));
#6992 = ( GEOMETRIC_REPRESENTATION_CONTEXT(2) 
PARAMETRIC_REPRESENTATION_CONTEXT() REPRESENTATION_CONTEXT('2D SPACE',''
  ) );
#6993 = PCURVE('',#3190,#6994);
#6994 = DEFINITIONAL_REPRESENTATION('',(#6995),#6999);
#6995 = LINE('',#6996,#6997);
#6996 = CARTESIAN_POINT('',(-6.28318530718,-30.5));
#6997 = VECTOR('',#6998,1.);
#6998 = DIRECTION('',(1.,-0.));
#6999 = ( GEOMETRIC_REPRESENTATION_CONTEXT(2) 
PARAMETRIC_REPRESENTATION_CONTEXT() REPRESENTATION_CONTEXT('2D SPACE',''
  ) );
#7000 = ADVANCED_FACE('',(#7001),#1996,.F.);
#7001 = FACE_BOUND('',#7002,.F.);
#7002 = EDGE_LOOP('',(#7003,#7004,#7005,#7028));
#7003 = ORIENTED_EDGE('',*,*,#6952,.F.);
#7004 = ORIENTED_EDGE('',*,*,#1983,.T.);
#7005 = ORIENTED_EDGE('',*,*,#7006,.T.);
#7006 = EDGE_CURVE('',#1951,#7007,#7009,.T.);
#7007 = VERTEX_POINT('',#7008);
#7008 = CARTESIAN_POINT('',(1.2,-70.98985843062,17.5));
#7009 = SURFACE_CURVE('',#7010,(#7014,#7021),.PCURVE_S1.);
#7010 = LINE('',#7011,#7012);
#7011 = CARTESIAN_POINT('',(1.2,-77.,17.5));
#7012 = VECTOR('',#7013,1.);
#7013 = DIRECTION('',(0.,1.,0.));
#7014 = PCURVE('',#1996,#7015);
#7015 = DEFINITIONAL_REPRESENTATION('',(#7016),#7020);
#7016 = LINE('',#7017,#7018);
#7017 = CARTESIAN_POINT('',(0.,0.));
#7018 = VECTOR('',#7019,1.);
#7019 = DIRECTION('',(0.,-1.));
#7020 = ( GEOMETRIC_REPRESENTATION_CONTEXT(2) 
PARAMETRIC_REPRESENTATION_CONTEXT() REPRESENTATION_CONTEXT('2D SPACE',''
  ) );
#7021 = PCURVE('',#1967,#7022);
#7022 = DEFINITIONAL_REPRESENTATION('',(#7023),#7027);
#7023 = LINE('',#7024,#7025);
#7024 = CARTESIAN_POINT('',(2.4,0.));
#7025 = VECTOR('',#7026,1.);
#7026 = DIRECTION('',(0.,1.));
#7027 = ( GEOMETRIC_REPRESENTATION_CONTEXT(2) 
PARAMETRIC_REPRESENTATION_CONTEXT() REPRESENTATION_CONTEXT('2D SPACE',''
  ) );
#7028 = ORIENTED_EDGE('',*,*,#7029,.F.);
#7029 = EDGE_CURVE('',#6953,#7007,#7030,.T.);
#7030 = SURFACE_CURVE('',#7031,(#7035,#7041),.PCURVE_S1.);
#7031 = LINE('',#7032,#7033);
#7032 = CARTESIAN_POINT('',(1.2,-70.98985843062,2.));
#7033 = VECTOR('',#7034,1.);
#7034 = DIRECTION('',(-0.,-0.,-1.));
#7035 = PCURVE('',#1996,#7036);
#7036 = DEFINITIONAL_REPRESENTATION('',(#7037),#7040);
#7037 = B_SPLINE_CURVE_WITH_KNOTS('',1,(#7038,#7039),.UNSPECIFIED.,.F.,
  .F.,(2,2),(-32.,-14.),.PIECEWISE_BEZIER_KNOTS.);
#7038 = CARTESIAN_POINT('',(16.5,-6.010141569376));
#7039 = CARTESIAN_POINT('',(-1.5,-6.010141569376));
#7040 = ( GEOMETRIC_REPRESENTATION_CONTEXT(2) 
PARAMETRIC_REPRESENTATION_CONTEXT() REPRESENTATION_CONTEXT('2D SPACE',''
  ) );
#7041 = PCURVE('',#3190,#7042);
#7042 = DEFINITIONAL_REPRESENTATION('',(#7043),#7046);
#7043 = B_SPLINE_CURVE_WITH_KNOTS('',1,(#7044,#7045),.UNSPECIFIED.,.F.,
  .F.,(2,2),(-32.,-14.),.PIECEWISE_BEZIER_KNOTS.);
#7044 = CARTESIAN_POINT('',(-4.729291193608,-32.));
#7045 = CARTESIAN_POINT('',(-4.729291193608,-14.));
#7046 = ( GEOMETRIC_REPRESENTATION_CONTEXT(2) 
PARAMETRIC_REPRESENTATION_CONTEXT() REPRESENTATION_CONTEXT('2D SPACE',''
  ) );
#7047 = ADVANCED_FACE('',(#7048),#1939,.T.);
#7048 = FACE_BOUND('',#7049,.T.);
#7049 = EDGE_LOOP('',(#7050,#7051,#7052,#7075));
#7050 = ORIENTED_EDGE('',*,*,#6928,.F.);
#7051 = ORIENTED_EDGE('',*,*,#1924,.T.);
#7052 = ORIENTED_EDGE('',*,*,#7053,.T.);
#7053 = EDGE_CURVE('',#1925,#7054,#7056,.T.);
#7054 = VERTEX_POINT('',#7055);
#7055 = CARTESIAN_POINT('',(-1.2,-70.98985843062,17.5));
#7056 = SURFACE_CURVE('',#7057,(#7061,#7068),.PCURVE_S1.);
#7057 = LINE('',#7058,#7059);
#7058 = CARTESIAN_POINT('',(-1.2,-77.,17.5));
#7059 = VECTOR('',#7060,1.);
#7060 = DIRECTION('',(0.,1.,0.));
#7061 = PCURVE('',#1939,#7062);
#7062 = DEFINITIONAL_REPRESENTATION('',(#7063),#7067);
#7063 = LINE('',#7064,#7065);
#7064 = CARTESIAN_POINT('',(0.,0.));
#7065 = VECTOR('',#7066,1.);
#7066 = DIRECTION('',(0.,-1.));
#7067 = ( GEOMETRIC_REPRESENTATION_CONTEXT(2) 
PARAMETRIC_REPRESENTATION_CONTEXT() REPRESENTATION_CONTEXT('2D SPACE',''
  ) );
#7068 = PCURVE('',#1967,#7069);
#7069 = DEFINITIONAL_REPRESENTATION('',(#7070),#7074);
#7070 = LINE('',#7071,#7072);
#7071 = CARTESIAN_POINT('',(0.,0.));
#7072 = VECTOR('',#7073,1.);
#7073 = DIRECTION('',(0.,1.));
#7074 = ( GEOMETRIC_REPRESENTATION_CONTEXT(2) 
PARAMETRIC_REPRESENTATION_CONTEXT() REPRESENTATION_CONTEXT('2D SPACE',''
  ) );
#7075 = ORIENTED_EDGE('',*,*,#7076,.F.);
#7076 = EDGE_CURVE('',#6929,#7054,#7077,.T.);
#7077 = SURFACE_CURVE('',#7078,(#7082,#7088),.PCURVE_S1.);
#7078 = LINE('',#7079,#7080);
#7079 = CARTESIAN_POINT('',(-1.2,-70.98985843062,2.));
#7080 = VECTOR('',#7081,1.);
#7081 = DIRECTION('',(-0.,-0.,-1.));
#7082 = PCURVE('',#1939,#7083);
#7083 = DEFINITIONAL_REPRESENTATION('',(#7084),#7087);
#7084 = B_SPLINE_CURVE_WITH_KNOTS('',1,(#7085,#7086),.UNSPECIFIED.,.F.,
  .F.,(2,2),(-32.,-14.),.PIECEWISE_BEZIER_KNOTS.);
#7085 = CARTESIAN_POINT('',(16.5,-6.010141569376));
#7086 = CARTESIAN_POINT('',(-1.5,-6.010141569376));
#7087 = ( GEOMETRIC_REPRESENTATION_CONTEXT(2) 
PARAMETRIC_REPRESENTATION_CONTEXT() REPRESENTATION_CONTEXT('2D SPACE',''
  ) );
#7088 = PCURVE('',#3190,#7089);
#7089 = DEFINITIONAL_REPRESENTATION('',(#7090),#7093);
#7090 = B_SPLINE_CURVE_WITH_KNOTS('',1,(#7091,#7092),.UNSPECIFIED.,.F.,
  .F.,(2,2),(-32.,-14.),.PIECEWISE_BEZIER_KNOTS.);
#7091 = CARTESIAN_POINT('',(-4.695486767161,-32.));
#7092 = CARTESIAN_POINT('',(-4.695486767161,-14.));
#7093 = ( GEOMETRIC_REPRESENTATION_CONTEXT(2) 
PARAMETRIC_REPRESENTATION_CONTEXT() REPRESENTATION_CONTEXT('2D SPACE',''
  ) );
#7094 = ADVANCED_FACE('',(#7095),#1967,.T.);
#7095 = FACE_BOUND('',#7096,.T.);
#7096 = EDGE_LOOP('',(#7097,#7098,#7099,#7100));
#7097 = ORIENTED_EDGE('',*,*,#7053,.F.);
#7098 = ORIENTED_EDGE('',*,*,#1950,.F.);
#7099 = ORIENTED_EDGE('',*,*,#7006,.T.);
#7100 = ORIENTED_EDGE('',*,*,#7101,.T.);
#7101 = EDGE_CURVE('',#7007,#7054,#7102,.T.);
#7102 = SURFACE_CURVE('',#7103,(#7108,#7119),.PCURVE_S1.);
#7103 = CIRCLE('',#7104,71.);
#7104 = AXIS2_PLACEMENT_3D('',#7105,#7106,#7107);
#7105 = CARTESIAN_POINT('',(0.,0.,17.5));
#7106 = DIRECTION('',(0.,0.,-1.));
#7107 = DIRECTION('',(1.,0.,0.));
#7108 = PCURVE('',#1967,#7109);
#7109 = DEFINITIONAL_REPRESENTATION('',(#7110),#7118);
#7110 = ( BOUNDED_CURVE() B_SPLINE_CURVE(2,(#7111,#7112,#7113,#7114,
#7115,#7116,#7117),.UNSPECIFIED.,.T.,.F.) B_SPLINE_CURVE_WITH_KNOTS((1,2
    ,2,2,2,1),(-2.094395102393,0.,2.094395102393,4.188790204786,
6.28318530718,8.377580409573),.UNSPECIFIED.) CURVE() 
GEOMETRIC_REPRESENTATION_ITEM() RATIONAL_B_SPLINE_CURVE((1.,0.5,1.,0.5,
1.,0.5,1.)) REPRESENTATION_ITEM('') );
#7111 = CARTESIAN_POINT('',(72.2,77.));
#7112 = CARTESIAN_POINT('',(72.2,-45.97560733739));
#7113 = CARTESIAN_POINT('',(-34.3,15.512196331305));
#7114 = CARTESIAN_POINT('',(-140.8,77.));
#7115 = CARTESIAN_POINT('',(-34.3,138.48780366869));
#7116 = CARTESIAN_POINT('',(72.2,199.97560733739));
#7117 = CARTESIAN_POINT('',(72.2,77.));
#7118 = ( GEOMETRIC_REPRESENTATION_CONTEXT(2) 
PARAMETRIC_REPRESENTATION_CONTEXT() REPRESENTATION_CONTEXT('2D SPACE',''
  ) );
#7119 = PCURVE('',#3190,#7120);
#7120 = DEFINITIONAL_REPRESENTATION('',(#7121),#7125);
#7121 = LINE('',#7122,#7123);
#7122 = CARTESIAN_POINT('',(-6.28318530718,-15.5));
#7123 = VECTOR('',#7124,1.);
#7124 = DIRECTION('',(1.,-0.));
#7125 = ( GEOMETRIC_REPRESENTATION_CONTEXT(2) 
PARAMETRIC_REPRESENTATION_CONTEXT() REPRESENTATION_CONTEXT('2D SPACE',''
  ) );
#7126 = ADVANCED_FACE('',(#7127),#2028,.F.);
#7127 = FACE_BOUND('',#7128,.F.);
#7128 = EDGE_LOOP('',(#7129,#7152,#7153,#7176));
#7129 = ORIENTED_EDGE('',*,*,#7130,.F.);
#7130 = EDGE_CURVE('',#2012,#7131,#7133,.T.);
#7131 = VERTEX_POINT('',#7132);
#7132 = CARTESIAN_POINT('',(16.009646248357,-69.17146251889,32.5));
#7133 = SURFACE_CURVE('',#7134,(#7138,#7145),.PCURVE_S1.);
#7134 = LINE('',#7135,#7136);
#7135 = CARTESIAN_POINT('',(17.463631089643,-75.00307719797,32.5));
#7136 = VECTOR('',#7137,1.);
#7137 = DIRECTION('',(-0.2419218956,0.970295726276,0.));
#7138 = PCURVE('',#2028,#7139);
#7139 = DEFINITIONAL_REPRESENTATION('',(#7140),#7144);
#7140 = LINE('',#7141,#7142);
#7141 = CARTESIAN_POINT('',(0.,0.));
#7142 = VECTOR('',#7143,1.);
#7143 = DIRECTION('',(0.,1.));
#7144 = ( GEOMETRIC_REPRESENTATION_CONTEXT(2) 
PARAMETRIC_REPRESENTATION_CONTEXT() REPRESENTATION_CONTEXT('2D SPACE',''
  ) );
#7145 = PCURVE('',#2059,#7146);
#7146 = DEFINITIONAL_REPRESENTATION('',(#7147),#7151);
#7147 = LINE('',#7148,#7149);
#7148 = CARTESIAN_POINT('',(15.,0.));
#7149 = VECTOR('',#7150,1.);
#7150 = DIRECTION('',(0.,-1.));
#7151 = ( GEOMETRIC_REPRESENTATION_CONTEXT(2) 
PARAMETRIC_REPRESENTATION_CONTEXT() REPRESENTATION_CONTEXT('2D SPACE',''
  ) );
#7152 = ORIENTED_EDGE('',*,*,#2009,.F.);
#7153 = ORIENTED_EDGE('',*,*,#7154,.T.);
#7154 = EDGE_CURVE('',#2010,#7155,#7157,.T.);
#7155 = VERTEX_POINT('',#7156);
#7156 = CARTESIAN_POINT('',(18.33835599142,-68.59084996945,32.5));
#7157 = SURFACE_CURVE('',#7158,(#7162,#7169),.PCURVE_S1.);
#7158 = LINE('',#7159,#7160);
#7159 = CARTESIAN_POINT('',(19.792340832706,-74.42246464853,32.5));
#7160 = VECTOR('',#7161,1.);
#7161 = DIRECTION('',(-0.2419218956,0.970295726276,0.));
#7162 = PCURVE('',#2028,#7163);
#7163 = DEFINITIONAL_REPRESENTATION('',(#7164),#7168);
#7164 = LINE('',#7165,#7166);
#7165 = CARTESIAN_POINT('',(2.4,-6.994405055138E-15));
#7166 = VECTOR('',#7167,1.);
#7167 = DIRECTION('',(0.,1.));
#7168 = ( GEOMETRIC_REPRESENTATION_CONTEXT(2) 
PARAMETRIC_REPRESENTATION_CONTEXT() REPRESENTATION_CONTEXT('2D SPACE',''
  ) );
#7169 = PCURVE('',#2116,#7170);
#7170 = DEFINITIONAL_REPRESENTATION('',(#7171),#7175);
#7171 = LINE('',#7172,#7173);
#7172 = CARTESIAN_POINT('',(15.,0.));
#7173 = VECTOR('',#7174,1.);
#7174 = DIRECTION('',(0.,-1.));
#7175 = ( GEOMETRIC_REPRESENTATION_CONTEXT(2) 
PARAMETRIC_REPRESENTATION_CONTEXT() REPRESENTATION_CONTEXT('2D SPACE',''
  ) );
#7176 = ORIENTED_EDGE('',*,*,#7177,.T.);
#7177 = EDGE_CURVE('',#7155,#7131,#7178,.T.);
#7178 = SURFACE_CURVE('',#7179,(#7184,#7195),.PCURVE_S1.);
#7179 = CIRCLE('',#7180,71.);
#7180 = AXIS2_PLACEMENT_3D('',#7181,#7182,#7183);
#7181 = CARTESIAN_POINT('',(0.,0.,32.5));
#7182 = DIRECTION('',(0.,0.,-1.));
#7183 = DIRECTION('',(1.,0.,0.));
#7184 = PCURVE('',#2028,#7185);
#7185 = DEFINITIONAL_REPRESENTATION('',(#7186),#7194);
#7186 = ( BOUNDED_CURVE() B_SPLINE_CURVE(2,(#7187,#7188,#7189,#7190,
#7191,#7192,#7193),.UNSPECIFIED.,.T.,.F.) B_SPLINE_CURVE_WITH_KNOTS((1,2
    ,2,2,2,1),(-2.094395102393,0.,2.094395102393,4.188790204786,
6.28318530718,8.377580409573),.UNSPECIFIED.) CURVE() 
GEOMETRIC_REPRESENTATION_ITEM() RATIONAL_B_SPLINE_CURVE((1.,0.5,1.,0.5,
1.,0.5,1.)) REPRESENTATION_ITEM('') );
#7187 = CARTESIAN_POINT('',(70.090996565596,59.823545412424));
#7188 = CARTESIAN_POINT('',(40.340504526014,-59.49916082324));
#7189 = CARTESIAN_POINT('',(-48.12074430258,25.926874175956));
#7190 = CARTESIAN_POINT('',(-136.5819931311,111.35290917515));
#7191 = CARTESIAN_POINT('',(-18.370252263,145.24958041162));
#7192 = CARTESIAN_POINT('',(99.841488605178,179.14625164808));
#7193 = CARTESIAN_POINT('',(70.090996565596,59.823545412424));
#7194 = ( GEOMETRIC_REPRESENTATION_CONTEXT(2) 
PARAMETRIC_REPRESENTATION_CONTEXT() REPRESENTATION_CONTEXT('2D SPACE',''
  ) );
#7195 = PCURVE('',#3190,#7196);
#7196 = DEFINITIONAL_REPRESENTATION('',(#7197),#7201);
#7197 = LINE('',#7198,#7199);
#7198 = CARTESIAN_POINT('',(-6.28318530718,-30.5));
#7199 = VECTOR('',#7200,1.);
#7200 = DIRECTION('',(1.,-0.));
#7201 = ( GEOMETRIC_REPRESENTATION_CONTEXT(2) 
PARAMETRIC_REPRESENTATION_CONTEXT() REPRESENTATION_CONTEXT('2D SPACE',''
  ) );
#7202 = ADVANCED_FACE('',(#7203),#2116,.F.);
#7203 = FACE_BOUND('',#7204,.F.);
#7204 = EDGE_LOOP('',(#7205,#7206,#7207,#7230));
#7205 = ORIENTED_EDGE('',*,*,#7154,.F.);
#7206 = ORIENTED_EDGE('',*,*,#2103,.T.);
#7207 = ORIENTED_EDGE('',*,*,#7208,.T.);
#7208 = EDGE_CURVE('',#2071,#7209,#7211,.T.);
#7209 = VERTEX_POINT('',#7210);
#7210 = CARTESIAN_POINT('',(18.33835599142,-68.59084996945,17.5));
#7211 = SURFACE_CURVE('',#7212,(#7216,#7223),.PCURVE_S1.);
#7212 = LINE('',#7213,#7214);
#7213 = CARTESIAN_POINT('',(19.792340832706,-74.42246464853,17.5));
#7214 = VECTOR('',#7215,1.);
#7215 = DIRECTION('',(-0.2419218956,0.970295726276,0.));
#7216 = PCURVE('',#2116,#7217);
#7217 = DEFINITIONAL_REPRESENTATION('',(#7218),#7222);
#7218 = LINE('',#7219,#7220);
#7219 = CARTESIAN_POINT('',(0.,0.));
#7220 = VECTOR('',#7221,1.);
#7221 = DIRECTION('',(0.,-1.));
#7222 = ( GEOMETRIC_REPRESENTATION_CONTEXT(2) 
PARAMETRIC_REPRESENTATION_CONTEXT() REPRESENTATION_CONTEXT('2D SPACE',''
  ) );
#7223 = PCURVE('',#2087,#7224);
#7224 = DEFINITIONAL_REPRESENTATION('',(#7225),#7229);
#7225 = LINE('',#7226,#7227);
#7226 = CARTESIAN_POINT('',(2.4,-6.994405055138E-15));
#7227 = VECTOR('',#7228,1.);
#7228 = DIRECTION('',(0.,1.));
#7229 = ( GEOMETRIC_REPRESENTATION_CONTEXT(2) 
PARAMETRIC_REPRESENTATION_CONTEXT() REPRESENTATION_CONTEXT('2D SPACE',''
  ) );
#7230 = ORIENTED_EDGE('',*,*,#7231,.F.);
#7231 = EDGE_CURVE('',#7155,#7209,#7232,.T.);
#7232 = SURFACE_CURVE('',#7233,(#7237,#7243),.PCURVE_S1.);
#7233 = LINE('',#7234,#7235);
#7234 = CARTESIAN_POINT('',(18.33835599142,-68.59084996945,2.));
#7235 = VECTOR('',#7236,1.);
#7236 = DIRECTION('',(-0.,-0.,-1.));
#7237 = PCURVE('',#2116,#7238);
#7238 = DEFINITIONAL_REPRESENTATION('',(#7239),#7242);
#7239 = B_SPLINE_CURVE_WITH_KNOTS('',1,(#7240,#7241),.UNSPECIFIED.,.F.,
  .F.,(2,2),(-32.,-14.),.PIECEWISE_BEZIER_KNOTS.);
#7240 = CARTESIAN_POINT('',(16.5,-6.010141569376));
#7241 = CARTESIAN_POINT('',(-1.5,-6.010141569376));
#7242 = ( GEOMETRIC_REPRESENTATION_CONTEXT(2) 
PARAMETRIC_REPRESENTATION_CONTEXT() REPRESENTATION_CONTEXT('2D SPACE',''
  ) );
#7243 = PCURVE('',#3190,#7244);
#7244 = DEFINITIONAL_REPRESENTATION('',(#7245),#7248);
#7245 = B_SPLINE_CURVE_WITH_KNOTS('',1,(#7246,#7247),.UNSPECIFIED.,.F.,
  .F.,(2,2),(-32.,-14.),.PIECEWISE_BEZIER_KNOTS.);
#7246 = CARTESIAN_POINT('',(-4.973637288887,-32.));
#7247 = CARTESIAN_POINT('',(-4.973637288887,-14.));
#7248 = ( GEOMETRIC_REPRESENTATION_CONTEXT(2) 
PARAMETRIC_REPRESENTATION_CONTEXT() REPRESENTATION_CONTEXT('2D SPACE',''
  ) );
#7249 = ADVANCED_FACE('',(#7250),#2059,.T.);
#7250 = FACE_BOUND('',#7251,.T.);
#7251 = EDGE_LOOP('',(#7252,#7253,#7254,#7277));
#7252 = ORIENTED_EDGE('',*,*,#7130,.F.);
#7253 = ORIENTED_EDGE('',*,*,#2044,.T.);
#7254 = ORIENTED_EDGE('',*,*,#7255,.T.);
#7255 = EDGE_CURVE('',#2045,#7256,#7258,.T.);
#7256 = VERTEX_POINT('',#7257);
#7257 = CARTESIAN_POINT('',(16.009646248357,-69.17146251889,17.5));
#7258 = SURFACE_CURVE('',#7259,(#7263,#7270),.PCURVE_S1.);
#7259 = LINE('',#7260,#7261);
#7260 = CARTESIAN_POINT('',(17.463631089643,-75.00307719797,17.5));
#7261 = VECTOR('',#7262,1.);
#7262 = DIRECTION('',(-0.2419218956,0.970295726276,0.));
#7263 = PCURVE('',#2059,#7264);
#7264 = DEFINITIONAL_REPRESENTATION('',(#7265),#7269);
#7265 = LINE('',#7266,#7267);
#7266 = CARTESIAN_POINT('',(0.,0.));
#7267 = VECTOR('',#7268,1.);
#7268 = DIRECTION('',(0.,-1.));
#7269 = ( GEOMETRIC_REPRESENTATION_CONTEXT(2) 
PARAMETRIC_REPRESENTATION_CONTEXT() REPRESENTATION_CONTEXT('2D SPACE',''
  ) );
#7270 = PCURVE('',#2087,#7271);
#7271 = DEFINITIONAL_REPRESENTATION('',(#7272),#7276);
#7272 = LINE('',#7273,#7274);
#7273 = CARTESIAN_POINT('',(0.,0.));
#7274 = VECTOR('',#7275,1.);
#7275 = DIRECTION('',(0.,1.));
#7276 = ( GEOMETRIC_REPRESENTATION_CONTEXT(2) 
PARAMETRIC_REPRESENTATION_CONTEXT() REPRESENTATION_CONTEXT('2D SPACE',''
  ) );
#7277 = ORIENTED_EDGE('',*,*,#7278,.F.);
#7278 = EDGE_CURVE('',#7131,#7256,#7279,.T.);
#7279 = SURFACE_CURVE('',#7280,(#7284,#7290),.PCURVE_S1.);
#7280 = LINE('',#7281,#7282);
#7281 = CARTESIAN_POINT('',(16.009646248357,-69.17146251889,2.));
#7282 = VECTOR('',#7283,1.);
#7283 = DIRECTION('',(-0.,-0.,-1.));
#7284 = PCURVE('',#2059,#7285);
#7285 = DEFINITIONAL_REPRESENTATION('',(#7286),#7289);
#7286 = B_SPLINE_CURVE_WITH_KNOTS('',1,(#7287,#7288),.UNSPECIFIED.,.F.,
  .F.,(2,2),(-32.,-14.),.PIECEWISE_BEZIER_KNOTS.);
#7287 = CARTESIAN_POINT('',(16.5,-6.010141569376));
#7288 = CARTESIAN_POINT('',(-1.5,-6.010141569376));
#7289 = ( GEOMETRIC_REPRESENTATION_CONTEXT(2) 
PARAMETRIC_REPRESENTATION_CONTEXT() REPRESENTATION_CONTEXT('2D SPACE',''
  ) );
#7290 = PCURVE('',#3190,#7291);
#7291 = DEFINITIONAL_REPRESENTATION('',(#7292),#7295);
#7292 = B_SPLINE_CURVE_WITH_KNOTS('',1,(#7293,#7294),.UNSPECIFIED.,.F.,
  .F.,(2,2),(-32.,-14.),.PIECEWISE_BEZIER_KNOTS.);
#7293 = CARTESIAN_POINT('',(-4.93983286244,-32.));
#7294 = CARTESIAN_POINT('',(-4.93983286244,-14.));
#7295 = ( GEOMETRIC_REPRESENTATION_CONTEXT(2) 
PARAMETRIC_REPRESENTATION_CONTEXT() REPRESENTATION_CONTEXT('2D SPACE',''
  ) );
#7296 = ADVANCED_FACE('',(#7297),#2087,.T.);
#7297 = FACE_BOUND('',#7298,.T.);
#7298 = EDGE_LOOP('',(#7299,#7300,#7301,#7302));
#7299 = ORIENTED_EDGE('',*,*,#7255,.F.);
#7300 = ORIENTED_EDGE('',*,*,#2070,.F.);
#7301 = ORIENTED_EDGE('',*,*,#7208,.T.);
#7302 = ORIENTED_EDGE('',*,*,#7303,.T.);
#7303 = EDGE_CURVE('',#7209,#7256,#7304,.T.);
#7304 = SURFACE_CURVE('',#7305,(#7310,#7321),.PCURVE_S1.);
#7305 = CIRCLE('',#7306,71.);
#7306 = AXIS2_PLACEMENT_3D('',#7307,#7308,#7309);
#7307 = CARTESIAN_POINT('',(0.,0.,17.5));
#7308 = DIRECTION('',(0.,0.,-1.));
#7309 = DIRECTION('',(1.,0.,0.));
#7310 = PCURVE('',#2087,#7311);
#7311 = DEFINITIONAL_REPRESENTATION('',(#7312),#7320);
#7312 = ( BOUNDED_CURVE() B_SPLINE_CURVE(2,(#7313,#7314,#7315,#7316,
#7317,#7318,#7319),.UNSPECIFIED.,.T.,.F.) B_SPLINE_CURVE_WITH_KNOTS((1,2
    ,2,2,2,1),(-2.094395102393,0.,2.094395102393,4.188790204786,
6.28318530718,8.377580409573),.UNSPECIFIED.) CURVE() 
GEOMETRIC_REPRESENTATION_ITEM() RATIONAL_B_SPLINE_CURVE((1.,0.5,1.,0.5,
1.,0.5,1.)) REPRESENTATION_ITEM('') );
#7313 = CARTESIAN_POINT('',(70.090996565596,59.823545412424));
#7314 = CARTESIAN_POINT('',(40.340504526014,-59.49916082324));
#7315 = CARTESIAN_POINT('',(-48.12074430258,25.926874175956));
#7316 = CARTESIAN_POINT('',(-136.5819931311,111.35290917515));
#7317 = CARTESIAN_POINT('',(-18.370252263,145.24958041162));
#7318 = CARTESIAN_POINT('',(99.841488605178,179.14625164808));
#7319 = CARTESIAN_POINT('',(70.090996565596,59.823545412424));
#7320 = ( GEOMETRIC_REPRESENTATION_CONTEXT(2) 
PARAMETRIC_REPRESENTATION_CONTEXT() REPRESENTATION_CONTEXT('2D SPACE',''
  ) );
#7321 = PCURVE('',#3190,#7322);
#7322 = DEFINITIONAL_REPRESENTATION('',(#7323),#7327);
#7323 = LINE('',#7324,#7325);
#7324 = CARTESIAN_POINT('',(-6.28318530718,-15.5));
#7325 = VECTOR('',#7326,1.);
#7326 = DIRECTION('',(1.,-0.));
#7327 = ( GEOMETRIC_REPRESENTATION_CONTEXT(2) 
PARAMETRIC_REPRESENTATION_CONTEXT() REPRESENTATION_CONTEXT('2D SPACE',''
  ) );
#7328 = ADVANCED_FACE('',(#7329),#2148,.F.);
#7329 = FACE_BOUND('',#7330,.F.);
#7330 = EDGE_LOOP('',(#7331,#7354,#7355,#7378));
#7331 = ORIENTED_EDGE('',*,*,#7332,.F.);
#7332 = EDGE_CURVE('',#2132,#7333,#7335,.T.);
#7333 = VERTEX_POINT('',#7334);
#7334 = CARTESIAN_POINT('',(32.268182667943,-63.24369049405,32.5));
#7335 = SURFACE_CURVE('',#7336,(#7340,#7347),.PCURVE_S1.);
#7336 = LINE('',#7337,#7338);
#7337 = CARTESIAN_POINT('',(35.089773223083,-68.55033052548,32.5));
#7338 = VECTOR('',#7339,1.);
#7339 = DIRECTION('',(-0.469471562786,0.882947592859,0.));
#7340 = PCURVE('',#2148,#7341);
#7341 = DEFINITIONAL_REPRESENTATION('',(#7342),#7346);
#7342 = LINE('',#7343,#7344);
#7343 = CARTESIAN_POINT('',(0.,0.));
#7344 = VECTOR('',#7345,1.);
#7345 = DIRECTION('',(0.,1.));
#7346 = ( GEOMETRIC_REPRESENTATION_CONTEXT(2) 
PARAMETRIC_REPRESENTATION_CONTEXT() REPRESENTATION_CONTEXT('2D SPACE',''
  ) );
#7347 = PCURVE('',#2179,#7348);
#7348 = DEFINITIONAL_REPRESENTATION('',(#7349),#7353);
#7349 = LINE('',#7350,#7351);
#7350 = CARTESIAN_POINT('',(15.,0.));
#7351 = VECTOR('',#7352,1.);
#7352 = DIRECTION('',(0.,-1.));
#7353 = ( GEOMETRIC_REPRESENTATION_CONTEXT(2) 
PARAMETRIC_REPRESENTATION_CONTEXT() REPRESENTATION_CONTEXT('2D SPACE',''
  ) );
#7354 = ORIENTED_EDGE('',*,*,#2129,.F.);
#7355 = ORIENTED_EDGE('',*,*,#7356,.T.);
#7356 = EDGE_CURVE('',#2130,#7357,#7359,.T.);
#7357 = VERTEX_POINT('',#7358);
#7358 = CARTESIAN_POINT('',(34.387256890805,-62.11695874337,32.5));
#7359 = SURFACE_CURVE('',#7360,(#7364,#7371),.PCURVE_S1.);
#7360 = LINE('',#7361,#7362);
#7361 = CARTESIAN_POINT('',(37.208847445944,-67.42359877479,32.5));
#7362 = VECTOR('',#7363,1.);
#7363 = DIRECTION('',(-0.469471562786,0.882947592859,0.));
#7364 = PCURVE('',#2148,#7365);
#7365 = DEFINITIONAL_REPRESENTATION('',(#7366),#7370);
#7366 = LINE('',#7367,#7368);
#7367 = CARTESIAN_POINT('',(2.4,-5.884182030513E-15));
#7368 = VECTOR('',#7369,1.);
#7369 = DIRECTION('',(0.,1.));
#7370 = ( GEOMETRIC_REPRESENTATION_CONTEXT(2) 
PARAMETRIC_REPRESENTATION_CONTEXT() REPRESENTATION_CONTEXT('2D SPACE',''
  ) );
#7371 = PCURVE('',#2236,#7372);
#7372 = DEFINITIONAL_REPRESENTATION('',(#7373),#7377);
#7373 = LINE('',#7374,#7375);
#7374 = CARTESIAN_POINT('',(15.,0.));
#7375 = VECTOR('',#7376,1.);
#7376 = DIRECTION('',(0.,-1.));
#7377 = ( GEOMETRIC_REPRESENTATION_CONTEXT(2) 
PARAMETRIC_REPRESENTATION_CONTEXT() REPRESENTATION_CONTEXT('2D SPACE',''
  ) );
#7378 = ORIENTED_EDGE('',*,*,#7379,.T.);
#7379 = EDGE_CURVE('',#7357,#7333,#7380,.T.);
#7380 = SURFACE_CURVE('',#7381,(#7386,#7397),.PCURVE_S1.);
#7381 = CIRCLE('',#7382,71.);
#7382 = AXIS2_PLACEMENT_3D('',#7383,#7384,#7385);
#7383 = CARTESIAN_POINT('',(0.,0.,32.5));
#7384 = DIRECTION('',(0.,0.,-1.));
#7385 = DIRECTION('',(1.,0.,0.));
#7386 = PCURVE('',#2148,#7387);
#7387 = DEFINITIONAL_REPRESENTATION('',(#7388),#7396);
#7388 = ( BOUNDED_CURVE() B_SPLINE_CURVE(2,(#7389,#7390,#7391,#7392,
#7393,#7394,#7395),.UNSPECIFIED.,.T.,.F.) B_SPLINE_CURVE_WITH_KNOTS((1,2
    ,2,2,2,1),(-2.094395102393,0.,2.094395102393,4.188790204786,
6.28318530718,8.377580409573),.UNSPECIFIED.) CURVE() 
GEOMETRIC_REPRESENTATION_ITEM() RATIONAL_B_SPLINE_CURVE((1.,0.5,1.,0.5,
1.,0.5,1.)) REPRESENTATION_ITEM('') );
#7389 = CARTESIAN_POINT('',(63.889279092984,43.667519042202));
#7390 = CARTESIAN_POINT('',(6.155728531755,-64.91349743671));
#7391 = CARTESIAN_POINT('',(-59.0114148271,39.375732239442));
#7392 = CARTESIAN_POINT('',(-124.1785581859,143.66496191559));
#7393 = CARTESIAN_POINT('',(-1.277864265878,147.95674871835));
#7394 = CARTESIAN_POINT('',(121.62282965421,152.24853552111));
#7395 = CARTESIAN_POINT('',(63.889279092984,43.667519042202));
#7396 = ( GEOMETRIC_REPRESENTATION_CONTEXT(2) 
PARAMETRIC_REPRESENTATION_CONTEXT() REPRESENTATION_CONTEXT('2D SPACE',''
  ) );
#7397 = PCURVE('',#3190,#7398);
#7398 = DEFINITIONAL_REPRESENTATION('',(#7399),#7403);
#7399 = LINE('',#7400,#7401);
#7400 = CARTESIAN_POINT('',(-6.28318530718,-30.5));
#7401 = VECTOR('',#7402,1.);
#7402 = DIRECTION('',(1.,-0.));
#7403 = ( GEOMETRIC_REPRESENTATION_CONTEXT(2) 
PARAMETRIC_REPRESENTATION_CONTEXT() REPRESENTATION_CONTEXT('2D SPACE',''
  ) );
#7404 = ADVANCED_FACE('',(#7405),#2236,.F.);
#7405 = FACE_BOUND('',#7406,.F.);
#7406 = EDGE_LOOP('',(#7407,#7408,#7409,#7432));
#7407 = ORIENTED_EDGE('',*,*,#7356,.F.);
#7408 = ORIENTED_EDGE('',*,*,#2223,.T.);
#7409 = ORIENTED_EDGE('',*,*,#7410,.T.);
#7410 = EDGE_CURVE('',#2191,#7411,#7413,.T.);
#7411 = VERTEX_POINT('',#7412);
#7412 = CARTESIAN_POINT('',(34.387256890805,-62.11695874337,17.5));
#7413 = SURFACE_CURVE('',#7414,(#7418,#7425),.PCURVE_S1.);
#7414 = LINE('',#7415,#7416);
#7415 = CARTESIAN_POINT('',(37.208847445944,-67.42359877479,17.5));
#7416 = VECTOR('',#7417,1.);
#7417 = DIRECTION('',(-0.469471562786,0.882947592859,0.));
#7418 = PCURVE('',#2236,#7419);
#7419 = DEFINITIONAL_REPRESENTATION('',(#7420),#7424);
#7420 = LINE('',#7421,#7422);
#7421 = CARTESIAN_POINT('',(0.,0.));
#7422 = VECTOR('',#7423,1.);
#7423 = DIRECTION('',(0.,-1.));
#7424 = ( GEOMETRIC_REPRESENTATION_CONTEXT(2) 
PARAMETRIC_REPRESENTATION_CONTEXT() REPRESENTATION_CONTEXT('2D SPACE',''
  ) );
#7425 = PCURVE('',#2207,#7426);
#7426 = DEFINITIONAL_REPRESENTATION('',(#7427),#7431);
#7427 = LINE('',#7428,#7429);
#7428 = CARTESIAN_POINT('',(2.4,-5.884182030513E-15));
#7429 = VECTOR('',#7430,1.);
#7430 = DIRECTION('',(0.,1.));
#7431 = ( GEOMETRIC_REPRESENTATION_CONTEXT(2) 
PARAMETRIC_REPRESENTATION_CONTEXT() REPRESENTATION_CONTEXT('2D SPACE',''
  ) );
#7432 = ORIENTED_EDGE('',*,*,#7433,.F.);
#7433 = EDGE_CURVE('',#7357,#7411,#7434,.T.);
#7434 = SURFACE_CURVE('',#7435,(#7439,#7445),.PCURVE_S1.);
#7435 = LINE('',#7436,#7437);
#7436 = CARTESIAN_POINT('',(34.387256890805,-62.11695874337,2.));
#7437 = VECTOR('',#7438,1.);
#7438 = DIRECTION('',(-0.,-0.,-1.));
#7439 = PCURVE('',#2236,#7440);
#7440 = DEFINITIONAL_REPRESENTATION('',(#7441),#7444);
#7441 = B_SPLINE_CURVE_WITH_KNOTS('',1,(#7442,#7443),.UNSPECIFIED.,.F.,
  .F.,(2,2),(-32.,-14.),.PIECEWISE_BEZIER_KNOTS.);
#7442 = CARTESIAN_POINT('',(16.5,-6.010141569376));
#7443 = CARTESIAN_POINT('',(-1.5,-6.010141569376));
#7444 = ( GEOMETRIC_REPRESENTATION_CONTEXT(2) 
PARAMETRIC_REPRESENTATION_CONTEXT() REPRESENTATION_CONTEXT('2D SPACE',''
  ) );
#7445 = PCURVE('',#3190,#7446);
#7446 = DEFINITIONAL_REPRESENTATION('',(#7447),#7450);
#7447 = B_SPLINE_CURVE_WITH_KNOTS('',1,(#7448,#7449),.UNSPECIFIED.,.F.,
  .F.,(2,2),(-32.,-14.),.PIECEWISE_BEZIER_KNOTS.);
#7448 = CARTESIAN_POINT('',(-5.217983384167,-32.));
#7449 = CARTESIAN_POINT('',(-5.217983384167,-14.));
#7450 = ( GEOMETRIC_REPRESENTATION_CONTEXT(2) 
PARAMETRIC_REPRESENTATION_CONTEXT() REPRESENTATION_CONTEXT('2D SPACE',''
  ) );
#7451 = ADVANCED_FACE('',(#7452),#2179,.T.);
#7452 = FACE_BOUND('',#7453,.T.);
#7453 = EDGE_LOOP('',(#7454,#7455,#7456,#7479));
#7454 = ORIENTED_EDGE('',*,*,#7332,.F.);
#7455 = ORIENTED_EDGE('',*,*,#2164,.T.);
#7456 = ORIENTED_EDGE('',*,*,#7457,.T.);
#7457 = EDGE_CURVE('',#2165,#7458,#7460,.T.);
#7458 = VERTEX_POINT('',#7459);
#7459 = CARTESIAN_POINT('',(32.268182667943,-63.24369049405,17.5));
#7460 = SURFACE_CURVE('',#7461,(#7465,#7472),.PCURVE_S1.);
#7461 = LINE('',#7462,#7463);
#7462 = CARTESIAN_POINT('',(35.089773223083,-68.55033052548,17.5));
#7463 = VECTOR('',#7464,1.);
#7464 = DIRECTION('',(-0.469471562786,0.882947592859,0.));
#7465 = PCURVE('',#2179,#7466);
#7466 = DEFINITIONAL_REPRESENTATION('',(#7467),#7471);
#7467 = LINE('',#7468,#7469);
#7468 = CARTESIAN_POINT('',(0.,0.));
#7469 = VECTOR('',#7470,1.);
#7470 = DIRECTION('',(0.,-1.));
#7471 = ( GEOMETRIC_REPRESENTATION_CONTEXT(2) 
PARAMETRIC_REPRESENTATION_CONTEXT() REPRESENTATION_CONTEXT('2D SPACE',''
  ) );
#7472 = PCURVE('',#2207,#7473);
#7473 = DEFINITIONAL_REPRESENTATION('',(#7474),#7478);
#7474 = LINE('',#7475,#7476);
#7475 = CARTESIAN_POINT('',(0.,0.));
#7476 = VECTOR('',#7477,1.);
#7477 = DIRECTION('',(0.,1.));
#7478 = ( GEOMETRIC_REPRESENTATION_CONTEXT(2) 
PARAMETRIC_REPRESENTATION_CONTEXT() REPRESENTATION_CONTEXT('2D SPACE',''
  ) );
#7479 = ORIENTED_EDGE('',*,*,#7480,.F.);
#7480 = EDGE_CURVE('',#7333,#7458,#7481,.T.);
#7481 = SURFACE_CURVE('',#7482,(#7486,#7492),.PCURVE_S1.);
#7482 = LINE('',#7483,#7484);
#7483 = CARTESIAN_POINT('',(32.268182667943,-63.24369049405,2.));
#7484 = VECTOR('',#7485,1.);
#7485 = DIRECTION('',(-0.,-0.,-1.));
#7486 = PCURVE('',#2179,#7487);
#7487 = DEFINITIONAL_REPRESENTATION('',(#7488),#7491);
#7488 = B_SPLINE_CURVE_WITH_KNOTS('',1,(#7489,#7490),.UNSPECIFIED.,.F.,
  .F.,(2,2),(-32.,-14.),.PIECEWISE_BEZIER_KNOTS.);
#7489 = CARTESIAN_POINT('',(16.5,-6.010141569376));
#7490 = CARTESIAN_POINT('',(-1.5,-6.010141569376));
#7491 = ( GEOMETRIC_REPRESENTATION_CONTEXT(2) 
PARAMETRIC_REPRESENTATION_CONTEXT() REPRESENTATION_CONTEXT('2D SPACE',''
  ) );
#7492 = PCURVE('',#3190,#7493);
#7493 = DEFINITIONAL_REPRESENTATION('',(#7494),#7497);
#7494 = B_SPLINE_CURVE_WITH_KNOTS('',1,(#7495,#7496),.UNSPECIFIED.,.F.,
  .F.,(2,2),(-32.,-14.),.PIECEWISE_BEZIER_KNOTS.);
#7495 = CARTESIAN_POINT('',(-5.18417895772,-32.));
#7496 = CARTESIAN_POINT('',(-5.18417895772,-14.));
#7497 = ( GEOMETRIC_REPRESENTATION_CONTEXT(2) 
PARAMETRIC_REPRESENTATION_CONTEXT() REPRESENTATION_CONTEXT('2D SPACE',''
  ) );
#7498 = ADVANCED_FACE('',(#7499),#2207,.T.);
#7499 = FACE_BOUND('',#7500,.T.);
#7500 = EDGE_LOOP('',(#7501,#7502,#7503,#7504));
#7501 = ORIENTED_EDGE('',*,*,#7457,.F.);
#7502 = ORIENTED_EDGE('',*,*,#2190,.F.);
#7503 = ORIENTED_EDGE('',*,*,#7410,.T.);
#7504 = ORIENTED_EDGE('',*,*,#7505,.T.);
#7505 = EDGE_CURVE('',#7411,#7458,#7506,.T.);
#7506 = SURFACE_CURVE('',#7507,(#7512,#7523),.PCURVE_S1.);
#7507 = CIRCLE('',#7508,71.);
#7508 = AXIS2_PLACEMENT_3D('',#7509,#7510,#7511);
#7509 = CARTESIAN_POINT('',(0.,0.,17.5));
#7510 = DIRECTION('',(0.,0.,-1.));
#7511 = DIRECTION('',(1.,0.,0.));
#7512 = PCURVE('',#2207,#7513);
#7513 = DEFINITIONAL_REPRESENTATION('',(#7514),#7522);
#7514 = ( BOUNDED_CURVE() B_SPLINE_CURVE(2,(#7515,#7516,#7517,#7518,
#7519,#7520,#7521),.UNSPECIFIED.,.T.,.F.) B_SPLINE_CURVE_WITH_KNOTS((1,2
    ,2,2,2,1),(-2.094395102393,0.,2.094395102393,4.188790204786,
6.28318530718,8.377580409573),.UNSPECIFIED.) CURVE() 
GEOMETRIC_REPRESENTATION_ITEM() RATIONAL_B_SPLINE_CURVE((1.,0.5,1.,0.5,
1.,0.5,1.)) REPRESENTATION_ITEM('') );
#7515 = CARTESIAN_POINT('',(63.889279092984,43.667519042202));
#7516 = CARTESIAN_POINT('',(6.155728531755,-64.91349743671));
#7517 = CARTESIAN_POINT('',(-59.0114148271,39.375732239442));
#7518 = CARTESIAN_POINT('',(-124.1785581859,143.66496191559));
#7519 = CARTESIAN_POINT('',(-1.277864265878,147.95674871835));
#7520 = CARTESIAN_POINT('',(121.62282965421,152.24853552111));
#7521 = CARTESIAN_POINT('',(63.889279092984,43.667519042202));
#7522 = ( GEOMETRIC_REPRESENTATION_CONTEXT(2) 
PARAMETRIC_REPRESENTATION_CONTEXT() REPRESENTATION_CONTEXT('2D SPACE',''
  ) );
#7523 = PCURVE('',#3190,#7524);
#7524 = DEFINITIONAL_REPRESENTATION('',(#7525),#7529);
#7525 = LINE('',#7526,#7527);
#7526 = CARTESIAN_POINT('',(-6.28318530718,-15.5));
#7527 = VECTOR('',#7528,1.);
#7528 = DIRECTION('',(1.,-0.));
#7529 = ( GEOMETRIC_REPRESENTATION_CONTEXT(2) 
PARAMETRIC_REPRESENTATION_CONTEXT() REPRESENTATION_CONTEXT('2D SPACE',''
  ) );
#7530 = ADVANCED_FACE('',(#7531),#2268,.F.);
#7531 = FACE_BOUND('',#7532,.F.);
#7532 = EDGE_LOOP('',(#7533,#7556,#7557,#7580));
#7533 = ORIENTED_EDGE('',*,*,#7534,.F.);
#7534 = EDGE_CURVE('',#2252,#7535,#7537,.T.);
#7535 = VERTEX_POINT('',#7536);
#7536 = CARTESIAN_POINT('',(46.60971322644,-53.55870268172,32.5));
#7537 = SURFACE_CURVE('',#7538,(#7542,#7549),.PCURVE_S1.);
#7538 = LINE('',#7539,#7540);
#7539 = CARTESIAN_POINT('',(50.631282899059,-58.02510828939,32.5));
#7540 = VECTOR('',#7541,1.);
#7541 = DIRECTION('',(-0.669130606359,0.743144825477,0.));
#7542 = PCURVE('',#2268,#7543);
#7543 = DEFINITIONAL_REPRESENTATION('',(#7544),#7548);
#7544 = LINE('',#7545,#7546);
#7545 = CARTESIAN_POINT('',(0.,0.));
#7546 = VECTOR('',#7547,1.);
#7547 = DIRECTION('',(0.,1.));
#7548 = ( GEOMETRIC_REPRESENTATION_CONTEXT(2) 
PARAMETRIC_REPRESENTATION_CONTEXT() REPRESENTATION_CONTEXT('2D SPACE',''
  ) );
#7549 = PCURVE('',#2299,#7550);
#7550 = DEFINITIONAL_REPRESENTATION('',(#7551),#7555);
#7551 = LINE('',#7552,#7553);
#7552 = CARTESIAN_POINT('',(15.,0.));
#7553 = VECTOR('',#7554,1.);
#7554 = DIRECTION('',(0.,-1.));
#7555 = ( GEOMETRIC_REPRESENTATION_CONTEXT(2) 
PARAMETRIC_REPRESENTATION_CONTEXT() REPRESENTATION_CONTEXT('2D SPACE',''
  ) );
#7556 = ORIENTED_EDGE('',*,*,#2249,.F.);
#7557 = ORIENTED_EDGE('',*,*,#7558,.T.);
#7558 = EDGE_CURVE('',#2250,#7559,#7561,.T.);
#7559 = VERTEX_POINT('',#7560);
#7560 = CARTESIAN_POINT('',(48.393260807586,-51.95278922646,32.5));
#7561 = SURFACE_CURVE('',#7562,(#7566,#7573),.PCURVE_S1.);
#7562 = LINE('',#7563,#7564);
#7563 = CARTESIAN_POINT('',(52.414830480205,-56.41919483412,32.5));
#7564 = VECTOR('',#7565,1.);
#7565 = DIRECTION('',(-0.669130606359,0.743144825477,0.));
#7566 = PCURVE('',#2268,#7567);
#7567 = DEFINITIONAL_REPRESENTATION('',(#7568),#7572);
#7568 = LINE('',#7569,#7570);
#7569 = CARTESIAN_POINT('',(2.4,3.552713678801E-15));
#7570 = VECTOR('',#7571,1.);
#7571 = DIRECTION('',(0.,1.));
#7572 = ( GEOMETRIC_REPRESENTATION_CONTEXT(2) 
PARAMETRIC_REPRESENTATION_CONTEXT() REPRESENTATION_CONTEXT('2D SPACE',''
  ) );
#7573 = PCURVE('',#2356,#7574);
#7574 = DEFINITIONAL_REPRESENTATION('',(#7575),#7579);
#7575 = LINE('',#7576,#7577);
#7576 = CARTESIAN_POINT('',(15.,0.));
#7577 = VECTOR('',#7578,1.);
#7578 = DIRECTION('',(0.,-1.));
#7579 = ( GEOMETRIC_REPRESENTATION_CONTEXT(2) 
PARAMETRIC_REPRESENTATION_CONTEXT() REPRESENTATION_CONTEXT('2D SPACE',''
  ) );
#7580 = ORIENTED_EDGE('',*,*,#7581,.T.);
#7581 = EDGE_CURVE('',#7559,#7535,#7582,.T.);
#7582 = SURFACE_CURVE('',#7583,(#7588,#7599),.PCURVE_S1.);
#7583 = CIRCLE('',#7584,71.);
#7584 = AXIS2_PLACEMENT_3D('',#7585,#7586,#7587);
#7585 = CARTESIAN_POINT('',(0.,0.,32.5));
#7586 = DIRECTION('',(0.,0.,-1.));
#7587 = DIRECTION('',(1.,0.,0.));
#7588 = PCURVE('',#2268,#7589);
#7589 = DEFINITIONAL_REPRESENTATION('',(#7590),#7598);
#7590 = ( BOUNDED_CURVE() B_SPLINE_CURVE(2,(#7591,#7592,#7593,#7594,
#7595,#7596,#7597),.UNSPECIFIED.,.T.,.F.) B_SPLINE_CURVE_WITH_KNOTS((1,2
    ,2,2,2,1),(-2.094395102393,0.,2.094395102393,4.188790204786,
6.28318530718,8.377580409573),.UNSPECIFIED.) CURVE() 
GEOMETRIC_REPRESENTATION_ITEM() RATIONAL_B_SPLINE_CURVE((1.,0.5,1.,0.5,
1.,0.5,1.)) REPRESENTATION_ITEM('') );
#7591 = CARTESIAN_POINT('',(53.963282608895,29.491726948521));
#7592 = CARTESIAN_POINT('',(-28.32346009612,-61.8969593042));
#7593 = CARTESIAN_POINT('',(-66.32501265695,55.059793399379));
#7594 = CARTESIAN_POINT('',(-104.3265652177,172.01654610295));
#7595 = CARTESIAN_POINT('',(15.961730048061,146.4484796521));
#7596 = CARTESIAN_POINT('',(136.25002531391,120.88041320124));
#7597 = CARTESIAN_POINT('',(53.963282608895,29.491726948521));
#7598 = ( GEOMETRIC_REPRESENTATION_CONTEXT(2) 
PARAMETRIC_REPRESENTATION_CONTEXT() REPRESENTATION_CONTEXT('2D SPACE',''
  ) );
#7599 = PCURVE('',#3190,#7600);
#7600 = DEFINITIONAL_REPRESENTATION('',(#7601),#7605);
#7601 = LINE('',#7602,#7603);
#7602 = CARTESIAN_POINT('',(-6.28318530718,-30.5));
#7603 = VECTOR('',#7604,1.);
#7604 = DIRECTION('',(1.,-0.));
#7605 = ( GEOMETRIC_REPRESENTATION_CONTEXT(2) 
PARAMETRIC_REPRESENTATION_CONTEXT() REPRESENTATION_CONTEXT('2D SPACE',''
  ) );
#7606 = ADVANCED_FACE('',(#7607),#2356,.F.);
#7607 = FACE_BOUND('',#7608,.F.);
#7608 = EDGE_LOOP('',(#7609,#7610,#7611,#7634));
#7609 = ORIENTED_EDGE('',*,*,#7558,.F.);
#7610 = ORIENTED_EDGE('',*,*,#2343,.T.);
#7611 = ORIENTED_EDGE('',*,*,#7612,.T.);
#7612 = EDGE_CURVE('',#2311,#7613,#7615,.T.);
#7613 = VERTEX_POINT('',#7614);
#7614 = CARTESIAN_POINT('',(48.393260807586,-51.95278922646,17.5));
#7615 = SURFACE_CURVE('',#7616,(#7620,#7627),.PCURVE_S1.);
#7616 = LINE('',#7617,#7618);
#7617 = CARTESIAN_POINT('',(52.414830480205,-56.41919483412,17.5));
#7618 = VECTOR('',#7619,1.);
#7619 = DIRECTION('',(-0.669130606359,0.743144825477,0.));
#7620 = PCURVE('',#2356,#7621);
#7621 = DEFINITIONAL_REPRESENTATION('',(#7622),#7626);
#7622 = LINE('',#7623,#7624);
#7623 = CARTESIAN_POINT('',(0.,0.));
#7624 = VECTOR('',#7625,1.);
#7625 = DIRECTION('',(0.,-1.));
#7626 = ( GEOMETRIC_REPRESENTATION_CONTEXT(2) 
PARAMETRIC_REPRESENTATION_CONTEXT() REPRESENTATION_CONTEXT('2D SPACE',''
  ) );
#7627 = PCURVE('',#2327,#7628);
#7628 = DEFINITIONAL_REPRESENTATION('',(#7629),#7633);
#7629 = LINE('',#7630,#7631);
#7630 = CARTESIAN_POINT('',(2.4,3.552713678801E-15));
#7631 = VECTOR('',#7632,1.);
#7632 = DIRECTION('',(0.,1.));
#7633 = ( GEOMETRIC_REPRESENTATION_CONTEXT(2) 
PARAMETRIC_REPRESENTATION_CONTEXT() REPRESENTATION_CONTEXT('2D SPACE',''
  ) );
#7634 = ORIENTED_EDGE('',*,*,#7635,.F.);
#7635 = EDGE_CURVE('',#7559,#7613,#7636,.T.);
#7636 = SURFACE_CURVE('',#7637,(#7641,#7647),.PCURVE_S1.);
#7637 = LINE('',#7638,#7639);
#7638 = CARTESIAN_POINT('',(48.393260807586,-51.95278922646,2.));
#7639 = VECTOR('',#7640,1.);
#7640 = DIRECTION('',(-0.,-0.,-1.));
#7641 = PCURVE('',#2356,#7642);
#7642 = DEFINITIONAL_REPRESENTATION('',(#7643),#7646);
#7643 = B_SPLINE_CURVE_WITH_KNOTS('',1,(#7644,#7645),.UNSPECIFIED.,.F.,
  .F.,(2,2),(-32.,-14.),.PIECEWISE_BEZIER_KNOTS.);
#7644 = CARTESIAN_POINT('',(16.5,-6.010141569376));
#7645 = CARTESIAN_POINT('',(-1.5,-6.010141569376));
#7646 = ( GEOMETRIC_REPRESENTATION_CONTEXT(2) 
PARAMETRIC_REPRESENTATION_CONTEXT() REPRESENTATION_CONTEXT('2D SPACE',''
  ) );
#7647 = PCURVE('',#3190,#7648);
#7648 = DEFINITIONAL_REPRESENTATION('',(#7649),#7652);
#7649 = B_SPLINE_CURVE_WITH_KNOTS('',1,(#7650,#7651),.UNSPECIFIED.,.F.,
  .F.,(2,2),(-32.,-14.),.PIECEWISE_BEZIER_KNOTS.);
#7650 = CARTESIAN_POINT('',(-5.462329479446,-32.));
#7651 = CARTESIAN_POINT('',(-5.462329479446,-14.));
#7652 = ( GEOMETRIC_REPRESENTATION_CONTEXT(2) 
PARAMETRIC_REPRESENTATION_CONTEXT() REPRESENTATION_CONTEXT('2D SPACE',''
  ) );
#7653 = ADVANCED_FACE('',(#7654),#2299,.T.);
#7654 = FACE_BOUND('',#7655,.T.);
#7655 = EDGE_LOOP('',(#7656,#7657,#7658,#7681));
#7656 = ORIENTED_EDGE('',*,*,#7534,.F.);
#7657 = ORIENTED_EDGE('',*,*,#2284,.T.);
#7658 = ORIENTED_EDGE('',*,*,#7659,.T.);
#7659 = EDGE_CURVE('',#2285,#7660,#7662,.T.);
#7660 = VERTEX_POINT('',#7661);
#7661 = CARTESIAN_POINT('',(46.60971322644,-53.55870268172,17.5));
#7662 = SURFACE_CURVE('',#7663,(#7667,#7674),.PCURVE_S1.);
#7663 = LINE('',#7664,#7665);
#7664 = CARTESIAN_POINT('',(50.631282899059,-58.02510828939,17.5));
#7665 = VECTOR('',#7666,1.);
#7666 = DIRECTION('',(-0.669130606359,0.743144825477,0.));
#7667 = PCURVE('',#2299,#7668);
#7668 = DEFINITIONAL_REPRESENTATION('',(#7669),#7673);
#7669 = LINE('',#7670,#7671);
#7670 = CARTESIAN_POINT('',(0.,0.));
#7671 = VECTOR('',#7672,1.);
#7672 = DIRECTION('',(0.,-1.));
#7673 = ( GEOMETRIC_REPRESENTATION_CONTEXT(2) 
PARAMETRIC_REPRESENTATION_CONTEXT() REPRESENTATION_CONTEXT('2D SPACE',''
  ) );
#7674 = PCURVE('',#2327,#7675);
#7675 = DEFINITIONAL_REPRESENTATION('',(#7676),#7680);
#7676 = LINE('',#7677,#7678);
#7677 = CARTESIAN_POINT('',(0.,0.));
#7678 = VECTOR('',#7679,1.);
#7679 = DIRECTION('',(0.,1.));
#7680 = ( GEOMETRIC_REPRESENTATION_CONTEXT(2) 
PARAMETRIC_REPRESENTATION_CONTEXT() REPRESENTATION_CONTEXT('2D SPACE',''
  ) );
#7681 = ORIENTED_EDGE('',*,*,#7682,.F.);
#7682 = EDGE_CURVE('',#7535,#7660,#7683,.T.);
#7683 = SURFACE_CURVE('',#7684,(#7688,#7694),.PCURVE_S1.);
#7684 = LINE('',#7685,#7686);
#7685 = CARTESIAN_POINT('',(46.60971322644,-53.55870268172,2.));
#7686 = VECTOR('',#7687,1.);
#7687 = DIRECTION('',(-0.,-0.,-1.));
#7688 = PCURVE('',#2299,#7689);
#7689 = DEFINITIONAL_REPRESENTATION('',(#7690),#7693);
#7690 = B_SPLINE_CURVE_WITH_KNOTS('',1,(#7691,#7692),.UNSPECIFIED.,.F.,
  .F.,(2,2),(-32.,-14.),.PIECEWISE_BEZIER_KNOTS.);
#7691 = CARTESIAN_POINT('',(16.5,-6.010141569376));
#7692 = CARTESIAN_POINT('',(-1.5,-6.010141569376));
#7693 = ( GEOMETRIC_REPRESENTATION_CONTEXT(2) 
PARAMETRIC_REPRESENTATION_CONTEXT() REPRESENTATION_CONTEXT('2D SPACE',''
  ) );
#7694 = PCURVE('',#3190,#7695);
#7695 = DEFINITIONAL_REPRESENTATION('',(#7696),#7699);
#7696 = B_SPLINE_CURVE_WITH_KNOTS('',1,(#7697,#7698),.UNSPECIFIED.,.F.,
  .F.,(2,2),(-32.,-14.),.PIECEWISE_BEZIER_KNOTS.);
#7697 = CARTESIAN_POINT('',(-5.428525052999,-32.));
#7698 = CARTESIAN_POINT('',(-5.428525052999,-14.));
#7699 = ( GEOMETRIC_REPRESENTATION_CONTEXT(2) 
PARAMETRIC_REPRESENTATION_CONTEXT() REPRESENTATION_CONTEXT('2D SPACE',''
  ) );
#7700 = ADVANCED_FACE('',(#7701),#2327,.T.);
#7701 = FACE_BOUND('',#7702,.T.);
#7702 = EDGE_LOOP('',(#7703,#7704,#7705,#7706));
#7703 = ORIENTED_EDGE('',*,*,#7659,.F.);
#7704 = ORIENTED_EDGE('',*,*,#2310,.F.);
#7705 = ORIENTED_EDGE('',*,*,#7612,.T.);
#7706 = ORIENTED_EDGE('',*,*,#7707,.T.);
#7707 = EDGE_CURVE('',#7613,#7660,#7708,.T.);
#7708 = SURFACE_CURVE('',#7709,(#7714,#7725),.PCURVE_S1.);
#7709 = CIRCLE('',#7710,71.);
#7710 = AXIS2_PLACEMENT_3D('',#7711,#7712,#7713);
#7711 = CARTESIAN_POINT('',(0.,0.,17.5));
#7712 = DIRECTION('',(0.,0.,-1.));
#7713 = DIRECTION('',(1.,0.,0.));
#7714 = PCURVE('',#2327,#7715);
#7715 = DEFINITIONAL_REPRESENTATION('',(#7716),#7724);
#7716 = ( BOUNDED_CURVE() B_SPLINE_CURVE(2,(#7717,#7718,#7719,#7720,
#7721,#7722,#7723),.UNSPECIFIED.,.T.,.F.) B_SPLINE_CURVE_WITH_KNOTS((1,2
    ,2,2,2,1),(-2.094395102393,0.,2.094395102393,4.188790204786,
6.28318530718,8.377580409573),.UNSPECIFIED.) CURVE() 
GEOMETRIC_REPRESENTATION_ITEM() RATIONAL_B_SPLINE_CURVE((1.,0.5,1.,0.5,
1.,0.5,1.)) REPRESENTATION_ITEM('') );
#7717 = CARTESIAN_POINT('',(53.963282608895,29.491726948521));
#7718 = CARTESIAN_POINT('',(-28.32346009612,-61.8969593042));
#7719 = CARTESIAN_POINT('',(-66.32501265695,55.059793399379));
#7720 = CARTESIAN_POINT('',(-104.3265652177,172.01654610295));
#7721 = CARTESIAN_POINT('',(15.961730048061,146.4484796521));
#7722 = CARTESIAN_POINT('',(136.25002531391,120.88041320124));
#7723 = CARTESIAN_POINT('',(53.963282608895,29.491726948521));
#7724 = ( GEOMETRIC_REPRESENTATION_CONTEXT(2) 
PARAMETRIC_REPRESENTATION_CONTEXT() REPRESENTATION_CONTEXT('2D SPACE',''
  ) );
#7725 = PCURVE('',#3190,#7726);
#7726 = DEFINITIONAL_REPRESENTATION('',(#7727),#7731);
#7727 = LINE('',#7728,#7729);
#7728 = CARTESIAN_POINT('',(-6.28318530718,-15.5));
#7729 = VECTOR('',#7730,1.);
#7730 = DIRECTION('',(1.,-0.));
#7731 = ( GEOMETRIC_REPRESENTATION_CONTEXT(2) 
PARAMETRIC_REPRESENTATION_CONTEXT() REPRESENTATION_CONTEXT('2D SPACE',''
  ) );
#7732 = ADVANCED_FACE('',(#7733),#2388,.F.);
#7733 = FACE_BOUND('',#7734,.F.);
#7734 = EDGE_LOOP('',(#7735,#7758,#7759,#7782));
#7735 = ORIENTED_EDGE('',*,*,#7736,.F.);
#7736 = EDGE_CURVE('',#2372,#7737,#7739,.T.);
#7737 = VERTEX_POINT('',#7738);
#7738 = CARTESIAN_POINT('',(58.182228425185,-40.69187013986,32.5));
#7739 = SURFACE_CURVE('',#7740,(#7744,#7751),.PCURVE_S1.);
#7740 = LINE('',#7741,#7742);
#7741 = CARTESIAN_POINT('',(63.164861602573,-44.05269865431,32.5));
#7742 = VECTOR('',#7743,1.);
#7743 = DIRECTION('',(-0.829037572555,0.559192903471,0.));
#7744 = PCURVE('',#2388,#7745);
#7745 = DEFINITIONAL_REPRESENTATION('',(#7746),#7750);
#7746 = LINE('',#7747,#7748);
#7747 = CARTESIAN_POINT('',(0.,0.));
#7748 = VECTOR('',#7749,1.);
#7749 = DIRECTION('',(0.,1.));
#7750 = ( GEOMETRIC_REPRESENTATION_CONTEXT(2) 
PARAMETRIC_REPRESENTATION_CONTEXT() REPRESENTATION_CONTEXT('2D SPACE',''
  ) );
#7751 = PCURVE('',#2419,#7752);
#7752 = DEFINITIONAL_REPRESENTATION('',(#7753),#7757);
#7753 = LINE('',#7754,#7755);
#7754 = CARTESIAN_POINT('',(15.,0.));
#7755 = VECTOR('',#7756,1.);
#7756 = DIRECTION('',(0.,-1.));
#7757 = ( GEOMETRIC_REPRESENTATION_CONTEXT(2) 
PARAMETRIC_REPRESENTATION_CONTEXT() REPRESENTATION_CONTEXT('2D SPACE',''
  ) );
#7758 = ORIENTED_EDGE('',*,*,#2369,.F.);
#7759 = ORIENTED_EDGE('',*,*,#7760,.T.);
#7760 = EDGE_CURVE('',#2370,#7761,#7763,.T.);
#7761 = VERTEX_POINT('',#7762);
#7762 = CARTESIAN_POINT('',(59.524291393515,-38.70217996573,32.5));
#7763 = SURFACE_CURVE('',#7764,(#7768,#7775),.PCURVE_S1.);
#7764 = LINE('',#7765,#7766);
#7765 = CARTESIAN_POINT('',(64.506924570903,-42.06300848018,32.5));
#7766 = VECTOR('',#7767,1.);
#7767 = DIRECTION('',(-0.829037572555,0.559192903471,0.));
#7768 = PCURVE('',#2388,#7769);
#7769 = DEFINITIONAL_REPRESENTATION('',(#7770),#7774);
#7770 = LINE('',#7771,#7772);
#7771 = CARTESIAN_POINT('',(2.4,-3.552713678801E-15));
#7772 = VECTOR('',#7773,1.);
#7773 = DIRECTION('',(0.,1.));
#7774 = ( GEOMETRIC_REPRESENTATION_CONTEXT(2) 
PARAMETRIC_REPRESENTATION_CONTEXT() REPRESENTATION_CONTEXT('2D SPACE',''
  ) );
#7775 = PCURVE('',#2476,#7776);
#7776 = DEFINITIONAL_REPRESENTATION('',(#7777),#7781);
#7777 = LINE('',#7778,#7779);
#7778 = CARTESIAN_POINT('',(15.,0.));
#7779 = VECTOR('',#7780,1.);
#7780 = DIRECTION('',(0.,-1.));
#7781 = ( GEOMETRIC_REPRESENTATION_CONTEXT(2) 
PARAMETRIC_REPRESENTATION_CONTEXT() REPRESENTATION_CONTEXT('2D SPACE',''
  ) );
#7782 = ORIENTED_EDGE('',*,*,#7783,.T.);
#7783 = EDGE_CURVE('',#7761,#7737,#7784,.T.);
#7784 = SURFACE_CURVE('',#7785,(#7790,#7801),.PCURVE_S1.);
#7785 = CIRCLE('',#7786,71.);
#7786 = AXIS2_PLACEMENT_3D('',#7787,#7788,#7789);
#7787 = CARTESIAN_POINT('',(0.,0.,32.5));
#7788 = DIRECTION('',(0.,0.,-1.));
#7789 = DIRECTION('',(1.,0.,0.));
#7790 = PCURVE('',#2388,#7791);
#7791 = DEFINITIONAL_REPRESENTATION('',(#7792),#7800);
#7792 = ( BOUNDED_CURVE() B_SPLINE_CURVE(2,(#7793,#7794,#7795,#7796,
#7797,#7798,#7799),.UNSPECIFIED.,.T.,.F.) B_SPLINE_CURVE_WITH_KNOTS((1,2
    ,2,2,2,1),(-2.094395102393,0.,2.094395102393,4.188790204786,
6.28318530718,8.377580409573),.UNSPECIFIED.) CURVE() 
GEOMETRIC_REPRESENTATION_ITEM() RATIONAL_B_SPLINE_CURVE((1.,0.5,1.,0.5,
1.,0.5,1.)) REPRESENTATION_ITEM('') );
#7793 = CARTESIAN_POINT('',(40.902696146423,18.138332348592));
#7794 = CARTESIAN_POINT('',(-61.04870284404,-50.62875457448));
#7795 = CARTESIAN_POINT('',(-69.62704756844,72.047290364167));
#7796 = CARTESIAN_POINT('',(-78.20539229284,194.72333530281));
#7797 = CARTESIAN_POINT('',(32.324351422024,140.81437728724));
#7798 = CARTESIAN_POINT('',(142.85409513689,86.905419271666));
#7799 = CARTESIAN_POINT('',(40.902696146423,18.138332348592));
#7800 = ( GEOMETRIC_REPRESENTATION_CONTEXT(2) 
PARAMETRIC_REPRESENTATION_CONTEXT() REPRESENTATION_CONTEXT('2D SPACE',''
  ) );
#7801 = PCURVE('',#3190,#7802);
#7802 = DEFINITIONAL_REPRESENTATION('',(#7803),#7807);
#7803 = LINE('',#7804,#7805);
#7804 = CARTESIAN_POINT('',(-6.28318530718,-30.5));
#7805 = VECTOR('',#7806,1.);
#7806 = DIRECTION('',(1.,-0.));
#7807 = ( GEOMETRIC_REPRESENTATION_CONTEXT(2) 
PARAMETRIC_REPRESENTATION_CONTEXT() REPRESENTATION_CONTEXT('2D SPACE',''
  ) );
#7808 = ADVANCED_FACE('',(#7809),#2476,.F.);
#7809 = FACE_BOUND('',#7810,.F.);
#7810 = EDGE_LOOP('',(#7811,#7812,#7813,#7836));
#7811 = ORIENTED_EDGE('',*,*,#7760,.F.);
#7812 = ORIENTED_EDGE('',*,*,#2463,.T.);
#7813 = ORIENTED_EDGE('',*,*,#7814,.T.);
#7814 = EDGE_CURVE('',#2431,#7815,#7817,.T.);
#7815 = VERTEX_POINT('',#7816);
#7816 = CARTESIAN_POINT('',(59.524291393515,-38.70217996573,17.5));
#7817 = SURFACE_CURVE('',#7818,(#7822,#7829),.PCURVE_S1.);
#7818 = LINE('',#7819,#7820);
#7819 = CARTESIAN_POINT('',(64.506924570903,-42.06300848018,17.5));
#7820 = VECTOR('',#7821,1.);
#7821 = DIRECTION('',(-0.829037572555,0.559192903471,0.));
#7822 = PCURVE('',#2476,#7823);
#7823 = DEFINITIONAL_REPRESENTATION('',(#7824),#7828);
#7824 = LINE('',#7825,#7826);
#7825 = CARTESIAN_POINT('',(0.,0.));
#7826 = VECTOR('',#7827,1.);
#7827 = DIRECTION('',(0.,-1.));
#7828 = ( GEOMETRIC_REPRESENTATION_CONTEXT(2) 
PARAMETRIC_REPRESENTATION_CONTEXT() REPRESENTATION_CONTEXT('2D SPACE',''
  ) );
#7829 = PCURVE('',#2447,#7830);
#7830 = DEFINITIONAL_REPRESENTATION('',(#7831),#7835);
#7831 = LINE('',#7832,#7833);
#7832 = CARTESIAN_POINT('',(2.4,-3.552713678801E-15));
#7833 = VECTOR('',#7834,1.);
#7834 = DIRECTION('',(0.,1.));
#7835 = ( GEOMETRIC_REPRESENTATION_CONTEXT(2) 
PARAMETRIC_REPRESENTATION_CONTEXT() REPRESENTATION_CONTEXT('2D SPACE',''
  ) );
#7836 = ORIENTED_EDGE('',*,*,#7837,.F.);
#7837 = EDGE_CURVE('',#7761,#7815,#7838,.T.);
#7838 = SURFACE_CURVE('',#7839,(#7843,#7849),.PCURVE_S1.);
#7839 = LINE('',#7840,#7841);
#7840 = CARTESIAN_POINT('',(59.524291393515,-38.70217996573,2.));
#7841 = VECTOR('',#7842,1.);
#7842 = DIRECTION('',(-0.,-0.,-1.));
#7843 = PCURVE('',#2476,#7844);
#7844 = DEFINITIONAL_REPRESENTATION('',(#7845),#7848);
#7845 = B_SPLINE_CURVE_WITH_KNOTS('',1,(#7846,#7847),.UNSPECIFIED.,.F.,
  .F.,(2,2),(-32.,-14.),.PIECEWISE_BEZIER_KNOTS.);
#7846 = CARTESIAN_POINT('',(16.5,-6.010141569376));
#7847 = CARTESIAN_POINT('',(-1.5,-6.010141569376));
#7848 = ( GEOMETRIC_REPRESENTATION_CONTEXT(2) 
PARAMETRIC_REPRESENTATION_CONTEXT() REPRESENTATION_CONTEXT('2D SPACE',''
  ) );
#7849 = PCURVE('',#3190,#7850);
#7850 = DEFINITIONAL_REPRESENTATION('',(#7851),#7854);
#7851 = B_SPLINE_CURVE_WITH_KNOTS('',1,(#7852,#7853),.UNSPECIFIED.,.F.,
  .F.,(2,2),(-32.,-14.),.PIECEWISE_BEZIER_KNOTS.);
#7852 = CARTESIAN_POINT('',(-5.706675574725,-32.));
#7853 = CARTESIAN_POINT('',(-5.706675574725,-14.));
#7854 = ( GEOMETRIC_REPRESENTATION_CONTEXT(2) 
PARAMETRIC_REPRESENTATION_CONTEXT() REPRESENTATION_CONTEXT('2D SPACE',''
  ) );
#7855 = ADVANCED_FACE('',(#7856),#2419,.T.);
#7856 = FACE_BOUND('',#7857,.T.);
#7857 = EDGE_LOOP('',(#7858,#7859,#7860,#7883));
#7858 = ORIENTED_EDGE('',*,*,#7736,.F.);
#7859 = ORIENTED_EDGE('',*,*,#2404,.T.);
#7860 = ORIENTED_EDGE('',*,*,#7861,.T.);
#7861 = EDGE_CURVE('',#2405,#7862,#7864,.T.);
#7862 = VERTEX_POINT('',#7863);
#7863 = CARTESIAN_POINT('',(58.182228425185,-40.69187013986,17.5));
#7864 = SURFACE_CURVE('',#7865,(#7869,#7876),.PCURVE_S1.);
#7865 = LINE('',#7866,#7867);
#7866 = CARTESIAN_POINT('',(63.164861602573,-44.05269865431,17.5));
#7867 = VECTOR('',#7868,1.);
#7868 = DIRECTION('',(-0.829037572555,0.559192903471,0.));
#7869 = PCURVE('',#2419,#7870);
#7870 = DEFINITIONAL_REPRESENTATION('',(#7871),#7875);
#7871 = LINE('',#7872,#7873);
#7872 = CARTESIAN_POINT('',(0.,0.));
#7873 = VECTOR('',#7874,1.);
#7874 = DIRECTION('',(0.,-1.));
#7875 = ( GEOMETRIC_REPRESENTATION_CONTEXT(2) 
PARAMETRIC_REPRESENTATION_CONTEXT() REPRESENTATION_CONTEXT('2D SPACE',''
  ) );
#7876 = PCURVE('',#2447,#7877);
#7877 = DEFINITIONAL_REPRESENTATION('',(#7878),#7882);
#7878 = LINE('',#7879,#7880);
#7879 = CARTESIAN_POINT('',(0.,0.));
#7880 = VECTOR('',#7881,1.);
#7881 = DIRECTION('',(0.,1.));
#7882 = ( GEOMETRIC_REPRESENTATION_CONTEXT(2) 
PARAMETRIC_REPRESENTATION_CONTEXT() REPRESENTATION_CONTEXT('2D SPACE',''
  ) );
#7883 = ORIENTED_EDGE('',*,*,#7884,.F.);
#7884 = EDGE_CURVE('',#7737,#7862,#7885,.T.);
#7885 = SURFACE_CURVE('',#7886,(#7890,#7896),.PCURVE_S1.);
#7886 = LINE('',#7887,#7888);
#7887 = CARTESIAN_POINT('',(58.182228425185,-40.69187013986,2.));
#7888 = VECTOR('',#7889,1.);
#7889 = DIRECTION('',(-0.,-0.,-1.));
#7890 = PCURVE('',#2419,#7891);
#7891 = DEFINITIONAL_REPRESENTATION('',(#7892),#7895);
#7892 = B_SPLINE_CURVE_WITH_KNOTS('',1,(#7893,#7894),.UNSPECIFIED.,.F.,
  .F.,(2,2),(-32.,-14.),.PIECEWISE_BEZIER_KNOTS.);
#7893 = CARTESIAN_POINT('',(16.5,-6.010141569376));
#7894 = CARTESIAN_POINT('',(-1.5,-6.010141569376));
#7895 = ( GEOMETRIC_REPRESENTATION_CONTEXT(2) 
PARAMETRIC_REPRESENTATION_CONTEXT() REPRESENTATION_CONTEXT('2D SPACE',''
  ) );
#7896 = PCURVE('',#3190,#7897);
#7897 = DEFINITIONAL_REPRESENTATION('',(#7898),#7901);
#7898 = B_SPLINE_CURVE_WITH_KNOTS('',1,(#7899,#7900),.UNSPECIFIED.,.F.,
  .F.,(2,2),(-32.,-14.),.PIECEWISE_BEZIER_KNOTS.);
#7899 = CARTESIAN_POINT('',(-5.672871148278,-32.));
#7900 = CARTESIAN_POINT('',(-5.672871148278,-14.));
#7901 = ( GEOMETRIC_REPRESENTATION_CONTEXT(2) 
PARAMETRIC_REPRESENTATION_CONTEXT() REPRESENTATION_CONTEXT('2D SPACE',''
  ) );
#7902 = ADVANCED_FACE('',(#7903),#2447,.T.);
#7903 = FACE_BOUND('',#7904,.T.);
#7904 = EDGE_LOOP('',(#7905,#7906,#7907,#7908));
#7905 = ORIENTED_EDGE('',*,*,#7861,.F.);
#7906 = ORIENTED_EDGE('',*,*,#2430,.F.);
#7907 = ORIENTED_EDGE('',*,*,#7814,.T.);
#7908 = ORIENTED_EDGE('',*,*,#7909,.T.);
#7909 = EDGE_CURVE('',#7815,#7862,#7910,.T.);
#7910 = SURFACE_CURVE('',#7911,(#7916,#7927),.PCURVE_S1.);
#7911 = CIRCLE('',#7912,71.);
#7912 = AXIS2_PLACEMENT_3D('',#7913,#7914,#7915);
#7913 = CARTESIAN_POINT('',(0.,0.,17.5));
#7914 = DIRECTION('',(0.,0.,-1.));
#7915 = DIRECTION('',(1.,0.,0.));
#7916 = PCURVE('',#2447,#7917);
#7917 = DEFINITIONAL_REPRESENTATION('',(#7918),#7926);
#7918 = ( BOUNDED_CURVE() B_SPLINE_CURVE(2,(#7919,#7920,#7921,#7922,
#7923,#7924,#7925),.UNSPECIFIED.,.T.,.F.) B_SPLINE_CURVE_WITH_KNOTS((1,2
    ,2,2,2,1),(-2.094395102393,0.,2.094395102393,4.188790204786,
6.28318530718,8.377580409573),.UNSPECIFIED.) CURVE() 
GEOMETRIC_REPRESENTATION_ITEM() RATIONAL_B_SPLINE_CURVE((1.,0.5,1.,0.5,
1.,0.5,1.)) REPRESENTATION_ITEM('') );
#7919 = CARTESIAN_POINT('',(40.902696146423,18.138332348592));
#7920 = CARTESIAN_POINT('',(-61.04870284404,-50.62875457448));
#7921 = CARTESIAN_POINT('',(-69.62704756844,72.047290364167));
#7922 = CARTESIAN_POINT('',(-78.20539229284,194.72333530281));
#7923 = CARTESIAN_POINT('',(32.324351422024,140.81437728724));
#7924 = CARTESIAN_POINT('',(142.85409513689,86.905419271666));
#7925 = CARTESIAN_POINT('',(40.902696146423,18.138332348592));
#7926 = ( GEOMETRIC_REPRESENTATION_CONTEXT(2) 
PARAMETRIC_REPRESENTATION_CONTEXT() REPRESENTATION_CONTEXT('2D SPACE',''
  ) );
#7927 = PCURVE('',#3190,#7928);
#7928 = DEFINITIONAL_REPRESENTATION('',(#7929),#7933);
#7929 = LINE('',#7930,#7931);
#7930 = CARTESIAN_POINT('',(-6.28318530718,-15.5));
#7931 = VECTOR('',#7932,1.);
#7932 = DIRECTION('',(1.,-0.));
#7933 = ( GEOMETRIC_REPRESENTATION_CONTEXT(2) 
PARAMETRIC_REPRESENTATION_CONTEXT() REPRESENTATION_CONTEXT('2D SPACE',''
  ) );
#7934 = ADVANCED_FACE('',(#7935),#2508,.F.);
#7935 = FACE_BOUND('',#7936,.F.);
#7936 = EDGE_LOOP('',(#7937,#7960,#7961,#7984));
#7937 = ORIENTED_EDGE('',*,*,#7938,.F.);
#7938 = EDGE_CURVE('',#2492,#7939,#7941,.T.);
#7939 = VERTEX_POINT('',#7940);
#7940 = CARTESIAN_POINT('',(66.298221945903,-25.40759270005,32.5));
#7941 = SURFACE_CURVE('',#7942,(#7946,#7953),.PCURVE_S1.);
#7942 = LINE('',#7943,#7944);
#7943 = CARTESIAN_POINT('',(71.945907628524,-27.46318218102,32.5));
#7944 = VECTOR('',#7945,1.);
#7945 = DIRECTION('',(-0.939692620786,0.342020143326,0.));
#7946 = PCURVE('',#2508,#7947);
#7947 = DEFINITIONAL_REPRESENTATION('',(#7948),#7952);
#7948 = LINE('',#7949,#7950);
#7949 = CARTESIAN_POINT('',(0.,0.));
#7950 = VECTOR('',#7951,1.);
#7951 = DIRECTION('',(0.,1.));
#7952 = ( GEOMETRIC_REPRESENTATION_CONTEXT(2) 
PARAMETRIC_REPRESENTATION_CONTEXT() REPRESENTATION_CONTEXT('2D SPACE',''
  ) );
#7953 = PCURVE('',#2539,#7954);
#7954 = DEFINITIONAL_REPRESENTATION('',(#7955),#7959);
#7955 = LINE('',#7956,#7957);
#7956 = CARTESIAN_POINT('',(15.,0.));
#7957 = VECTOR('',#7958,1.);
#7958 = DIRECTION('',(0.,-1.));
#7959 = ( GEOMETRIC_REPRESENTATION_CONTEXT(2) 
PARAMETRIC_REPRESENTATION_CONTEXT() REPRESENTATION_CONTEXT('2D SPACE',''
  ) );
#7960 = ORIENTED_EDGE('',*,*,#2489,.F.);
#7961 = ORIENTED_EDGE('',*,*,#7962,.T.);
#7962 = EDGE_CURVE('',#2490,#7963,#7965,.T.);
#7963 = VERTEX_POINT('',#7964);
#7964 = CARTESIAN_POINT('',(67.119070289884,-23.15233041016,32.5));
#7965 = SURFACE_CURVE('',#7966,(#7970,#7977),.PCURVE_S1.);
#7966 = LINE('',#7967,#7968);
#7967 = CARTESIAN_POINT('',(72.766755972506,-25.20791989113,32.5));
#7968 = VECTOR('',#7969,1.);
#7969 = DIRECTION('',(-0.939692620786,0.342020143326,0.));
#7970 = PCURVE('',#2508,#7971);
#7971 = DEFINITIONAL_REPRESENTATION('',(#7972),#7976);
#7972 = LINE('',#7973,#7974);
#7973 = CARTESIAN_POINT('',(2.4,1.06581410364E-14));
#7974 = VECTOR('',#7975,1.);
#7975 = DIRECTION('',(0.,1.));
#7976 = ( GEOMETRIC_REPRESENTATION_CONTEXT(2) 
PARAMETRIC_REPRESENTATION_CONTEXT() REPRESENTATION_CONTEXT('2D SPACE',''
  ) );
#7977 = PCURVE('',#2596,#7978);
#7978 = DEFINITIONAL_REPRESENTATION('',(#7979),#7983);
#7979 = LINE('',#7980,#7981);
#7980 = CARTESIAN_POINT('',(15.,0.));
#7981 = VECTOR('',#7982,1.);
#7982 = DIRECTION('',(0.,-1.));
#7983 = ( GEOMETRIC_REPRESENTATION_CONTEXT(2) 
PARAMETRIC_REPRESENTATION_CONTEXT() REPRESENTATION_CONTEXT('2D SPACE',''
  ) );
#7984 = ORIENTED_EDGE('',*,*,#7985,.T.);
#7985 = EDGE_CURVE('',#7963,#7939,#7986,.T.);
#7986 = SURFACE_CURVE('',#7987,(#7992,#8003),.PCURVE_S1.);
#7987 = CIRCLE('',#7988,71.);
#7988 = AXIS2_PLACEMENT_3D('',#7989,#7990,#7991);
#7989 = CARTESIAN_POINT('',(0.,0.,32.5));
#7990 = DIRECTION('',(0.,0.,-1.));
#7991 = DIRECTION('',(1.,0.,0.));
#7992 = PCURVE('',#2508,#7993);
#7993 = DEFINITIONAL_REPRESENTATION('',(#7994),#8002);
#7994 = ( BOUNDED_CURVE() B_SPLINE_CURVE(2,(#7995,#7996,#7997,#7998,
#7999,#8000,#8001),.UNSPECIFIED.,.T.,.F.) B_SPLINE_CURVE_WITH_KNOTS((1,2
    ,2,2,2,1),(-2.094395102393,0.,2.094395102393,4.188790204786,
6.28318530718,8.377580409573),.UNSPECIFIED.) CURVE() 
GEOMETRIC_REPRESENTATION_ITEM() RATIONAL_B_SPLINE_CURVE((1.,0.5,1.,0.5,
1.,0.5,1.)) REPRESENTATION_ITEM('') );
#7995 = CARTESIAN_POINT('',(25.483430176122,10.281823924201));
#7996 = CARTESIAN_POINT('',(-90.07584057548,-31.77831092289));
#7997 = CARTESIAN_POINT('',(-68.72135046386,89.329020614352));
#7998 = CARTESIAN_POINT('',(-47.36686035224,210.43635215159));
#7999 = CARTESIAN_POINT('',(46.837920287744,131.38915546144));
#8000 = CARTESIAN_POINT('',(141.04270092773,52.341958771296));
#8001 = CARTESIAN_POINT('',(25.483430176122,10.281823924201));
#8002 = ( GEOMETRIC_REPRESENTATION_CONTEXT(2) 
PARAMETRIC_REPRESENTATION_CONTEXT() REPRESENTATION_CONTEXT('2D SPACE',''
  ) );
#8003 = PCURVE('',#3190,#8004);
#8004 = DEFINITIONAL_REPRESENTATION('',(#8005),#8009);
#8005 = LINE('',#8006,#8007);
#8006 = CARTESIAN_POINT('',(-6.28318530718,-30.5));
#8007 = VECTOR('',#8008,1.);
#8008 = DIRECTION('',(1.,-0.));
#8009 = ( GEOMETRIC_REPRESENTATION_CONTEXT(2) 
PARAMETRIC_REPRESENTATION_CONTEXT() REPRESENTATION_CONTEXT('2D SPACE',''
  ) );
#8010 = ADVANCED_FACE('',(#8011),#2596,.F.);
#8011 = FACE_BOUND('',#8012,.F.);
#8012 = EDGE_LOOP('',(#8013,#8014,#8015,#8038));
#8013 = ORIENTED_EDGE('',*,*,#7962,.F.);
#8014 = ORIENTED_EDGE('',*,*,#2583,.T.);
#8015 = ORIENTED_EDGE('',*,*,#8016,.T.);
#8016 = EDGE_CURVE('',#2551,#8017,#8019,.T.);
#8017 = VERTEX_POINT('',#8018);
#8018 = CARTESIAN_POINT('',(67.119070289884,-23.15233041016,17.5));
#8019 = SURFACE_CURVE('',#8020,(#8024,#8031),.PCURVE_S1.);
#8020 = LINE('',#8021,#8022);
#8021 = CARTESIAN_POINT('',(72.766755972506,-25.20791989113,17.5));
#8022 = VECTOR('',#8023,1.);
#8023 = DIRECTION('',(-0.939692620786,0.342020143326,0.));
#8024 = PCURVE('',#2596,#8025);
#8025 = DEFINITIONAL_REPRESENTATION('',(#8026),#8030);
#8026 = LINE('',#8027,#8028);
#8027 = CARTESIAN_POINT('',(0.,0.));
#8028 = VECTOR('',#8029,1.);
#8029 = DIRECTION('',(0.,-1.));
#8030 = ( GEOMETRIC_REPRESENTATION_CONTEXT(2) 
PARAMETRIC_REPRESENTATION_CONTEXT() REPRESENTATION_CONTEXT('2D SPACE',''
  ) );
#8031 = PCURVE('',#2567,#8032);
#8032 = DEFINITIONAL_REPRESENTATION('',(#8033),#8037);
#8033 = LINE('',#8034,#8035);
#8034 = CARTESIAN_POINT('',(2.4,1.06581410364E-14));
#8035 = VECTOR('',#8036,1.);
#8036 = DIRECTION('',(0.,1.));
#8037 = ( GEOMETRIC_REPRESENTATION_CONTEXT(2) 
PARAMETRIC_REPRESENTATION_CONTEXT() REPRESENTATION_CONTEXT('2D SPACE',''
  ) );
#8038 = ORIENTED_EDGE('',*,*,#8039,.F.);
#8039 = EDGE_CURVE('',#7963,#8017,#8040,.T.);
#8040 = SURFACE_CURVE('',#8041,(#8045,#8051),.PCURVE_S1.);
#8041 = LINE('',#8042,#8043);
#8042 = CARTESIAN_POINT('',(67.119070289884,-23.15233041016,2.));
#8043 = VECTOR('',#8044,1.);
#8044 = DIRECTION('',(-0.,-0.,-1.));
#8045 = PCURVE('',#2596,#8046);
#8046 = DEFINITIONAL_REPRESENTATION('',(#8047),#8050);
#8047 = B_SPLINE_CURVE_WITH_KNOTS('',1,(#8048,#8049),.UNSPECIFIED.,.F.,
  .F.,(2,2),(-32.,-14.),.PIECEWISE_BEZIER_KNOTS.);
#8048 = CARTESIAN_POINT('',(16.5,-6.010141569376));
#8049 = CARTESIAN_POINT('',(-1.5,-6.010141569376));
#8050 = ( GEOMETRIC_REPRESENTATION_CONTEXT(2) 
PARAMETRIC_REPRESENTATION_CONTEXT() REPRESENTATION_CONTEXT('2D SPACE',''
  ) );
#8051 = PCURVE('',#3190,#8052);
#8052 = DEFINITIONAL_REPRESENTATION('',(#8053),#8056);
#8053 = B_SPLINE_CURVE_WITH_KNOTS('',1,(#8054,#8055),.UNSPECIFIED.,.F.,
  .F.,(2,2),(-32.,-14.),.PIECEWISE_BEZIER_KNOTS.);
#8054 = CARTESIAN_POINT('',(-5.951021670004,-32.));
#8055 = CARTESIAN_POINT('',(-5.951021670004,-14.));
#8056 = ( GEOMETRIC_REPRESENTATION_CONTEXT(2) 
PARAMETRIC_REPRESENTATION_CONTEXT() REPRESENTATION_CONTEXT('2D SPACE',''
  ) );
#8057 = ADVANCED_FACE('',(#8058),#2567,.T.);
#8058 = FACE_BOUND('',#8059,.T.);
#8059 = EDGE_LOOP('',(#8060,#8083,#8084,#8085));
#8060 = ORIENTED_EDGE('',*,*,#8061,.F.);
#8061 = EDGE_CURVE('',#2525,#8062,#8064,.T.);
#8062 = VERTEX_POINT('',#8063);
#8063 = CARTESIAN_POINT('',(66.298221945903,-25.40759270005,17.5));
#8064 = SURFACE_CURVE('',#8065,(#8069,#8076),.PCURVE_S1.);
#8065 = LINE('',#8066,#8067);
#8066 = CARTESIAN_POINT('',(71.945907628524,-27.46318218102,17.5));
#8067 = VECTOR('',#8068,1.);
#8068 = DIRECTION('',(-0.939692620786,0.342020143326,0.));
#8069 = PCURVE('',#2567,#8070);
#8070 = DEFINITIONAL_REPRESENTATION('',(#8071),#8075);
#8071 = LINE('',#8072,#8073);
#8072 = CARTESIAN_POINT('',(0.,0.));
#8073 = VECTOR('',#8074,1.);
#8074 = DIRECTION('',(0.,1.));
#8075 = ( GEOMETRIC_REPRESENTATION_CONTEXT(2) 
PARAMETRIC_REPRESENTATION_CONTEXT() REPRESENTATION_CONTEXT('2D SPACE',''
  ) );
#8076 = PCURVE('',#2539,#8077);
#8077 = DEFINITIONAL_REPRESENTATION('',(#8078),#8082);
#8078 = LINE('',#8079,#8080);
#8079 = CARTESIAN_POINT('',(0.,0.));
#8080 = VECTOR('',#8081,1.);
#8081 = DIRECTION('',(0.,-1.));
#8082 = ( GEOMETRIC_REPRESENTATION_CONTEXT(2) 
PARAMETRIC_REPRESENTATION_CONTEXT() REPRESENTATION_CONTEXT('2D SPACE',''
  ) );
#8083 = ORIENTED_EDGE('',*,*,#2550,.F.);
#8084 = ORIENTED_EDGE('',*,*,#8016,.T.);
#8085 = ORIENTED_EDGE('',*,*,#8086,.T.);
#8086 = EDGE_CURVE('',#8017,#8062,#8087,.T.);
#8087 = SURFACE_CURVE('',#8088,(#8093,#8104),.PCURVE_S1.);
#8088 = CIRCLE('',#8089,71.);
#8089 = AXIS2_PLACEMENT_3D('',#8090,#8091,#8092);
#8090 = CARTESIAN_POINT('',(0.,0.,17.5));
#8091 = DIRECTION('',(0.,0.,-1.));
#8092 = DIRECTION('',(1.,0.,0.));
#8093 = PCURVE('',#2567,#8094);
#8094 = DEFINITIONAL_REPRESENTATION('',(#8095),#8103);
#8095 = ( BOUNDED_CURVE() B_SPLINE_CURVE(2,(#8096,#8097,#8098,#8099,
#8100,#8101,#8102),.UNSPECIFIED.,.T.,.F.) B_SPLINE_CURVE_WITH_KNOTS((1,2
    ,2,2,2,1),(-2.094395102393,0.,2.094395102393,4.188790204786,
6.28318530718,8.377580409573),.UNSPECIFIED.) CURVE() 
GEOMETRIC_REPRESENTATION_ITEM() RATIONAL_B_SPLINE_CURVE((1.,0.5,1.,0.5,
1.,0.5,1.)) REPRESENTATION_ITEM('') );
#8096 = CARTESIAN_POINT('',(25.483430176122,10.281823924201));
#8097 = CARTESIAN_POINT('',(-90.07584057548,-31.77831092289));
#8098 = CARTESIAN_POINT('',(-68.72135046386,89.329020614352));
#8099 = CARTESIAN_POINT('',(-47.36686035224,210.43635215159));
#8100 = CARTESIAN_POINT('',(46.837920287744,131.38915546144));
#8101 = CARTESIAN_POINT('',(141.04270092773,52.341958771296));
#8102 = CARTESIAN_POINT('',(25.483430176122,10.281823924201));
#8103 = ( GEOMETRIC_REPRESENTATION_CONTEXT(2) 
PARAMETRIC_REPRESENTATION_CONTEXT() REPRESENTATION_CONTEXT('2D SPACE',''
  ) );
#8104 = PCURVE('',#3190,#8105);
#8105 = DEFINITIONAL_REPRESENTATION('',(#8106),#8110);
#8106 = LINE('',#8107,#8108);
#8107 = CARTESIAN_POINT('',(-6.28318530718,-15.5));
#8108 = VECTOR('',#8109,1.);
#8109 = DIRECTION('',(1.,-0.));
#8110 = ( GEOMETRIC_REPRESENTATION_CONTEXT(2) 
PARAMETRIC_REPRESENTATION_CONTEXT() REPRESENTATION_CONTEXT('2D SPACE',''
  ) );
#8111 = ADVANCED_FACE('',(#8112),#2539,.T.);
#8112 = FACE_BOUND('',#8113,.T.);
#8113 = EDGE_LOOP('',(#8114,#8115,#8116,#8117));
#8114 = ORIENTED_EDGE('',*,*,#7938,.F.);
#8115 = ORIENTED_EDGE('',*,*,#2524,.T.);
#8116 = ORIENTED_EDGE('',*,*,#8061,.T.);
#8117 = ORIENTED_EDGE('',*,*,#8118,.F.);
#8118 = EDGE_CURVE('',#7939,#8062,#8119,.T.);
#8119 = SURFACE_CURVE('',#8120,(#8124,#8130),.PCURVE_S1.);
#8120 = LINE('',#8121,#8122);
#8121 = CARTESIAN_POINT('',(66.298221945903,-25.40759270005,2.));
#8122 = VECTOR('',#8123,1.);
#8123 = DIRECTION('',(-0.,-0.,-1.));
#8124 = PCURVE('',#2539,#8125);
#8125 = DEFINITIONAL_REPRESENTATION('',(#8126),#8129);
#8126 = B_SPLINE_CURVE_WITH_KNOTS('',1,(#8127,#8128),.UNSPECIFIED.,.F.,
  .F.,(2,2),(-32.,-14.),.PIECEWISE_BEZIER_KNOTS.);
#8127 = CARTESIAN_POINT('',(16.5,-6.010141569376));
#8128 = CARTESIAN_POINT('',(-1.5,-6.010141569376));
#8129 = ( GEOMETRIC_REPRESENTATION_CONTEXT(2) 
PARAMETRIC_REPRESENTATION_CONTEXT() REPRESENTATION_CONTEXT('2D SPACE',''
  ) );
#8130 = PCURVE('',#3190,#8131);
#8131 = DEFINITIONAL_REPRESENTATION('',(#8132),#8135);
#8132 = B_SPLINE_CURVE_WITH_KNOTS('',1,(#8133,#8134),.UNSPECIFIED.,.F.,
  .F.,(2,2),(-32.,-14.),.PIECEWISE_BEZIER_KNOTS.);
#8133 = CARTESIAN_POINT('',(-5.917217243557,-32.));
#8134 = CARTESIAN_POINT('',(-5.917217243557,-14.));
#8135 = ( GEOMETRIC_REPRESENTATION_CONTEXT(2) 
PARAMETRIC_REPRESENTATION_CONTEXT() REPRESENTATION_CONTEXT('2D SPACE',''
  ) );
#8136 = ADVANCED_FACE('',(#8137),#2628,.T.);
#8137 = FACE_BOUND('',#8138,.T.);
#8138 = EDGE_LOOP('',(#8139,#8162,#8163));
#8139 = ORIENTED_EDGE('',*,*,#8140,.F.);
#8140 = EDGE_CURVE('',#2610,#8141,#8143,.T.);
#8141 = VERTEX_POINT('',#8142);
#8142 = CARTESIAN_POINT('',(43.,61.,29.));
#8143 = SURFACE_CURVE('',#8144,(#8148,#8155),.PCURVE_S1.);
#8144 = LINE('',#8145,#8146);
#8145 = CARTESIAN_POINT('',(35.,61.,29.));
#8146 = VECTOR('',#8147,1.);
#8147 = DIRECTION('',(1.,0.,0.));
#8148 = PCURVE('',#2628,#8149);
#8149 = DEFINITIONAL_REPRESENTATION('',(#8150),#8154);
#8150 = LINE('',#8151,#8152);
#8151 = CARTESIAN_POINT('',(0.,6.));
#8152 = VECTOR('',#8153,1.);
#8153 = DIRECTION('',(1.,0.));
#8154 = ( GEOMETRIC_REPRESENTATION_CONTEXT(2) 
PARAMETRIC_REPRESENTATION_CONTEXT() REPRESENTATION_CONTEXT('2D SPACE',''
  ) );
#8155 = PCURVE('',#2716,#8156);
#8156 = DEFINITIONAL_REPRESENTATION('',(#8157),#8161);
#8157 = LINE('',#8158,#8159);
#8158 = CARTESIAN_POINT('',(10.,0.));
#8159 = VECTOR('',#8160,1.);
#8160 = DIRECTION('',(0.,1.));
#8161 = ( GEOMETRIC_REPRESENTATION_CONTEXT(2) 
PARAMETRIC_REPRESENTATION_CONTEXT() REPRESENTATION_CONTEXT('2D SPACE',''
  ) );
#8162 = ORIENTED_EDGE('',*,*,#2609,.T.);
#8163 = ORIENTED_EDGE('',*,*,#8164,.T.);
#8164 = EDGE_CURVE('',#2612,#8141,#8165,.T.);
#8165 = SURFACE_CURVE('',#8166,(#8170,#8177),.PCURVE_S1.);
#8166 = LINE('',#8167,#8168);
#8167 = CARTESIAN_POINT('',(43.,55.,29.));
#8168 = VECTOR('',#8169,1.);
#8169 = DIRECTION('',(0.,1.,0.));
#8170 = PCURVE('',#2628,#8171);
#8171 = DEFINITIONAL_REPRESENTATION('',(#8172),#8176);
#8172 = LINE('',#8173,#8174);
#8173 = CARTESIAN_POINT('',(8.,0.));
#8174 = VECTOR('',#8175,1.);
#8175 = DIRECTION('',(0.,1.));
#8176 = ( GEOMETRIC_REPRESENTATION_CONTEXT(2) 
PARAMETRIC_REPRESENTATION_CONTEXT() REPRESENTATION_CONTEXT('2D SPACE',''
  ) );
#8177 = PCURVE('',#2659,#8178);
#8178 = DEFINITIONAL_REPRESENTATION('',(#8179),#8183);
#8179 = LINE('',#8180,#8181);
#8180 = CARTESIAN_POINT('',(10.,0.));
#8181 = VECTOR('',#8182,1.);
#8182 = DIRECTION('',(0.,-1.));
#8183 = ( GEOMETRIC_REPRESENTATION_CONTEXT(2) 
PARAMETRIC_REPRESENTATION_CONTEXT() REPRESENTATION_CONTEXT('2D SPACE',''
  ) );
#8184 = ADVANCED_FACE('',(#8185),#2716,.T.);
#8185 = FACE_BOUND('',#8186,.T.);
#8186 = EDGE_LOOP('',(#8187,#8210,#8211,#8212));
#8187 = ORIENTED_EDGE('',*,*,#8188,.F.);
#8188 = EDGE_CURVE('',#2671,#8189,#8191,.T.);
#8189 = VERTEX_POINT('',#8190);
#8190 = CARTESIAN_POINT('',(43.,61.,19.));
#8191 = SURFACE_CURVE('',#8192,(#8196,#8203),.PCURVE_S1.);
#8192 = LINE('',#8193,#8194);
#8193 = CARTESIAN_POINT('',(35.,61.,19.));
#8194 = VECTOR('',#8195,1.);
#8195 = DIRECTION('',(1.,0.,0.));
#8196 = PCURVE('',#2716,#8197);
#8197 = DEFINITIONAL_REPRESENTATION('',(#8198),#8202);
#8198 = LINE('',#8199,#8200);
#8199 = CARTESIAN_POINT('',(0.,0.));
#8200 = VECTOR('',#8201,1.);
#8201 = DIRECTION('',(0.,1.));
#8202 = ( GEOMETRIC_REPRESENTATION_CONTEXT(2) 
PARAMETRIC_REPRESENTATION_CONTEXT() REPRESENTATION_CONTEXT('2D SPACE',''
  ) );
#8203 = PCURVE('',#2687,#8204);
#8204 = DEFINITIONAL_REPRESENTATION('',(#8205),#8209);
#8205 = LINE('',#8206,#8207);
#8206 = CARTESIAN_POINT('',(0.,6.));
#8207 = VECTOR('',#8208,1.);
#8208 = DIRECTION('',(1.,0.));
#8209 = ( GEOMETRIC_REPRESENTATION_CONTEXT(2) 
PARAMETRIC_REPRESENTATION_CONTEXT() REPRESENTATION_CONTEXT('2D SPACE',''
  ) );
#8210 = ORIENTED_EDGE('',*,*,#2703,.F.);
#8211 = ORIENTED_EDGE('',*,*,#8140,.T.);
#8212 = ORIENTED_EDGE('',*,*,#8213,.F.);
#8213 = EDGE_CURVE('',#8189,#8141,#8214,.T.);
#8214 = SURFACE_CURVE('',#8215,(#8219,#8226),.PCURVE_S1.);
#8215 = LINE('',#8216,#8217);
#8216 = CARTESIAN_POINT('',(43.,61.,19.));
#8217 = VECTOR('',#8218,1.);
#8218 = DIRECTION('',(0.,0.,1.));
#8219 = PCURVE('',#2716,#8220);
#8220 = DEFINITIONAL_REPRESENTATION('',(#8221),#8225);
#8221 = LINE('',#8222,#8223);
#8222 = CARTESIAN_POINT('',(0.,8.));
#8223 = VECTOR('',#8224,1.);
#8224 = DIRECTION('',(1.,0.));
#8225 = ( GEOMETRIC_REPRESENTATION_CONTEXT(2) 
PARAMETRIC_REPRESENTATION_CONTEXT() REPRESENTATION_CONTEXT('2D SPACE',''
  ) );
#8226 = PCURVE('',#2659,#8227);
#8227 = DEFINITIONAL_REPRESENTATION('',(#8228),#8232);
#8228 = LINE('',#8229,#8230);
#8229 = CARTESIAN_POINT('',(0.,-6.));
#8230 = VECTOR('',#8231,1.);
#8231 = DIRECTION('',(1.,0.));
#8232 = ( GEOMETRIC_REPRESENTATION_CONTEXT(2) 
PARAMETRIC_REPRESENTATION_CONTEXT() REPRESENTATION_CONTEXT('2D SPACE',''
  ) );
#8233 = ADVANCED_FACE('',(#8234),#2659,.T.);
#8234 = FACE_BOUND('',#8235,.T.);
#8235 = EDGE_LOOP('',(#8236,#8237,#8238,#8259));
#8236 = ORIENTED_EDGE('',*,*,#8164,.F.);
#8237 = ORIENTED_EDGE('',*,*,#2644,.T.);
#8238 = ORIENTED_EDGE('',*,*,#8239,.T.);
#8239 = EDGE_CURVE('',#2645,#8189,#8240,.T.);
#8240 = SURFACE_CURVE('',#8241,(#8245,#8252),.PCURVE_S1.);
#8241 = LINE('',#8242,#8243);
#8242 = CARTESIAN_POINT('',(43.,55.,19.));
#8243 = VECTOR('',#8244,1.);
#8244 = DIRECTION('',(0.,1.,0.));
#8245 = PCURVE('',#2659,#8246);
#8246 = DEFINITIONAL_REPRESENTATION('',(#8247),#8251);
#8247 = LINE('',#8248,#8249);
#8248 = CARTESIAN_POINT('',(0.,0.));
#8249 = VECTOR('',#8250,1.);
#8250 = DIRECTION('',(0.,-1.));
#8251 = ( GEOMETRIC_REPRESENTATION_CONTEXT(2) 
PARAMETRIC_REPRESENTATION_CONTEXT() REPRESENTATION_CONTEXT('2D SPACE',''
  ) );
#8252 = PCURVE('',#2687,#8253);
#8253 = DEFINITIONAL_REPRESENTATION('',(#8254),#8258);
#8254 = LINE('',#8255,#8256);
#8255 = CARTESIAN_POINT('',(8.,0.));
#8256 = VECTOR('',#8257,1.);
#8257 = DIRECTION('',(0.,1.));
#8258 = ( GEOMETRIC_REPRESENTATION_CONTEXT(2) 
PARAMETRIC_REPRESENTATION_CONTEXT() REPRESENTATION_CONTEXT('2D SPACE',''
  ) );
#8259 = ORIENTED_EDGE('',*,*,#8213,.T.);
#8260 = ADVANCED_FACE('',(#8261),#2687,.F.);
#8261 = FACE_BOUND('',#8262,.F.);
#8262 = EDGE_LOOP('',(#8263,#8264,#8265));
#8263 = ORIENTED_EDGE('',*,*,#8188,.F.);
#8264 = ORIENTED_EDGE('',*,*,#2670,.T.);
#8265 = ORIENTED_EDGE('',*,*,#8239,.T.);
#8266 = ADVANCED_FACE('',(#8267),#3031,.T.);
#8267 = FACE_BOUND('',#8268,.T.);
#8268 = EDGE_LOOP('',(#8269,#8270,#8271,#8272,#8273));
#8269 = ORIENTED_EDGE('',*,*,#5669,.F.);
#8270 = ORIENTED_EDGE('',*,*,#5643,.F.);
#8271 = ORIENTED_EDGE('',*,*,#3017,.F.);
#8272 = ORIENTED_EDGE('',*,*,#5819,.T.);
#8273 = ORIENTED_EDGE('',*,*,#5766,.F.);
#8274 = ADVANCED_FACE('',(#8275),#2814,.T.);
#8275 = FACE_BOUND('',#8276,.T.);
#8276 = EDGE_LOOP('',(#8277,#8278,#8279,#8280,#8281));
#8277 = ORIENTED_EDGE('',*,*,#4769,.F.);
#8278 = ORIENTED_EDGE('',*,*,#3802,.F.);
#8279 = ORIENTED_EDGE('',*,*,#2798,.F.);
#8280 = ORIENTED_EDGE('',*,*,#4919,.T.);
#8281 = ORIENTED_EDGE('',*,*,#4866,.F.);
#8282 = ADVANCED_FACE('',(#8283),#2960,.T.);
#8283 = FACE_BOUND('',#8284,.T.);
#8284 = EDGE_LOOP('',(#8285,#8286,#8287,#8288,#8289));
#8285 = ORIENTED_EDGE('',*,*,#5369,.F.);
#8286 = ORIENTED_EDGE('',*,*,#5343,.F.);
#8287 = ORIENTED_EDGE('',*,*,#2944,.F.);
#8288 = ORIENTED_EDGE('',*,*,#5519,.T.);
#8289 = ORIENTED_EDGE('',*,*,#5466,.F.);
#8290 = ADVANCED_FACE('',(#8291),#2887,.T.);
#8291 = FACE_BOUND('',#8292,.T.);
#8292 = EDGE_LOOP('',(#8293,#8294,#8295,#8296,#8297));
#8293 = ORIENTED_EDGE('',*,*,#5069,.F.);
#8294 = ORIENTED_EDGE('',*,*,#5043,.F.);
#8295 = ORIENTED_EDGE('',*,*,#2871,.F.);
#8296 = ORIENTED_EDGE('',*,*,#5219,.T.);
#8297 = ORIENTED_EDGE('',*,*,#5166,.F.);
#8298 = ADVANCED_FACE('',(#8299),#3062,.F.);
#8299 = FACE_BOUND('',#8300,.T.);
#8300 = EDGE_LOOP('',(#8301,#8324,#8351,#8352));
#8301 = ORIENTED_EDGE('',*,*,#8302,.T.);
#8302 = EDGE_CURVE('',#3046,#8303,#8305,.T.);
#8303 = VERTEX_POINT('',#8304);
#8304 = CARTESIAN_POINT('',(-55.92370205355,-33.5,8.5));
#8305 = SEAM_CURVE('',#8306,(#8310,#8317),.PCURVE_S1.);
#8306 = LINE('',#8307,#8308);
#8307 = CARTESIAN_POINT('',(-55.92370205355,-33.5,3.));
#8308 = VECTOR('',#8309,1.);
#8309 = DIRECTION('',(0.,0.,1.));
#8310 = PCURVE('',#3062,#8311);
#8311 = DEFINITIONAL_REPRESENTATION('',(#8312),#8316);
#8312 = LINE('',#8313,#8314);
#8313 = CARTESIAN_POINT('',(-0.,0.));
#8314 = VECTOR('',#8315,1.);
#8315 = DIRECTION('',(-0.,-1.));
#8316 = ( GEOMETRIC_REPRESENTATION_CONTEXT(2) 
PARAMETRIC_REPRESENTATION_CONTEXT() REPRESENTATION_CONTEXT('2D SPACE',''
  ) );
#8317 = PCURVE('',#3062,#8318);
#8318 = DEFINITIONAL_REPRESENTATION('',(#8319),#8323);
#8319 = LINE('',#8320,#8321);
#8320 = CARTESIAN_POINT('',(-6.28318530718,0.));
#8321 = VECTOR('',#8322,1.);
#8322 = DIRECTION('',(-0.,-1.));
#8323 = ( GEOMETRIC_REPRESENTATION_CONTEXT(2) 
PARAMETRIC_REPRESENTATION_CONTEXT() REPRESENTATION_CONTEXT('2D SPACE',''
  ) );
#8324 = ORIENTED_EDGE('',*,*,#8325,.T.);
#8325 = EDGE_CURVE('',#8303,#8303,#8326,.T.);
#8326 = SURFACE_CURVE('',#8327,(#8332,#8339),.PCURVE_S1.);
#8327 = CIRCLE('',#8328,2.1);
#8328 = AXIS2_PLACEMENT_3D('',#8329,#8330,#8331);
#8329 = CARTESIAN_POINT('',(-58.02370205355,-33.5,8.5));
#8330 = DIRECTION('',(0.,0.,1.));
#8331 = DIRECTION('',(1.,0.,0.));
#8332 = PCURVE('',#3062,#8333);
#8333 = DEFINITIONAL_REPRESENTATION('',(#8334),#8338);
#8334 = LINE('',#8335,#8336);
#8335 = CARTESIAN_POINT('',(-0.,-5.5));
#8336 = VECTOR('',#8337,1.);
#8337 = DIRECTION('',(-1.,0.));
#8338 = ( GEOMETRIC_REPRESENTATION_CONTEXT(2) 
PARAMETRIC_REPRESENTATION_CONTEXT() REPRESENTATION_CONTEXT('2D SPACE',''
  ) );
#8339 = PCURVE('',#8340,#8345);
#8340 = PLANE('',#8341);
#8341 = AXIS2_PLACEMENT_3D('',#8342,#8343,#8344);
#8342 = CARTESIAN_POINT('',(-58.02370205355,-33.5,8.5));
#8343 = DIRECTION('',(0.,0.,1.));
#8344 = DIRECTION('',(1.,0.,-0.));
#8345 = DEFINITIONAL_REPRESENTATION('',(#8346),#8350);
#8346 = CIRCLE('',#8347,2.1);
#8347 = AXIS2_PLACEMENT_2D('',#8348,#8349);
#8348 = CARTESIAN_POINT('',(0.,0.));
#8349 = DIRECTION('',(1.,0.));
#8350 = ( GEOMETRIC_REPRESENTATION_CONTEXT(2) 
PARAMETRIC_REPRESENTATION_CONTEXT() REPRESENTATION_CONTEXT('2D SPACE',''
  ) );
#8351 = ORIENTED_EDGE('',*,*,#8302,.F.);
#8352 = ORIENTED_EDGE('',*,*,#3045,.F.);
#8353 = ADVANCED_FACE('',(#8354),#3093,.F.);
#8354 = FACE_BOUND('',#8355,.T.);
#8355 = EDGE_LOOP('',(#8356,#8379,#8406,#8407));
#8356 = ORIENTED_EDGE('',*,*,#8357,.T.);
#8357 = EDGE_CURVE('',#3077,#8358,#8360,.T.);
#8358 = VERTEX_POINT('',#8359);
#8359 = CARTESIAN_POINT('',(60.123702053557,-33.5,8.5));
#8360 = SEAM_CURVE('',#8361,(#8365,#8372),.PCURVE_S1.);
#8361 = LINE('',#8362,#8363);
#8362 = CARTESIAN_POINT('',(60.123702053557,-33.5,3.));
#8363 = VECTOR('',#8364,1.);
#8364 = DIRECTION('',(0.,0.,1.));
#8365 = PCURVE('',#3093,#8366);
#8366 = DEFINITIONAL_REPRESENTATION('',(#8367),#8371);
#8367 = LINE('',#8368,#8369);
#8368 = CARTESIAN_POINT('',(-0.,0.));
#8369 = VECTOR('',#8370,1.);
#8370 = DIRECTION('',(-0.,-1.));
#8371 = ( GEOMETRIC_REPRESENTATION_CONTEXT(2) 
PARAMETRIC_REPRESENTATION_CONTEXT() REPRESENTATION_CONTEXT('2D SPACE',''
  ) );
#8372 = PCURVE('',#3093,#8373);
#8373 = DEFINITIONAL_REPRESENTATION('',(#8374),#8378);
#8374 = LINE('',#8375,#8376);
#8375 = CARTESIAN_POINT('',(-6.28318530718,0.));
#8376 = VECTOR('',#8377,1.);
#8377 = DIRECTION('',(-0.,-1.));
#8378 = ( GEOMETRIC_REPRESENTATION_CONTEXT(2) 
PARAMETRIC_REPRESENTATION_CONTEXT() REPRESENTATION_CONTEXT('2D SPACE',''
  ) );
#8379 = ORIENTED_EDGE('',*,*,#8380,.T.);
#8380 = EDGE_CURVE('',#8358,#8358,#8381,.T.);
#8381 = SURFACE_CURVE('',#8382,(#8387,#8394),.PCURVE_S1.);
#8382 = CIRCLE('',#8383,2.1);
#8383 = AXIS2_PLACEMENT_3D('',#8384,#8385,#8386);
#8384 = CARTESIAN_POINT('',(58.023702053557,-33.5,8.5));
#8385 = DIRECTION('',(0.,0.,1.));
#8386 = DIRECTION('',(1.,0.,0.));
#8387 = PCURVE('',#3093,#8388);
#8388 = DEFINITIONAL_REPRESENTATION('',(#8389),#8393);
#8389 = LINE('',#8390,#8391);
#8390 = CARTESIAN_POINT('',(-0.,-5.5));
#8391 = VECTOR('',#8392,1.);
#8392 = DIRECTION('',(-1.,0.));
#8393 = ( GEOMETRIC_REPRESENTATION_CONTEXT(2) 
PARAMETRIC_REPRESENTATION_CONTEXT() REPRESENTATION_CONTEXT('2D SPACE',''
  ) );
#8394 = PCURVE('',#8395,#8400);
#8395 = PLANE('',#8396);
#8396 = AXIS2_PLACEMENT_3D('',#8397,#8398,#8399);
#8397 = CARTESIAN_POINT('',(58.023702053557,-33.5,8.5));
#8398 = DIRECTION('',(0.,0.,1.));
#8399 = DIRECTION('',(1.,0.,-0.));
#8400 = DEFINITIONAL_REPRESENTATION('',(#8401),#8405);
#8401 = CIRCLE('',#8402,2.1);
#8402 = AXIS2_PLACEMENT_2D('',#8403,#8404);
#8403 = CARTESIAN_POINT('',(0.,0.));
#8404 = DIRECTION('',(1.,0.));
#8405 = ( GEOMETRIC_REPRESENTATION_CONTEXT(2) 
PARAMETRIC_REPRESENTATION_CONTEXT() REPRESENTATION_CONTEXT('2D SPACE',''
  ) );
#8406 = ORIENTED_EDGE('',*,*,#8357,.F.);
#8407 = ORIENTED_EDGE('',*,*,#3076,.F.);
#8408 = ADVANCED_FACE('',(#8409),#3124,.F.);
#8409 = FACE_BOUND('',#8410,.T.);
#8410 = EDGE_LOOP('',(#8411,#8434,#8461,#8462));
#8411 = ORIENTED_EDGE('',*,*,#8412,.T.);
#8412 = EDGE_CURVE('',#3108,#8413,#8415,.T.);
#8413 = VERTEX_POINT('',#8414);
#8414 = CARTESIAN_POINT('',(-55.92370205355,33.5,8.5));
#8415 = SEAM_CURVE('',#8416,(#8420,#8427),.PCURVE_S1.);
#8416 = LINE('',#8417,#8418);
#8417 = CARTESIAN_POINT('',(-55.92370205355,33.5,3.));
#8418 = VECTOR('',#8419,1.);
#8419 = DIRECTION('',(0.,0.,1.));
#8420 = PCURVE('',#3124,#8421);
#8421 = DEFINITIONAL_REPRESENTATION('',(#8422),#8426);
#8422 = LINE('',#8423,#8424);
#8423 = CARTESIAN_POINT('',(-0.,0.));
#8424 = VECTOR('',#8425,1.);
#8425 = DIRECTION('',(-0.,-1.));
#8426 = ( GEOMETRIC_REPRESENTATION_CONTEXT(2) 
PARAMETRIC_REPRESENTATION_CONTEXT() REPRESENTATION_CONTEXT('2D SPACE',''
  ) );
#8427 = PCURVE('',#3124,#8428);
#8428 = DEFINITIONAL_REPRESENTATION('',(#8429),#8433);
#8429 = LINE('',#8430,#8431);
#8430 = CARTESIAN_POINT('',(-6.28318530718,0.));
#8431 = VECTOR('',#8432,1.);
#8432 = DIRECTION('',(-0.,-1.));
#8433 = ( GEOMETRIC_REPRESENTATION_CONTEXT(2) 
PARAMETRIC_REPRESENTATION_CONTEXT() REPRESENTATION_CONTEXT('2D SPACE',''
  ) );
#8434 = ORIENTED_EDGE('',*,*,#8435,.T.);
#8435 = EDGE_CURVE('',#8413,#8413,#8436,.T.);
#8436 = SURFACE_CURVE('',#8437,(#8442,#8449),.PCURVE_S1.);
#8437 = CIRCLE('',#8438,2.1);
#8438 = AXIS2_PLACEMENT_3D('',#8439,#8440,#8441);
#8439 = CARTESIAN_POINT('',(-58.02370205355,33.5,8.5));
#8440 = DIRECTION('',(0.,0.,1.));
#8441 = DIRECTION('',(1.,0.,0.));
#8442 = PCURVE('',#3124,#8443);
#8443 = DEFINITIONAL_REPRESENTATION('',(#8444),#8448);
#8444 = LINE('',#8445,#8446);
#8445 = CARTESIAN_POINT('',(-0.,-5.5));
#8446 = VECTOR('',#8447,1.);
#8447 = DIRECTION('',(-1.,0.));
#8448 = ( GEOMETRIC_REPRESENTATION_CONTEXT(2) 
PARAMETRIC_REPRESENTATION_CONTEXT() REPRESENTATION_CONTEXT('2D SPACE',''
  ) );
#8449 = PCURVE('',#8450,#8455);
#8450 = PLANE('',#8451);
#8451 = AXIS2_PLACEMENT_3D('',#8452,#8453,#8454);
#8452 = CARTESIAN_POINT('',(-58.02370205355,33.5,8.5));
#8453 = DIRECTION('',(0.,0.,1.));
#8454 = DIRECTION('',(1.,0.,-0.));
#8455 = DEFINITIONAL_REPRESENTATION('',(#8456),#8460);
#8456 = CIRCLE('',#8457,2.1);
#8457 = AXIS2_PLACEMENT_2D('',#8458,#8459);
#8458 = CARTESIAN_POINT('',(0.,0.));
#8459 = DIRECTION('',(1.,0.));
#8460 = ( GEOMETRIC_REPRESENTATION_CONTEXT(2) 
PARAMETRIC_REPRESENTATION_CONTEXT() REPRESENTATION_CONTEXT('2D SPACE',''
  ) );
#8461 = ORIENTED_EDGE('',*,*,#8412,.F.);
#8462 = ORIENTED_EDGE('',*,*,#3107,.F.);
#8463 = ADVANCED_FACE('',(#8464),#3157,.T.);
#8464 = FACE_BOUND('',#8465,.F.);
#8465 = EDGE_LOOP('',(#8466,#8467,#8488,#8517));
#8466 = ORIENTED_EDGE('',*,*,#3138,.F.);
#8467 = ORIENTED_EDGE('',*,*,#8468,.F.);
#8468 = EDGE_CURVE('',#8469,#3139,#8471,.T.);
#8469 = VERTEX_POINT('',#8470);
#8470 = CARTESIAN_POINT('',(59.885875948927,38.140291842482,15.));
#8471 = SURFACE_CURVE('',#8472,(#8476,#8482),.PCURVE_S1.);
#8472 = LINE('',#8473,#8474);
#8473 = CARTESIAN_POINT('',(59.885875948927,38.140291842482,2.));
#8474 = VECTOR('',#8475,1.);
#8475 = DIRECTION('',(-0.,-0.,-1.));
#8476 = PCURVE('',#3157,#8477);
#8477 = DEFINITIONAL_REPRESENTATION('',(#8478),#8481);
#8478 = B_SPLINE_CURVE_WITH_KNOTS('',1,(#8479,#8480),.UNSPECIFIED.,.F.,
  .F.,(2,2),(-13.0000006,-0.9999994),.PIECEWISE_BEZIER_KNOTS.);
#8479 = CARTESIAN_POINT('',(-1.189165163372,-12.0000006));
#8480 = CARTESIAN_POINT('',(-1.189165163372,5.999999999062E-07));
#8481 = ( GEOMETRIC_REPRESENTATION_CONTEXT(2) 
PARAMETRIC_REPRESENTATION_CONTEXT() REPRESENTATION_CONTEXT('2D SPACE',''
  ) );
#8482 = PCURVE('',#3190,#8483);
#8483 = DEFINITIONAL_REPRESENTATION('',(#8484),#8487);
#8484 = B_SPLINE_CURVE_WITH_KNOTS('',1,(#8485,#8486),.UNSPECIFIED.,.F.,
  .F.,(2,2),(-13.0000006,-0.9999994),.PIECEWISE_BEZIER_KNOTS.);
#8485 = CARTESIAN_POINT('',(-6.850284049118,-13.0000006));
#8486 = CARTESIAN_POINT('',(-6.850284049118,-0.9999994));
#8487 = ( GEOMETRIC_REPRESENTATION_CONTEXT(2) 
PARAMETRIC_REPRESENTATION_CONTEXT() REPRESENTATION_CONTEXT('2D SPACE',''
  ) );
#8488 = ORIENTED_EDGE('',*,*,#8489,.T.);
#8489 = EDGE_CURVE('',#8469,#8490,#8492,.T.);
#8490 = VERTEX_POINT('',#8491);
#8491 = CARTESIAN_POINT('',(62.973399617805,32.792543978414,15.));
#8492 = SURFACE_CURVE('',#8493,(#8498,#8505),.PCURVE_S1.);
#8493 = CIRCLE('',#8494,5.);
#8494 = AXIS2_PLACEMENT_3D('',#8495,#8496,#8497);
#8495 = CARTESIAN_POINT('',(58.023702053557,33.5,15.));
#8496 = DIRECTION('',(0.,0.,1.));
#8497 = DIRECTION('',(1.,0.,0.));
#8498 = PCURVE('',#3157,#8499);
#8499 = DEFINITIONAL_REPRESENTATION('',(#8500),#8504);
#8500 = LINE('',#8501,#8502);
#8501 = CARTESIAN_POINT('',(-0.,-12.));
#8502 = VECTOR('',#8503,1.);
#8503 = DIRECTION('',(-1.,0.));
#8504 = ( GEOMETRIC_REPRESENTATION_CONTEXT(2) 
PARAMETRIC_REPRESENTATION_CONTEXT() REPRESENTATION_CONTEXT('2D SPACE',''
  ) );
#8505 = PCURVE('',#8506,#8511);
#8506 = PLANE('',#8507);
#8507 = AXIS2_PLACEMENT_3D('',#8508,#8509,#8510);
#8508 = CARTESIAN_POINT('',(58.023702053557,33.5,15.));
#8509 = DIRECTION('',(0.,0.,1.));
#8510 = DIRECTION('',(1.,0.,-0.));
#8511 = DEFINITIONAL_REPRESENTATION('',(#8512),#8516);
#8512 = CIRCLE('',#8513,5.);
#8513 = AXIS2_PLACEMENT_2D('',#8514,#8515);
#8514 = CARTESIAN_POINT('',(0.,0.));
#8515 = DIRECTION('',(1.,0.));
#8516 = ( GEOMETRIC_REPRESENTATION_CONTEXT(2) 
PARAMETRIC_REPRESENTATION_CONTEXT() REPRESENTATION_CONTEXT('2D SPACE',''
  ) );
#8517 = ORIENTED_EDGE('',*,*,#8518,.T.);
#8518 = EDGE_CURVE('',#8490,#3141,#8519,.T.);
#8519 = SURFACE_CURVE('',#8520,(#8524,#8530),.PCURVE_S1.);
#8520 = LINE('',#8521,#8522);
#8521 = CARTESIAN_POINT('',(62.973399617805,32.792543978414,2.));
#8522 = VECTOR('',#8523,1.);
#8523 = DIRECTION('',(-0.,-0.,-1.));
#8524 = PCURVE('',#3157,#8525);
#8525 = DEFINITIONAL_REPRESENTATION('',(#8526),#8529);
#8526 = B_SPLINE_CURVE_WITH_KNOTS('',1,(#8527,#8528),.UNSPECIFIED.,.F.,
  .F.,(2,2),(-13.0000006,-0.9999994),.PIECEWISE_BEZIER_KNOTS.);
#8527 = CARTESIAN_POINT('',(-6.141217695004,-12.0000006));
#8528 = CARTESIAN_POINT('',(-6.141217695004,5.999999999062E-07));
#8529 = ( GEOMETRIC_REPRESENTATION_CONTEXT(2) 
PARAMETRIC_REPRESENTATION_CONTEXT() REPRESENTATION_CONTEXT('2D SPACE',''
  ) );
#8530 = PCURVE('',#3190,#8531);
#8531 = DEFINITIONAL_REPRESENTATION('',(#8532),#8535);
#8532 = B_SPLINE_CURVE_WITH_KNOTS('',1,(#8533,#8534),.UNSPECIFIED.,.F.,
  .F.,(2,2),(-13.0000006,-0.9999994),.PIECEWISE_BEZIER_KNOTS.);
#8533 = CARTESIAN_POINT('',(-6.763284116438,-13.0000006));
#8534 = CARTESIAN_POINT('',(-6.763284116438,-0.9999994));
#8535 = ( GEOMETRIC_REPRESENTATION_CONTEXT(2) 
PARAMETRIC_REPRESENTATION_CONTEXT() REPRESENTATION_CONTEXT('2D SPACE',''
  ) );
#8536 = ADVANCED_FACE('',(#8537,#9239,#9245,#9251,#9257,#9263,#9269,
    #9275,#9281,#9287,#9293,#9299),#3190,.F.);
#8537 = FACE_BOUND('',#8538,.T.);
#8538 = EDGE_LOOP('',(#8539,#8540,#8561,#8594,#8620,#8653,#8672,#8673,
    #8674,#8700,#8701,#8702,#8723,#8756,#8775,#8776,#8797,#8830,#8849,
    #8850,#8871,#8904,#8923,#8924,#8943,#8944,#8965,#8998,#9017,#9018,
    #9039,#9072,#9091,#9092,#9113,#9146,#9165,#9166,#9187,#9220));
#8539 = ORIENTED_EDGE('',*,*,#4618,.F.);
#8540 = ORIENTED_EDGE('',*,*,#8541,.T.);
#8541 = EDGE_CURVE('',#4597,#8542,#8544,.T.);
#8542 = VERTEX_POINT('',#8543);
#8543 = CARTESIAN_POINT('',(37.960505792205,60.,29.));
#8544 = SURFACE_CURVE('',#8545,(#8549,#8555),.PCURVE_S1.);
#8545 = LINE('',#8546,#8547);
#8546 = CARTESIAN_POINT('',(37.960505792205,60.,2.));
#8547 = VECTOR('',#8548,1.);
#8548 = DIRECTION('',(-0.,-0.,-1.));
#8549 = PCURVE('',#3190,#8550);
#8550 = DEFINITIONAL_REPRESENTATION('',(#8551),#8554);
#8551 = B_SPLINE_CURVE_WITH_KNOTS('',1,(#8552,#8553),.UNSPECIFIED.,.F.,
  .F.,(2,2),(-68.,0.),.PIECEWISE_BEZIER_KNOTS.);
#8552 = CARTESIAN_POINT('',(-7.289882176382,-68.));
#8553 = CARTESIAN_POINT('',(-7.289882176382,0.));
#8554 = ( GEOMETRIC_REPRESENTATION_CONTEXT(2) 
PARAMETRIC_REPRESENTATION_CONTEXT() REPRESENTATION_CONTEXT('2D SPACE',''
  ) );
#8555 = PCURVE('',#3397,#8556);
#8556 = DEFINITIONAL_REPRESENTATION('',(#8557),#8560);
#8557 = B_SPLINE_CURVE_WITH_KNOTS('',1,(#8558,#8559),.UNSPECIFIED.,.F.,
  .F.,(2,2),(-68.0000006,5.999999999062E-07),.PIECEWISE_BEZIER_KNOTS.);
#8558 = CARTESIAN_POINT('',(72.0000006,120.9605057922));
#8559 = CARTESIAN_POINT('',(3.9999994,120.9605057922));
#8560 = ( GEOMETRIC_REPRESENTATION_CONTEXT(2) 
PARAMETRIC_REPRESENTATION_CONTEXT() REPRESENTATION_CONTEXT('2D SPACE',''
  ) );
#8561 = ORIENTED_EDGE('',*,*,#8562,.T.);
#8562 = EDGE_CURVE('',#8542,#8563,#8565,.T.);
#8563 = VERTEX_POINT('',#8564);
#8564 = CARTESIAN_POINT('',(43.,56.497787567302,29.));
#8565 = SURFACE_CURVE('',#8566,(#8571,#8578),.PCURVE_S1.);
#8566 = CIRCLE('',#8567,71.);
#8567 = AXIS2_PLACEMENT_3D('',#8568,#8569,#8570);
#8568 = CARTESIAN_POINT('',(0.,0.,29.));
#8569 = DIRECTION('',(0.,0.,-1.));
#8570 = DIRECTION('',(1.,0.,0.));
#8571 = PCURVE('',#3190,#8572);
#8572 = DEFINITIONAL_REPRESENTATION('',(#8573),#8577);
#8573 = LINE('',#8574,#8575);
#8574 = CARTESIAN_POINT('',(-12.56637061435,-27.));
#8575 = VECTOR('',#8576,1.);
#8576 = DIRECTION('',(1.,-0.));
#8577 = ( GEOMETRIC_REPRESENTATION_CONTEXT(2) 
PARAMETRIC_REPRESENTATION_CONTEXT() REPRESENTATION_CONTEXT('2D SPACE',''
  ) );
#8578 = PCURVE('',#8579,#8584);
#8579 = PLANE('',#8580);
#8580 = AXIS2_PLACEMENT_3D('',#8581,#8582,#8583);
#8581 = CARTESIAN_POINT('',(35.,55.,29.));
#8582 = DIRECTION('',(0.,0.,1.));
#8583 = DIRECTION('',(1.,0.,0.));
#8584 = DEFINITIONAL_REPRESENTATION('',(#8585),#8593);
#8585 = ( BOUNDED_CURVE() B_SPLINE_CURVE(2,(#8586,#8587,#8588,#8589,
#8590,#8591,#8592),.UNSPECIFIED.,.T.,.F.) B_SPLINE_CURVE_WITH_KNOTS((1,2
    ,2,2,2,1),(-2.094395102393,0.,2.094395102393,4.188790204786,
6.28318530718,8.377580409573),.UNSPECIFIED.) CURVE() 
GEOMETRIC_REPRESENTATION_ITEM() RATIONAL_B_SPLINE_CURVE((1.,0.5,1.,0.5,
1.,0.5,1.)) REPRESENTATION_ITEM('') );
#8586 = CARTESIAN_POINT('',(36.,-55.));
#8587 = CARTESIAN_POINT('',(36.,-177.9756073373));
#8588 = CARTESIAN_POINT('',(-70.5,-116.4878036686));
#8589 = CARTESIAN_POINT('',(-177.,-55.));
#8590 = CARTESIAN_POINT('',(-70.5,6.487803668695));
#8591 = CARTESIAN_POINT('',(36.,67.97560733739));
#8592 = CARTESIAN_POINT('',(36.,-55.));
#8593 = ( GEOMETRIC_REPRESENTATION_CONTEXT(2) 
PARAMETRIC_REPRESENTATION_CONTEXT() REPRESENTATION_CONTEXT('2D SPACE',''
  ) );
#8594 = ORIENTED_EDGE('',*,*,#8595,.T.);
#8595 = EDGE_CURVE('',#8563,#8596,#8598,.T.);
#8596 = VERTEX_POINT('',#8597);
#8597 = CARTESIAN_POINT('',(43.,56.497787567302,19.));
#8598 = SURFACE_CURVE('',#8599,(#8603,#8609),.PCURVE_S1.);
#8599 = LINE('',#8600,#8601);
#8600 = CARTESIAN_POINT('',(43.,56.497787567302,2.));
#8601 = VECTOR('',#8602,1.);
#8602 = DIRECTION('',(-0.,-0.,-1.));
#8603 = PCURVE('',#3190,#8604);
#8604 = DEFINITIONAL_REPRESENTATION('',(#8605),#8608);
#8605 = B_SPLINE_CURVE_WITH_KNOTS('',1,(#8606,#8607),.UNSPECIFIED.,.F.,
  .F.,(2,2),(-28.,-16.),.PIECEWISE_BEZIER_KNOTS.);
#8606 = CARTESIAN_POINT('',(-7.203419516371,-28.));
#8607 = CARTESIAN_POINT('',(-7.203419516371,-16.));
#8608 = ( GEOMETRIC_REPRESENTATION_CONTEXT(2) 
PARAMETRIC_REPRESENTATION_CONTEXT() REPRESENTATION_CONTEXT('2D SPACE',''
  ) );
#8609 = PCURVE('',#8610,#8615);
#8610 = PLANE('',#8611);
#8611 = AXIS2_PLACEMENT_3D('',#8612,#8613,#8614);
#8612 = CARTESIAN_POINT('',(43.,55.,19.));
#8613 = DIRECTION('',(1.,0.,0.));
#8614 = DIRECTION('',(0.,0.,1.));
#8615 = DEFINITIONAL_REPRESENTATION('',(#8616),#8619);
#8616 = B_SPLINE_CURVE_WITH_KNOTS('',1,(#8617,#8618),.UNSPECIFIED.,.F.,
  .F.,(2,2),(-28.,-16.),.PIECEWISE_BEZIER_KNOTS.);
#8617 = CARTESIAN_POINT('',(11.,-1.497787567302));
#8618 = CARTESIAN_POINT('',(-1.,-1.497787567302));
#8619 = ( GEOMETRIC_REPRESENTATION_CONTEXT(2) 
PARAMETRIC_REPRESENTATION_CONTEXT() REPRESENTATION_CONTEXT('2D SPACE',''
  ) );
#8620 = ORIENTED_EDGE('',*,*,#8621,.F.);
#8621 = EDGE_CURVE('',#8622,#8596,#8624,.T.);
#8622 = VERTEX_POINT('',#8623);
#8623 = CARTESIAN_POINT('',(37.960505792205,60.,19.));
#8624 = SURFACE_CURVE('',#8625,(#8630,#8637),.PCURVE_S1.);
#8625 = CIRCLE('',#8626,71.);
#8626 = AXIS2_PLACEMENT_3D('',#8627,#8628,#8629);
#8627 = CARTESIAN_POINT('',(0.,0.,19.));
#8628 = DIRECTION('',(0.,0.,-1.));
#8629 = DIRECTION('',(1.,0.,0.));
#8630 = PCURVE('',#3190,#8631);
#8631 = DEFINITIONAL_REPRESENTATION('',(#8632),#8636);
#8632 = LINE('',#8633,#8634);
#8633 = CARTESIAN_POINT('',(-12.56637061435,-17.));
#8634 = VECTOR('',#8635,1.);
#8635 = DIRECTION('',(1.,-0.));
#8636 = ( GEOMETRIC_REPRESENTATION_CONTEXT(2) 
PARAMETRIC_REPRESENTATION_CONTEXT() REPRESENTATION_CONTEXT('2D SPACE',''
  ) );
#8637 = PCURVE('',#8638,#8643);
#8638 = PLANE('',#8639);
#8639 = AXIS2_PLACEMENT_3D('',#8640,#8641,#8642);
#8640 = CARTESIAN_POINT('',(35.,55.,19.));
#8641 = DIRECTION('',(0.,0.,1.));
#8642 = DIRECTION('',(1.,0.,0.));
#8643 = DEFINITIONAL_REPRESENTATION('',(#8644),#8652);
#8644 = ( BOUNDED_CURVE() B_SPLINE_CURVE(2,(#8645,#8646,#8647,#8648,
#8649,#8650,#8651),.UNSPECIFIED.,.T.,.F.) B_SPLINE_CURVE_WITH_KNOTS((1,2
    ,2,2,2,1),(-2.094395102393,0.,2.094395102393,4.188790204786,
6.28318530718,8.377580409573),.UNSPECIFIED.) CURVE() 
GEOMETRIC_REPRESENTATION_ITEM() RATIONAL_B_SPLINE_CURVE((1.,0.5,1.,0.5,
1.,0.5,1.)) REPRESENTATION_ITEM('') );
#8645 = CARTESIAN_POINT('',(36.,-55.));
#8646 = CARTESIAN_POINT('',(36.,-177.9756073373));
#8647 = CARTESIAN_POINT('',(-70.5,-116.4878036686));
#8648 = CARTESIAN_POINT('',(-177.,-55.));
#8649 = CARTESIAN_POINT('',(-70.5,6.487803668695));
#8650 = CARTESIAN_POINT('',(36.,67.97560733739));
#8651 = CARTESIAN_POINT('',(36.,-55.));
#8652 = ( GEOMETRIC_REPRESENTATION_CONTEXT(2) 
PARAMETRIC_REPRESENTATION_CONTEXT() REPRESENTATION_CONTEXT('2D SPACE',''
  ) );
#8653 = ORIENTED_EDGE('',*,*,#8654,.T.);
#8654 = EDGE_CURVE('',#8622,#3382,#8655,.T.);
#8655 = SURFACE_CURVE('',#8656,(#8660,#8666),.PCURVE_S1.);
#8656 = LINE('',#8657,#8658);
#8657 = CARTESIAN_POINT('',(37.960505792205,60.,2.));
#8658 = VECTOR('',#8659,1.);
#8659 = DIRECTION('',(-0.,-0.,-1.));
#8660 = PCURVE('',#3190,#8661);
#8661 = DEFINITIONAL_REPRESENTATION('',(#8662),#8665);
#8662 = B_SPLINE_CURVE_WITH_KNOTS('',1,(#8663,#8664),.UNSPECIFIED.,.F.,
  .F.,(2,2),(-68.,0.),.PIECEWISE_BEZIER_KNOTS.);
#8663 = CARTESIAN_POINT('',(-7.289882176382,-68.));
#8664 = CARTESIAN_POINT('',(-7.289882176382,0.));
#8665 = ( GEOMETRIC_REPRESENTATION_CONTEXT(2) 
PARAMETRIC_REPRESENTATION_CONTEXT() REPRESENTATION_CONTEXT('2D SPACE',''
  ) );
#8666 = PCURVE('',#3397,#8667);
#8667 = DEFINITIONAL_REPRESENTATION('',(#8668),#8671);
#8668 = B_SPLINE_CURVE_WITH_KNOTS('',1,(#8669,#8670),.UNSPECIFIED.,.F.,
  .F.,(2,2),(-68.0000006,5.999999999062E-07),.PIECEWISE_BEZIER_KNOTS.);
#8669 = CARTESIAN_POINT('',(72.0000006,120.9605057922));
#8670 = CARTESIAN_POINT('',(3.9999994,120.9605057922));
#8671 = ( GEOMETRIC_REPRESENTATION_CONTEXT(2) 
PARAMETRIC_REPRESENTATION_CONTEXT() REPRESENTATION_CONTEXT('2D SPACE',''
  ) );
#8672 = ORIENTED_EDGE('',*,*,#3408,.T.);
#8673 = ORIENTED_EDGE('',*,*,#8468,.F.);
#8674 = ORIENTED_EDGE('',*,*,#8675,.T.);
#8675 = EDGE_CURVE('',#8469,#8490,#8676,.T.);
#8676 = SURFACE_CURVE('',#8677,(#8682,#8689),.PCURVE_S1.);
#8677 = CIRCLE('',#8678,71.);
#8678 = AXIS2_PLACEMENT_3D('',#8679,#8680,#8681);
#8679 = CARTESIAN_POINT('',(0.,0.,15.));
#8680 = DIRECTION('',(0.,0.,-1.));
#8681 = DIRECTION('',(0.843463041534,0.537187209049,0.));
#8682 = PCURVE('',#3190,#8683);
#8683 = DEFINITIONAL_REPRESENTATION('',(#8684),#8688);
#8684 = LINE('',#8685,#8686);
#8685 = CARTESIAN_POINT('',(-6.850284049118,-13.));
#8686 = VECTOR('',#8687,1.);
#8687 = DIRECTION('',(1.,-0.));
#8688 = ( GEOMETRIC_REPRESENTATION_CONTEXT(2) 
PARAMETRIC_REPRESENTATION_CONTEXT() REPRESENTATION_CONTEXT('2D SPACE',''
  ) );
#8689 = PCURVE('',#8506,#8690);
#8690 = DEFINITIONAL_REPRESENTATION('',(#8691),#8699);
#8691 = ( BOUNDED_CURVE() B_SPLINE_CURVE(2,(#8692,#8693,#8694,#8695,
#8696,#8697,#8698),.UNSPECIFIED.,.T.,.F.) B_SPLINE_CURVE_WITH_KNOTS((1,2
    ,2,2,2,1),(-2.094395102393,0.,2.094395102393,4.188790204786,
6.28318530718,8.377580409573),.UNSPECIFIED.) CURVE() 
GEOMETRIC_REPRESENTATION_ITEM() RATIONAL_B_SPLINE_CURVE((1.,0.5,1.,0.5,
1.,0.5,1.)) REPRESENTATION_ITEM('') );
#8692 = CARTESIAN_POINT('',(1.86217389537,4.640291842482));
#8693 = CARTESIAN_POINT('',(67.923097182053,-99.08508795682));
#8694 = CARTESIAN_POINT('',(-54.93617838468,-104.4328358208));
#8695 = CARTESIAN_POINT('',(-177.7954539514,-109.7805836849));
#8696 = CARTESIAN_POINT('',(-120.9971016713,-0.707456021586));
#8697 = CARTESIAN_POINT('',(-64.19874939131,108.36567164179));
#8698 = CARTESIAN_POINT('',(1.86217389537,4.640291842482));
#8699 = ( GEOMETRIC_REPRESENTATION_CONTEXT(2) 
PARAMETRIC_REPRESENTATION_CONTEXT() REPRESENTATION_CONTEXT('2D SPACE',''
  ) );
#8700 = ORIENTED_EDGE('',*,*,#8518,.T.);
#8701 = ORIENTED_EDGE('',*,*,#3169,.T.);
#8702 = ORIENTED_EDGE('',*,*,#8703,.F.);
#8703 = EDGE_CURVE('',#8704,#3170,#8706,.T.);
#8704 = VERTEX_POINT('',#8705);
#8705 = CARTESIAN_POINT('',(62.973399617805,-32.79254397841,15.));
#8706 = SURFACE_CURVE('',#8707,(#8711,#8717),.PCURVE_S1.);
#8707 = LINE('',#8708,#8709);
#8708 = CARTESIAN_POINT('',(62.973399617805,-32.79254397841,2.));
#8709 = VECTOR('',#8710,1.);
#8710 = DIRECTION('',(-0.,-0.,-1.));
#8711 = PCURVE('',#3190,#8712);
#8712 = DEFINITIONAL_REPRESENTATION('',(#8713),#8716);
#8713 = B_SPLINE_CURVE_WITH_KNOTS('',1,(#8714,#8715),.UNSPECIFIED.,.F.,
  .F.,(2,2),(-13.0000006,-0.9999994),.PIECEWISE_BEZIER_KNOTS.);
#8714 = CARTESIAN_POINT('',(-5.803086497921,-13.0000006));
#8715 = CARTESIAN_POINT('',(-5.803086497921,-0.9999994));
#8716 = ( GEOMETRIC_REPRESENTATION_CONTEXT(2) 
PARAMETRIC_REPRESENTATION_CONTEXT() REPRESENTATION_CONTEXT('2D SPACE',''
  ) );
#8717 = PCURVE('',#3219,#8718);
#8718 = DEFINITIONAL_REPRESENTATION('',(#8719),#8722);
#8719 = B_SPLINE_CURVE_WITH_KNOTS('',1,(#8720,#8721),.UNSPECIFIED.,.F.,
  .F.,(2,2),(-13.0000006,-0.9999994),.PIECEWISE_BEZIER_KNOTS.);
#8720 = CARTESIAN_POINT('',(-0.141967612176,-12.0000006));
#8721 = CARTESIAN_POINT('',(-0.141967612176,5.999999999062E-07));
#8722 = ( GEOMETRIC_REPRESENTATION_CONTEXT(2) 
PARAMETRIC_REPRESENTATION_CONTEXT() REPRESENTATION_CONTEXT('2D SPACE',''
  ) );
#8723 = ORIENTED_EDGE('',*,*,#8724,.T.);
#8724 = EDGE_CURVE('',#8704,#8725,#8727,.T.);
#8725 = VERTEX_POINT('',#8726);
#8726 = CARTESIAN_POINT('',(59.885875948927,-38.14029184248,15.));
#8727 = SURFACE_CURVE('',#8728,(#8733,#8740),.PCURVE_S1.);
#8728 = CIRCLE('',#8729,71.);
#8729 = AXIS2_PLACEMENT_3D('',#8730,#8731,#8732);
#8730 = CARTESIAN_POINT('',(0.,0.,15.));
#8731 = DIRECTION('',(0.,0.,-1.));
#8732 = DIRECTION('',(0.886949290392,-0.461866816597,0.));
#8733 = PCURVE('',#3190,#8734);
#8734 = DEFINITIONAL_REPRESENTATION('',(#8735),#8739);
#8735 = LINE('',#8736,#8737);
#8736 = CARTESIAN_POINT('',(-5.803086497921,-13.));
#8737 = VECTOR('',#8738,1.);
#8738 = DIRECTION('',(1.,-0.));
#8739 = ( GEOMETRIC_REPRESENTATION_CONTEXT(2) 
PARAMETRIC_REPRESENTATION_CONTEXT() REPRESENTATION_CONTEXT('2D SPACE',''
  ) );
#8740 = PCURVE('',#8741,#8746);
#8741 = PLANE('',#8742);
#8742 = AXIS2_PLACEMENT_3D('',#8743,#8744,#8745);
#8743 = CARTESIAN_POINT('',(58.023702053557,-33.5,15.));
#8744 = DIRECTION('',(0.,0.,1.));
#8745 = DIRECTION('',(1.,0.,-0.));
#8746 = DEFINITIONAL_REPRESENTATION('',(#8747),#8755);
#8747 = ( BOUNDED_CURVE() B_SPLINE_CURVE(2,(#8748,#8749,#8750,#8751,
#8752,#8753,#8754),.UNSPECIFIED.,.T.,.F.) B_SPLINE_CURVE_WITH_KNOTS((1,2
    ,2,2,2,1),(-2.094395102393,0.,2.094395102393,4.188790204786,
6.28318530718,8.377580409573),.UNSPECIFIED.) CURVE() 
GEOMETRIC_REPRESENTATION_ITEM() RATIONAL_B_SPLINE_CURVE((1.,0.5,1.,0.5,
1.,0.5,1.)) REPRESENTATION_ITEM('') );
#8748 = CARTESIAN_POINT('',(4.949697564248,0.707456021586));
#8749 = CARTESIAN_POINT('',(-51.8486547158,-108.3656716417));
#8750 = CARTESIAN_POINT('',(-117.9095780024,-4.640291842482));
#8751 = CARTESIAN_POINT('',(-183.9705012891,99.085087956828));
#8752 = CARTESIAN_POINT('',(-61.11122572243,104.43283582089));
#8753 = CARTESIAN_POINT('',(61.748049844297,109.78058368496));
#8754 = CARTESIAN_POINT('',(4.949697564248,0.707456021586));
#8755 = ( GEOMETRIC_REPRESENTATION_CONTEXT(2) 
PARAMETRIC_REPRESENTATION_CONTEXT() REPRESENTATION_CONTEXT('2D SPACE',''
  ) );
#8756 = ORIENTED_EDGE('',*,*,#8757,.T.);
#8757 = EDGE_CURVE('',#8725,#3203,#8758,.T.);
#8758 = SURFACE_CURVE('',#8759,(#8763,#8769),.PCURVE_S1.);
#8759 = LINE('',#8760,#8761);
#8760 = CARTESIAN_POINT('',(59.885875948927,-38.14029184248,2.));
#8761 = VECTOR('',#8762,1.);
#8762 = DIRECTION('',(-0.,-0.,-1.));
#8763 = PCURVE('',#3190,#8764);
#8764 = DEFINITIONAL_REPRESENTATION('',(#8765),#8768);
#8765 = B_SPLINE_CURVE_WITH_KNOTS('',1,(#8766,#8767),.UNSPECIFIED.,.F.,
  .F.,(2,2),(-13.0000006,-0.9999994),.PIECEWISE_BEZIER_KNOTS.);
#8766 = CARTESIAN_POINT('',(-5.716086565241,-13.0000006));
#8767 = CARTESIAN_POINT('',(-5.716086565241,-0.9999994));
#8768 = ( GEOMETRIC_REPRESENTATION_CONTEXT(2) 
PARAMETRIC_REPRESENTATION_CONTEXT() REPRESENTATION_CONTEXT('2D SPACE',''
  ) );
#8769 = PCURVE('',#3219,#8770);
#8770 = DEFINITIONAL_REPRESENTATION('',(#8771),#8774);
#8771 = B_SPLINE_CURVE_WITH_KNOTS('',1,(#8772,#8773),.UNSPECIFIED.,.F.,
  .F.,(2,2),(-13.0000006,-0.9999994),.PIECEWISE_BEZIER_KNOTS.);
#8772 = CARTESIAN_POINT('',(-5.094020143807,-12.0000006));
#8773 = CARTESIAN_POINT('',(-5.094020143807,5.999999999062E-07));
#8774 = ( GEOMETRIC_REPRESENTATION_CONTEXT(2) 
PARAMETRIC_REPRESENTATION_CONTEXT() REPRESENTATION_CONTEXT('2D SPACE',''
  ) );
#8775 = ORIENTED_EDGE('',*,*,#3231,.T.);
#8776 = ORIENTED_EDGE('',*,*,#8777,.F.);
#8777 = EDGE_CURVE('',#8778,#3232,#8780,.T.);
#8778 = VERTEX_POINT('',#8779);
#8779 = CARTESIAN_POINT('',(-59.88587594892,-38.14029184248,15.));
#8780 = SURFACE_CURVE('',#8781,(#8785,#8791),.PCURVE_S1.);
#8781 = LINE('',#8782,#8783);
#8782 = CARTESIAN_POINT('',(-59.88587594892,-38.14029184248,2.));
#8783 = VECTOR('',#8784,1.);
#8784 = DIRECTION('',(-0.,-0.,-1.));
#8785 = PCURVE('',#3190,#8786);
#8786 = DEFINITIONAL_REPRESENTATION('',(#8787),#8790);
#8787 = B_SPLINE_CURVE_WITH_KNOTS('',1,(#8788,#8789),.UNSPECIFIED.,.F.,
  .F.,(2,2),(-13.0000006,-0.9999994),.PIECEWISE_BEZIER_KNOTS.);
#8788 = CARTESIAN_POINT('',(-3.708691395528,-13.0000006));
#8789 = CARTESIAN_POINT('',(-3.708691395528,-0.9999994));
#8790 = ( GEOMETRIC_REPRESENTATION_CONTEXT(2) 
PARAMETRIC_REPRESENTATION_CONTEXT() REPRESENTATION_CONTEXT('2D SPACE',''
  ) );
#8791 = PCURVE('',#3280,#8792);
#8792 = DEFINITIONAL_REPRESENTATION('',(#8793),#8796);
#8793 = B_SPLINE_CURVE_WITH_KNOTS('',1,(#8794,#8795),.UNSPECIFIED.,.F.,
  .F.,(2,2),(-13.,-1.),.PIECEWISE_BEZIER_KNOTS.);
#8794 = CARTESIAN_POINT('',(-4.330757816962,-12.));
#8795 = CARTESIAN_POINT('',(-4.330757816962,0.));
#8796 = ( GEOMETRIC_REPRESENTATION_CONTEXT(2) 
PARAMETRIC_REPRESENTATION_CONTEXT() REPRESENTATION_CONTEXT('2D SPACE',''
  ) );
#8797 = ORIENTED_EDGE('',*,*,#8798,.T.);
#8798 = EDGE_CURVE('',#8778,#8799,#8801,.T.);
#8799 = VERTEX_POINT('',#8800);
#8800 = CARTESIAN_POINT('',(-62.9733996178,-32.79254397841,15.));
#8801 = SURFACE_CURVE('',#8802,(#8807,#8814),.PCURVE_S1.);
#8802 = CIRCLE('',#8803,71.);
#8803 = AXIS2_PLACEMENT_3D('',#8804,#8805,#8806);
#8804 = CARTESIAN_POINT('',(0.,0.,15.));
#8805 = DIRECTION('',(0.,0.,-1.));
#8806 = DIRECTION('',(-0.843463041534,-0.537187209049,-0.));
#8807 = PCURVE('',#3190,#8808);
#8808 = DEFINITIONAL_REPRESENTATION('',(#8809),#8813);
#8809 = LINE('',#8810,#8811);
#8810 = CARTESIAN_POINT('',(-3.708691395528,-13.));
#8811 = VECTOR('',#8812,1.);
#8812 = DIRECTION('',(1.,-0.));
#8813 = ( GEOMETRIC_REPRESENTATION_CONTEXT(2) 
PARAMETRIC_REPRESENTATION_CONTEXT() REPRESENTATION_CONTEXT('2D SPACE',''
  ) );
#8814 = PCURVE('',#8815,#8820);
#8815 = PLANE('',#8816);
#8816 = AXIS2_PLACEMENT_3D('',#8817,#8818,#8819);
#8817 = CARTESIAN_POINT('',(-58.02370205355,-33.5,15.));
#8818 = DIRECTION('',(0.,0.,1.));
#8819 = DIRECTION('',(1.,0.,-0.));
#8820 = DEFINITIONAL_REPRESENTATION('',(#8821),#8829);
#8821 = ( BOUNDED_CURVE() B_SPLINE_CURVE(2,(#8822,#8823,#8824,#8825,
#8826,#8827,#8828),.UNSPECIFIED.,.T.,.F.) B_SPLINE_CURVE_WITH_KNOTS((1,2
    ,2,2,2,1),(-2.094395102393,0.,2.094395102393,4.188790204786,
6.28318530718,8.377580409573),.UNSPECIFIED.) CURVE() 
GEOMETRIC_REPRESENTATION_ITEM() RATIONAL_B_SPLINE_CURVE((1.,0.5,1.,0.5,
1.,0.5,1.)) REPRESENTATION_ITEM('') );
#8822 = CARTESIAN_POINT('',(-1.86217389537,-4.640291842482));
#8823 = CARTESIAN_POINT('',(-67.92309718205,99.085087956828));
#8824 = CARTESIAN_POINT('',(54.93617838468,104.43283582089));
#8825 = CARTESIAN_POINT('',(177.79545395141,109.78058368496));
#8826 = CARTESIAN_POINT('',(120.99710167136,0.707456021586));
#8827 = CARTESIAN_POINT('',(64.198749391313,-108.3656716417));
#8828 = CARTESIAN_POINT('',(-1.86217389537,-4.640291842482));
#8829 = ( GEOMETRIC_REPRESENTATION_CONTEXT(2) 
PARAMETRIC_REPRESENTATION_CONTEXT() REPRESENTATION_CONTEXT('2D SPACE',''
  ) );
#8830 = ORIENTED_EDGE('',*,*,#8831,.T.);
#8831 = EDGE_CURVE('',#8799,#3260,#8832,.T.);
#8832 = SURFACE_CURVE('',#8833,(#8837,#8843),.PCURVE_S1.);
#8833 = LINE('',#8834,#8835);
#8834 = CARTESIAN_POINT('',(-62.9733996178,-32.79254397841,2.));
#8835 = VECTOR('',#8836,1.);
#8836 = DIRECTION('',(-0.,-0.,-1.));
#8837 = PCURVE('',#3190,#8838);
#8838 = DEFINITIONAL_REPRESENTATION('',(#8839),#8842);
#8839 = B_SPLINE_CURVE_WITH_KNOTS('',1,(#8840,#8841),.UNSPECIFIED.,.F.,
  .F.,(2,2),(-13.0000006,-0.9999994),.PIECEWISE_BEZIER_KNOTS.);
#8840 = CARTESIAN_POINT('',(-3.621691462848,-13.0000006));
#8841 = CARTESIAN_POINT('',(-3.621691462848,-0.9999994));
#8842 = ( GEOMETRIC_REPRESENTATION_CONTEXT(2) 
PARAMETRIC_REPRESENTATION_CONTEXT() REPRESENTATION_CONTEXT('2D SPACE',''
  ) );
#8843 = PCURVE('',#3280,#8844);
#8844 = DEFINITIONAL_REPRESENTATION('',(#8845),#8848);
#8845 = B_SPLINE_CURVE_WITH_KNOTS('',1,(#8846,#8847),.UNSPECIFIED.,.F.,
  .F.,(2,2),(-13.,-1.),.PIECEWISE_BEZIER_KNOTS.);
#8846 = CARTESIAN_POINT('',(-9.282810348594,-12.));
#8847 = CARTESIAN_POINT('',(-9.282810348594,0.));
#8848 = ( GEOMETRIC_REPRESENTATION_CONTEXT(2) 
PARAMETRIC_REPRESENTATION_CONTEXT() REPRESENTATION_CONTEXT('2D SPACE',''
  ) );
#8849 = ORIENTED_EDGE('',*,*,#3292,.T.);
#8850 = ORIENTED_EDGE('',*,*,#8851,.F.);
#8851 = EDGE_CURVE('',#8852,#3293,#8854,.T.);
#8852 = VERTEX_POINT('',#8853);
#8853 = CARTESIAN_POINT('',(-62.9733996178,32.792543978414,15.));
#8854 = SURFACE_CURVE('',#8855,(#8859,#8865),.PCURVE_S1.);
#8855 = LINE('',#8856,#8857);
#8856 = CARTESIAN_POINT('',(-62.9733996178,32.792543978414,2.));
#8857 = VECTOR('',#8858,1.);
#8858 = DIRECTION('',(-0.,-0.,-1.));
#8859 = PCURVE('',#3190,#8860);
#8860 = DEFINITIONAL_REPRESENTATION('',(#8861),#8864);
#8861 = B_SPLINE_CURVE_WITH_KNOTS('',1,(#8862,#8863),.UNSPECIFIED.,.F.,
  .F.,(2,2),(-13.0000006,-0.9999994),.PIECEWISE_BEZIER_KNOTS.);
#8862 = CARTESIAN_POINT('',(-2.661493844332,-13.0000006));
#8863 = CARTESIAN_POINT('',(-2.661493844332,-0.9999994));
#8864 = ( GEOMETRIC_REPRESENTATION_CONTEXT(2) 
PARAMETRIC_REPRESENTATION_CONTEXT() REPRESENTATION_CONTEXT('2D SPACE',''
  ) );
#8865 = PCURVE('',#3341,#8866);
#8866 = DEFINITIONAL_REPRESENTATION('',(#8867),#8870);
#8867 = B_SPLINE_CURVE_WITH_KNOTS('',1,(#8868,#8869),.UNSPECIFIED.,.F.,
  .F.,(2,2),(-13.,-1.),.PIECEWISE_BEZIER_KNOTS.);
#8868 = CARTESIAN_POINT('',(-3.283560265765,-12.));
#8869 = CARTESIAN_POINT('',(-3.283560265765,0.));
#8870 = ( GEOMETRIC_REPRESENTATION_CONTEXT(2) 
PARAMETRIC_REPRESENTATION_CONTEXT() REPRESENTATION_CONTEXT('2D SPACE',''
  ) );
#8871 = ORIENTED_EDGE('',*,*,#8872,.T.);
#8872 = EDGE_CURVE('',#8852,#8873,#8875,.T.);
#8873 = VERTEX_POINT('',#8874);
#8874 = CARTESIAN_POINT('',(-59.88587594892,38.140291842482,15.));
#8875 = SURFACE_CURVE('',#8876,(#8881,#8888),.PCURVE_S1.);
#8876 = CIRCLE('',#8877,71.);
#8877 = AXIS2_PLACEMENT_3D('',#8878,#8879,#8880);
#8878 = CARTESIAN_POINT('',(0.,0.,15.));
#8879 = DIRECTION('',(0.,0.,-1.));
#8880 = DIRECTION('',(-0.886949290392,0.461866816597,0.));
#8881 = PCURVE('',#3190,#8882);
#8882 = DEFINITIONAL_REPRESENTATION('',(#8883),#8887);
#8883 = LINE('',#8884,#8885);
#8884 = CARTESIAN_POINT('',(-2.661493844332,-13.));
#8885 = VECTOR('',#8886,1.);
#8886 = DIRECTION('',(1.,-0.));
#8887 = ( GEOMETRIC_REPRESENTATION_CONTEXT(2) 
PARAMETRIC_REPRESENTATION_CONTEXT() REPRESENTATION_CONTEXT('2D SPACE',''
  ) );
#8888 = PCURVE('',#8889,#8894);
#8889 = PLANE('',#8890);
#8890 = AXIS2_PLACEMENT_3D('',#8891,#8892,#8893);
#8891 = CARTESIAN_POINT('',(-58.02370205355,33.5,15.));
#8892 = DIRECTION('',(0.,0.,1.));
#8893 = DIRECTION('',(1.,0.,-0.));
#8894 = DEFINITIONAL_REPRESENTATION('',(#8895),#8903);
#8895 = ( BOUNDED_CURVE() B_SPLINE_CURVE(2,(#8896,#8897,#8898,#8899,
#8900,#8901,#8902),.UNSPECIFIED.,.T.,.F.) B_SPLINE_CURVE_WITH_KNOTS((1,2
    ,2,2,2,1),(-2.094395102393,0.,2.094395102393,4.188790204786,
6.28318530718,8.377580409573),.UNSPECIFIED.) CURVE() 
GEOMETRIC_REPRESENTATION_ITEM() RATIONAL_B_SPLINE_CURVE((1.,0.5,1.,0.5,
1.,0.5,1.)) REPRESENTATION_ITEM('') );
#8896 = CARTESIAN_POINT('',(-4.949697564248,-0.707456021586));
#8897 = CARTESIAN_POINT('',(51.848654715802,108.36567164179));
#8898 = CARTESIAN_POINT('',(117.90957800248,4.640291842482));
#8899 = CARTESIAN_POINT('',(183.97050128916,-99.08508795682));
#8900 = CARTESIAN_POINT('',(61.111225722435,-104.4328358208));
#8901 = CARTESIAN_POINT('',(-61.74804984429,-109.7805836849));
#8902 = CARTESIAN_POINT('',(-4.949697564248,-0.707456021586));
#8903 = ( GEOMETRIC_REPRESENTATION_CONTEXT(2) 
PARAMETRIC_REPRESENTATION_CONTEXT() REPRESENTATION_CONTEXT('2D SPACE',''
  ) );
#8904 = ORIENTED_EDGE('',*,*,#8905,.T.);
#8905 = EDGE_CURVE('',#8873,#3321,#8906,.T.);
#8906 = SURFACE_CURVE('',#8907,(#8911,#8917),.PCURVE_S1.);
#8907 = LINE('',#8908,#8909);
#8908 = CARTESIAN_POINT('',(-59.88587594892,38.140291842482,2.));
#8909 = VECTOR('',#8910,1.);
#8910 = DIRECTION('',(-0.,-0.,-1.));
#8911 = PCURVE('',#3190,#8912);
#8912 = DEFINITIONAL_REPRESENTATION('',(#8913),#8916);
#8913 = B_SPLINE_CURVE_WITH_KNOTS('',1,(#8914,#8915),.UNSPECIFIED.,.F.,
  .F.,(2,2),(-13.0000006,-0.9999994),.PIECEWISE_BEZIER_KNOTS.);
#8914 = CARTESIAN_POINT('',(-2.574493911651,-13.0000006));
#8915 = CARTESIAN_POINT('',(-2.574493911651,-0.9999994));
#8916 = ( GEOMETRIC_REPRESENTATION_CONTEXT(2) 
PARAMETRIC_REPRESENTATION_CONTEXT() REPRESENTATION_CONTEXT('2D SPACE',''
  ) );
#8917 = PCURVE('',#3341,#8918);
#8918 = DEFINITIONAL_REPRESENTATION('',(#8919),#8922);
#8919 = B_SPLINE_CURVE_WITH_KNOTS('',1,(#8920,#8921),.UNSPECIFIED.,.F.,
  .F.,(2,2),(-13.,-1.),.PIECEWISE_BEZIER_KNOTS.);
#8920 = CARTESIAN_POINT('',(-8.235612797397,-12.));
#8921 = CARTESIAN_POINT('',(-8.235612797397,0.));
#8922 = ( GEOMETRIC_REPRESENTATION_CONTEXT(2) 
PARAMETRIC_REPRESENTATION_CONTEXT() REPRESENTATION_CONTEXT('2D SPACE',''
  ) );
#8923 = ORIENTED_EDGE('',*,*,#3353,.T.);
#8924 = ORIENTED_EDGE('',*,*,#8925,.F.);
#8925 = EDGE_CURVE('',#4569,#3354,#8926,.T.);
#8926 = SURFACE_CURVE('',#8927,(#8931,#8937),.PCURVE_S1.);
#8927 = LINE('',#8928,#8929);
#8928 = CARTESIAN_POINT('',(-37.9605057922,60.,2.));
#8929 = VECTOR('',#8930,1.);
#8930 = DIRECTION('',(-0.,-0.,-1.));
#8931 = PCURVE('',#3190,#8932);
#8932 = DEFINITIONAL_REPRESENTATION('',(#8933),#8936);
#8933 = B_SPLINE_CURVE_WITH_KNOTS('',1,(#8934,#8935),.UNSPECIFIED.,.F.,
  .F.,(2,2),(-68.,-0.),.PIECEWISE_BEZIER_KNOTS.);
#8934 = CARTESIAN_POINT('',(-2.134895784388,-68.));
#8935 = CARTESIAN_POINT('',(-2.134895784388,0.));
#8936 = ( GEOMETRIC_REPRESENTATION_CONTEXT(2) 
PARAMETRIC_REPRESENTATION_CONTEXT() REPRESENTATION_CONTEXT('2D SPACE',''
  ) );
#8937 = PCURVE('',#3397,#8938);
#8938 = DEFINITIONAL_REPRESENTATION('',(#8939),#8942);
#8939 = B_SPLINE_CURVE_WITH_KNOTS('',1,(#8940,#8941),.UNSPECIFIED.,.F.,
  .F.,(2,2),(-68.0000006,5.999999999062E-07),.PIECEWISE_BEZIER_KNOTS.);
#8940 = CARTESIAN_POINT('',(72.0000006,45.039494207795));
#8941 = CARTESIAN_POINT('',(3.9999994,45.039494207795));
#8942 = ( GEOMETRIC_REPRESENTATION_CONTEXT(2) 
PARAMETRIC_REPRESENTATION_CONTEXT() REPRESENTATION_CONTEXT('2D SPACE',''
  ) );
#8943 = ORIENTED_EDGE('',*,*,#4568,.F.);
#8944 = ORIENTED_EDGE('',*,*,#8945,.T.);
#8945 = EDGE_CURVE('',#4541,#8946,#8948,.T.);
#8946 = VERTEX_POINT('',#8947);
#8947 = CARTESIAN_POINT('',(-48.40568220094,51.941216106876,59.));
#8948 = SURFACE_CURVE('',#8949,(#8953,#8959),.PCURVE_S1.);
#8949 = LINE('',#8950,#8951);
#8950 = CARTESIAN_POINT('',(-48.40568220094,51.941216106876,2.));
#8951 = VECTOR('',#8952,1.);
#8952 = DIRECTION('',(-0.,-0.,-1.));
#8953 = PCURVE('',#3190,#8954);
#8954 = DEFINITIONAL_REPRESENTATION('',(#8955),#8958);
#8955 = B_SPLINE_CURVE_WITH_KNOTS('',1,(#8956,#8957),.UNSPECIFIED.,.F.,
  .F.,(2,2),(-66.0000006,-56.1),.PIECEWISE_BEZIER_KNOTS.);
#8956 = CARTESIAN_POINT('',(-2.320975942507,-66.0000006));
#8957 = CARTESIAN_POINT('',(-2.320975942507,-56.1));
#8958 = ( GEOMETRIC_REPRESENTATION_CONTEXT(2) 
PARAMETRIC_REPRESENTATION_CONTEXT() REPRESENTATION_CONTEXT('2D SPACE',''
  ) );
#8959 = PCURVE('',#4556,#8960);
#8960 = DEFINITIONAL_REPRESENTATION('',(#8961),#8964);
#8961 = B_SPLINE_CURVE_WITH_KNOTS('',1,(#8962,#8963),.UNSPECIFIED.,.F.,
  .F.,(2,2),(-66.0000006,-56.1),.PIECEWISE_BEZIER_KNOTS.);
#8962 = CARTESIAN_POINT('',(9.0000006,7.955972264497));
#8963 = CARTESIAN_POINT('',(-0.9,7.955972264497));
#8964 = ( GEOMETRIC_REPRESENTATION_CONTEXT(2) 
PARAMETRIC_REPRESENTATION_CONTEXT() REPRESENTATION_CONTEXT('2D SPACE',''
  ) );
#8965 = ORIENTED_EDGE('',*,*,#8966,.F.);
#8966 = EDGE_CURVE('',#8967,#8946,#8969,.T.);
#8967 = VERTEX_POINT('',#8968);
#8968 = CARTESIAN_POINT('',(-51.94121610687,48.405682200944,59.));
#8969 = SURFACE_CURVE('',#8970,(#8975,#8982),.PCURVE_S1.);
#8970 = CIRCLE('',#8971,71.);
#8971 = AXIS2_PLACEMENT_3D('',#8972,#8973,#8974);
#8972 = CARTESIAN_POINT('',(0.,0.,59.));
#8973 = DIRECTION('',(0.,0.,-1.));
#8974 = DIRECTION('',(1.,0.,0.));
#8975 = PCURVE('',#3190,#8976);
#8976 = DEFINITIONAL_REPRESENTATION('',(#8977),#8981);
#8977 = LINE('',#8978,#8979);
#8978 = CARTESIAN_POINT('',(-6.28318530718,-57.));
#8979 = VECTOR('',#8980,1.);
#8980 = DIRECTION('',(1.,-0.));
#8981 = ( GEOMETRIC_REPRESENTATION_CONTEXT(2) 
PARAMETRIC_REPRESENTATION_CONTEXT() REPRESENTATION_CONTEXT('2D SPACE',''
  ) );
#8982 = PCURVE('',#8983,#8988);
#8983 = PLANE('',#8984);
#8984 = AXIS2_PLACEMENT_3D('',#8985,#8986,#8987);
#8985 = CARTESIAN_POINT('',(-42.77996026178,46.315494167719,59.));
#8986 = DIRECTION('',(0.,0.,1.));
#8987 = DIRECTION('',(-0.707106781187,0.707106781187,0.));
#8988 = DEFINITIONAL_REPRESENTATION('',(#8989),#8997);
#8989 = ( BOUNDED_CURVE() B_SPLINE_CURVE(2,(#8990,#8991,#8992,#8993,
#8994,#8995,#8996),.UNSPECIFIED.,.T.,.F.) B_SPLINE_CURVE_WITH_KNOTS((1,2
    ,2,2,2,1),(-2.094395102393,0.,2.094395102393,4.188790204786,
6.28318530718,8.377580409573),.UNSPECIFIED.) CURVE() 
GEOMETRIC_REPRESENTATION_ITEM() RATIONAL_B_SPLINE_CURVE((1.,0.5,1.,0.5,
1.,0.5,1.)) REPRESENTATION_ITEM('') );
#8990 = CARTESIAN_POINT('',(-113.2045814642,-47.70458146424));
#8991 = CARTESIAN_POINT('',(-200.161467333,39.252304404558));
#8992 = CARTESIAN_POINT('',(-81.37615220227,71.080733666524));
#8993 = CARTESIAN_POINT('',(37.40916292849,102.90916292849));
#8994 = CARTESIAN_POINT('',(5.580733666524,-15.87615220227));
#8995 = CARTESIAN_POINT('',(-26.24769559544,-134.661467333));
#8996 = CARTESIAN_POINT('',(-113.2045814642,-47.70458146424));
#8997 = ( GEOMETRIC_REPRESENTATION_CONTEXT(2) 
PARAMETRIC_REPRESENTATION_CONTEXT() REPRESENTATION_CONTEXT('2D SPACE',''
  ) );
#8998 = ORIENTED_EDGE('',*,*,#8999,.F.);
#8999 = EDGE_CURVE('',#4456,#8967,#9000,.T.);
#9000 = SURFACE_CURVE('',#9001,(#9005,#9011),.PCURVE_S1.);
#9001 = LINE('',#9002,#9003);
#9002 = CARTESIAN_POINT('',(-51.94121610687,48.405682200944,2.));
#9003 = VECTOR('',#9004,1.);
#9004 = DIRECTION('',(-0.,-0.,-1.));
#9005 = PCURVE('',#3190,#9006);
#9006 = DEFINITIONAL_REPRESENTATION('',(#9007),#9010);
#9007 = B_SPLINE_CURVE_WITH_KNOTS('',1,(#9008,#9009),.UNSPECIFIED.,.F.,
  .F.,(2,2),(-66.0000006,-56.1),.PIECEWISE_BEZIER_KNOTS.);
#9008 = CARTESIAN_POINT('',(-2.391413037878,-66.0000006));
#9009 = CARTESIAN_POINT('',(-2.391413037878,-56.1));
#9010 = ( GEOMETRIC_REPRESENTATION_CONTEXT(2) 
PARAMETRIC_REPRESENTATION_CONTEXT() REPRESENTATION_CONTEXT('2D SPACE',''
  ) );
#9011 = PCURVE('',#4499,#9012);
#9012 = DEFINITIONAL_REPRESENTATION('',(#9013),#9016);
#9013 = B_SPLINE_CURVE_WITH_KNOTS('',1,(#9014,#9015),.UNSPECIFIED.,.F.,
  .F.,(2,2),(-66.0000006,-56.1),.PIECEWISE_BEZIER_KNOTS.);
#9014 = CARTESIAN_POINT('',(9.0000006,7.955972264497));
#9015 = CARTESIAN_POINT('',(-0.9,7.955972264497));
#9016 = ( GEOMETRIC_REPRESENTATION_CONTEXT(2) 
PARAMETRIC_REPRESENTATION_CONTEXT() REPRESENTATION_CONTEXT('2D SPACE',''
  ) );
#9017 = ORIENTED_EDGE('',*,*,#4455,.F.);
#9018 = ORIENTED_EDGE('',*,*,#9019,.T.);
#9019 = EDGE_CURVE('',#4428,#9020,#9022,.T.);
#9020 = VERTEX_POINT('',#9021);
#9021 = CARTESIAN_POINT('',(-51.94121610687,-48.40568220094,59.));
#9022 = SURFACE_CURVE('',#9023,(#9027,#9033),.PCURVE_S1.);
#9023 = LINE('',#9024,#9025);
#9024 = CARTESIAN_POINT('',(-51.94121610687,-48.40568220094,2.));
#9025 = VECTOR('',#9026,1.);
#9026 = DIRECTION('',(-0.,-0.,-1.));
#9027 = PCURVE('',#3190,#9028);
#9028 = DEFINITIONAL_REPRESENTATION('',(#9029),#9032);
#9029 = B_SPLINE_CURVE_WITH_KNOTS('',1,(#9030,#9031),.UNSPECIFIED.,.F.,
  .F.,(2,2),(-66.0000006,-56.1),.PIECEWISE_BEZIER_KNOTS.);
#9030 = CARTESIAN_POINT('',(-3.891772269302,-66.0000006));
#9031 = CARTESIAN_POINT('',(-3.891772269302,-56.1));
#9032 = ( GEOMETRIC_REPRESENTATION_CONTEXT(2) 
PARAMETRIC_REPRESENTATION_CONTEXT() REPRESENTATION_CONTEXT('2D SPACE',''
  ) );
#9033 = PCURVE('',#4443,#9034);
#9034 = DEFINITIONAL_REPRESENTATION('',(#9035),#9038);
#9035 = B_SPLINE_CURVE_WITH_KNOTS('',1,(#9036,#9037),.UNSPECIFIED.,.F.,
  .F.,(2,2),(-66.0000006,-56.1),.PIECEWISE_BEZIER_KNOTS.);
#9036 = CARTESIAN_POINT('',(9.0000006,7.955972264497));
#9037 = CARTESIAN_POINT('',(-0.9,7.955972264497));
#9038 = ( GEOMETRIC_REPRESENTATION_CONTEXT(2) 
PARAMETRIC_REPRESENTATION_CONTEXT() REPRESENTATION_CONTEXT('2D SPACE',''
  ) );
#9039 = ORIENTED_EDGE('',*,*,#9040,.F.);
#9040 = EDGE_CURVE('',#9041,#9020,#9043,.T.);
#9041 = VERTEX_POINT('',#9042);
#9042 = CARTESIAN_POINT('',(-48.40568220094,-51.94121610687,59.));
#9043 = SURFACE_CURVE('',#9044,(#9049,#9056),.PCURVE_S1.);
#9044 = CIRCLE('',#9045,71.);
#9045 = AXIS2_PLACEMENT_3D('',#9046,#9047,#9048);
#9046 = CARTESIAN_POINT('',(0.,0.,59.));
#9047 = DIRECTION('',(0.,0.,-1.));
#9048 = DIRECTION('',(1.,0.,0.));
#9049 = PCURVE('',#3190,#9050);
#9050 = DEFINITIONAL_REPRESENTATION('',(#9051),#9055);
#9051 = LINE('',#9052,#9053);
#9052 = CARTESIAN_POINT('',(-6.28318530718,-57.));
#9053 = VECTOR('',#9054,1.);
#9054 = DIRECTION('',(1.,-0.));
#9055 = ( GEOMETRIC_REPRESENTATION_CONTEXT(2) 
PARAMETRIC_REPRESENTATION_CONTEXT() REPRESENTATION_CONTEXT('2D SPACE',''
  ) );
#9056 = PCURVE('',#9057,#9062);
#9057 = PLANE('',#9058);
#9058 = AXIS2_PLACEMENT_3D('',#9059,#9060,#9061);
#9059 = CARTESIAN_POINT('',(-46.31549416771,-42.77996026178,59.));
#9060 = DIRECTION('',(0.,0.,1.));
#9061 = DIRECTION('',(-0.707106781187,-0.707106781187,0.));
#9062 = DEFINITIONAL_REPRESENTATION('',(#9063),#9071);
#9063 = ( BOUNDED_CURVE() B_SPLINE_CURVE(2,(#9064,#9065,#9066,#9067,
#9068,#9069,#9070),.UNSPECIFIED.,.T.,.F.) B_SPLINE_CURVE_WITH_KNOTS((1,2
    ,2,2,2,1),(-2.094395102393,0.,2.094395102393,4.188790204786,
6.28318530718,8.377580409573),.UNSPECIFIED.) CURVE() 
GEOMETRIC_REPRESENTATION_ITEM() RATIONAL_B_SPLINE_CURVE((1.,0.5,1.,0.5,
1.,0.5,1.)) REPRESENTATION_ITEM('') );
#9064 = CARTESIAN_POINT('',(-113.2045814642,52.704581464245));
#9065 = CARTESIAN_POINT('',(-26.24769559544,139.66146733304));
#9066 = CARTESIAN_POINT('',(5.580733666524,20.876152202279));
#9067 = CARTESIAN_POINT('',(37.40916292849,-97.90916292849));
#9068 = CARTESIAN_POINT('',(-81.37615220227,-66.08073366652));
#9069 = CARTESIAN_POINT('',(-200.161467333,-34.25230440455));
#9070 = CARTESIAN_POINT('',(-113.2045814642,52.704581464245));
#9071 = ( GEOMETRIC_REPRESENTATION_CONTEXT(2) 
PARAMETRIC_REPRESENTATION_CONTEXT() REPRESENTATION_CONTEXT('2D SPACE',''
  ) );
#9072 = ORIENTED_EDGE('',*,*,#9073,.F.);
#9073 = EDGE_CURVE('',#4343,#9041,#9074,.T.);
#9074 = SURFACE_CURVE('',#9075,(#9079,#9085),.PCURVE_S1.);
#9075 = LINE('',#9076,#9077);
#9076 = CARTESIAN_POINT('',(-48.40568220094,-51.94121610687,2.));
#9077 = VECTOR('',#9078,1.);
#9078 = DIRECTION('',(-0.,-0.,-1.));
#9079 = PCURVE('',#3190,#9080);
#9080 = DEFINITIONAL_REPRESENTATION('',(#9081),#9084);
#9081 = B_SPLINE_CURVE_WITH_KNOTS('',1,(#9082,#9083),.UNSPECIFIED.,.F.,
  .F.,(2,2),(-66.0000006,-56.1),.PIECEWISE_BEZIER_KNOTS.);
#9082 = CARTESIAN_POINT('',(-3.962209364673,-66.0000006));
#9083 = CARTESIAN_POINT('',(-3.962209364673,-56.1));
#9084 = ( GEOMETRIC_REPRESENTATION_CONTEXT(2) 
PARAMETRIC_REPRESENTATION_CONTEXT() REPRESENTATION_CONTEXT('2D SPACE',''
  ) );
#9085 = PCURVE('',#4386,#9086);
#9086 = DEFINITIONAL_REPRESENTATION('',(#9087),#9090);
#9087 = B_SPLINE_CURVE_WITH_KNOTS('',1,(#9088,#9089),.UNSPECIFIED.,.F.,
  .F.,(2,2),(-66.0000006,-56.1),.PIECEWISE_BEZIER_KNOTS.);
#9088 = CARTESIAN_POINT('',(9.0000006,7.955972264497));
#9089 = CARTESIAN_POINT('',(-0.9,7.955972264497));
#9090 = ( GEOMETRIC_REPRESENTATION_CONTEXT(2) 
PARAMETRIC_REPRESENTATION_CONTEXT() REPRESENTATION_CONTEXT('2D SPACE',''
  ) );
#9091 = ORIENTED_EDGE('',*,*,#4342,.F.);
#9092 = ORIENTED_EDGE('',*,*,#9093,.T.);
#9093 = EDGE_CURVE('',#4315,#9094,#9096,.T.);
#9094 = VERTEX_POINT('',#9095);
#9095 = CARTESIAN_POINT('',(48.405682200944,-51.94121610687,59.));
#9096 = SURFACE_CURVE('',#9097,(#9101,#9107),.PCURVE_S1.);
#9097 = LINE('',#9098,#9099);
#9098 = CARTESIAN_POINT('',(48.405682200944,-51.94121610687,2.));
#9099 = VECTOR('',#9100,1.);
#9100 = DIRECTION('',(-0.,-0.,-1.));
#9101 = PCURVE('',#3190,#9102);
#9102 = DEFINITIONAL_REPRESENTATION('',(#9103),#9106);
#9103 = B_SPLINE_CURVE_WITH_KNOTS('',1,(#9104,#9105),.UNSPECIFIED.,.F.,
  .F.,(2,2),(-66.0000006,-56.1),.PIECEWISE_BEZIER_KNOTS.);
#9104 = CARTESIAN_POINT('',(-5.462568596097,-66.0000006));
#9105 = CARTESIAN_POINT('',(-5.462568596097,-56.1));
#9106 = ( GEOMETRIC_REPRESENTATION_CONTEXT(2) 
PARAMETRIC_REPRESENTATION_CONTEXT() REPRESENTATION_CONTEXT('2D SPACE',''
  ) );
#9107 = PCURVE('',#4330,#9108);
#9108 = DEFINITIONAL_REPRESENTATION('',(#9109),#9112);
#9109 = B_SPLINE_CURVE_WITH_KNOTS('',1,(#9110,#9111),.UNSPECIFIED.,.F.,
  .F.,(2,2),(-66.0000006,-56.1),.PIECEWISE_BEZIER_KNOTS.);
#9110 = CARTESIAN_POINT('',(9.0000006,7.955972264497));
#9111 = CARTESIAN_POINT('',(-0.9,7.955972264497));
#9112 = ( GEOMETRIC_REPRESENTATION_CONTEXT(2) 
PARAMETRIC_REPRESENTATION_CONTEXT() REPRESENTATION_CONTEXT('2D SPACE',''
  ) );
#9113 = ORIENTED_EDGE('',*,*,#9114,.F.);
#9114 = EDGE_CURVE('',#9115,#9094,#9117,.T.);
#9115 = VERTEX_POINT('',#9116);
#9116 = CARTESIAN_POINT('',(51.941216106876,-48.40568220094,59.));
#9117 = SURFACE_CURVE('',#9118,(#9123,#9130),.PCURVE_S1.);
#9118 = CIRCLE('',#9119,71.);
#9119 = AXIS2_PLACEMENT_3D('',#9120,#9121,#9122);
#9120 = CARTESIAN_POINT('',(0.,0.,59.));
#9121 = DIRECTION('',(0.,0.,-1.));
#9122 = DIRECTION('',(1.,0.,0.));
#9123 = PCURVE('',#3190,#9124);
#9124 = DEFINITIONAL_REPRESENTATION('',(#9125),#9129);
#9125 = LINE('',#9126,#9127);
#9126 = CARTESIAN_POINT('',(-6.28318530718,-57.));
#9127 = VECTOR('',#9128,1.);
#9128 = DIRECTION('',(1.,-0.));
#9129 = ( GEOMETRIC_REPRESENTATION_CONTEXT(2) 
PARAMETRIC_REPRESENTATION_CONTEXT() REPRESENTATION_CONTEXT('2D SPACE',''
  ) );
#9130 = PCURVE('',#9131,#9136);
#9131 = PLANE('',#9132);
#9132 = AXIS2_PLACEMENT_3D('',#9133,#9134,#9135);
#9133 = CARTESIAN_POINT('',(42.779960261786,-46.31549416771,59.));
#9134 = DIRECTION('',(0.,0.,1.));
#9135 = DIRECTION('',(0.707106781187,-0.707106781187,0.));
#9136 = DEFINITIONAL_REPRESENTATION('',(#9137),#9145);
#9137 = ( BOUNDED_CURVE() B_SPLINE_CURVE(2,(#9138,#9139,#9140,#9141,
#9142,#9143,#9144),.UNSPECIFIED.,.T.,.F.) B_SPLINE_CURVE_WITH_KNOTS((1,2
    ,2,2,2,1),(-2.094395102393,0.,2.094395102393,4.188790204786,
6.28318530718,8.377580409573),.UNSPECIFIED.) CURVE() 
GEOMETRIC_REPRESENTATION_ITEM() RATIONAL_B_SPLINE_CURVE((1.,0.5,1.,0.5,
1.,0.5,1.)) REPRESENTATION_ITEM('') );
#9138 = CARTESIAN_POINT('',(-12.79541853575,52.704581464245));
#9139 = CARTESIAN_POINT('',(74.161467333048,-34.25230440455));
#9140 = CARTESIAN_POINT('',(-44.62384779772,-66.08073366652));
#9141 = CARTESIAN_POINT('',(-163.4091629284,-97.90916292849));
#9142 = CARTESIAN_POINT('',(-131.5807336665,20.876152202279));
#9143 = CARTESIAN_POINT('',(-99.75230440455,139.66146733304));
#9144 = CARTESIAN_POINT('',(-12.79541853575,52.704581464245));
#9145 = ( GEOMETRIC_REPRESENTATION_CONTEXT(2) 
PARAMETRIC_REPRESENTATION_CONTEXT() REPRESENTATION_CONTEXT('2D SPACE',''
  ) );
#9146 = ORIENTED_EDGE('',*,*,#9147,.F.);
#9147 = EDGE_CURVE('',#4230,#9115,#9148,.T.);
#9148 = SURFACE_CURVE('',#9149,(#9153,#9159),.PCURVE_S1.);
#9149 = LINE('',#9150,#9151);
#9150 = CARTESIAN_POINT('',(51.941216106876,-48.40568220094,2.));
#9151 = VECTOR('',#9152,1.);
#9152 = DIRECTION('',(-0.,-0.,-1.));
#9153 = PCURVE('',#3190,#9154);
#9154 = DEFINITIONAL_REPRESENTATION('',(#9155),#9158);
#9155 = B_SPLINE_CURVE_WITH_KNOTS('',1,(#9156,#9157),.UNSPECIFIED.,.F.,
  .F.,(2,2),(-66.0000006,-56.1),.PIECEWISE_BEZIER_KNOTS.);
#9156 = CARTESIAN_POINT('',(-5.533005691468,-66.0000006));
#9157 = CARTESIAN_POINT('',(-5.533005691468,-56.1));
#9158 = ( GEOMETRIC_REPRESENTATION_CONTEXT(2) 
PARAMETRIC_REPRESENTATION_CONTEXT() REPRESENTATION_CONTEXT('2D SPACE',''
  ) );
#9159 = PCURVE('',#4273,#9160);
#9160 = DEFINITIONAL_REPRESENTATION('',(#9161),#9164);
#9161 = B_SPLINE_CURVE_WITH_KNOTS('',1,(#9162,#9163),.UNSPECIFIED.,.F.,
  .F.,(2,2),(-66.0000006,-56.1),.PIECEWISE_BEZIER_KNOTS.);
#9162 = CARTESIAN_POINT('',(9.0000006,7.955972264497));
#9163 = CARTESIAN_POINT('',(-0.9,7.955972264497));
#9164 = ( GEOMETRIC_REPRESENTATION_CONTEXT(2) 
PARAMETRIC_REPRESENTATION_CONTEXT() REPRESENTATION_CONTEXT('2D SPACE',''
  ) );
#9165 = ORIENTED_EDGE('',*,*,#4227,.F.);
#9166 = ORIENTED_EDGE('',*,*,#9167,.T.);
#9167 = EDGE_CURVE('',#4228,#9168,#9170,.T.);
#9168 = VERTEX_POINT('',#9169);
#9169 = CARTESIAN_POINT('',(51.941216106876,48.405682200944,59.));
#9170 = SURFACE_CURVE('',#9171,(#9175,#9181),.PCURVE_S1.);
#9171 = LINE('',#9172,#9173);
#9172 = CARTESIAN_POINT('',(51.941216106876,48.405682200944,2.));
#9173 = VECTOR('',#9174,1.);
#9174 = DIRECTION('',(-0.,-0.,-1.));
#9175 = PCURVE('',#3190,#9176);
#9176 = DEFINITIONAL_REPRESENTATION('',(#9177),#9180);
#9177 = B_SPLINE_CURVE_WITH_KNOTS('',1,(#9178,#9179),.UNSPECIFIED.,.F.,
  .F.,(2,2),(-66.0000006,-56.1),.PIECEWISE_BEZIER_KNOTS.);
#9178 = CARTESIAN_POINT('',(-7.033364922892,-66.0000006));
#9179 = CARTESIAN_POINT('',(-7.033364922892,-56.1));
#9180 = ( GEOMETRIC_REPRESENTATION_CONTEXT(2) 
PARAMETRIC_REPRESENTATION_CONTEXT() REPRESENTATION_CONTEXT('2D SPACE',''
  ) );
#9181 = PCURVE('',#4717,#9182);
#9182 = DEFINITIONAL_REPRESENTATION('',(#9183),#9186);
#9183 = B_SPLINE_CURVE_WITH_KNOTS('',1,(#9184,#9185),.UNSPECIFIED.,.F.,
  .F.,(2,2),(-66.0000006,-56.1),.PIECEWISE_BEZIER_KNOTS.);
#9184 = CARTESIAN_POINT('',(9.0000006,7.955972264497));
#9185 = CARTESIAN_POINT('',(-0.9,7.955972264497));
#9186 = ( GEOMETRIC_REPRESENTATION_CONTEXT(2) 
PARAMETRIC_REPRESENTATION_CONTEXT() REPRESENTATION_CONTEXT('2D SPACE',''
  ) );
#9187 = ORIENTED_EDGE('',*,*,#9188,.F.);
#9188 = EDGE_CURVE('',#9189,#9168,#9191,.T.);
#9189 = VERTEX_POINT('',#9190);
#9190 = CARTESIAN_POINT('',(48.405682200944,51.941216106876,59.));
#9191 = SURFACE_CURVE('',#9192,(#9197,#9204),.PCURVE_S1.);
#9192 = CIRCLE('',#9193,71.);
#9193 = AXIS2_PLACEMENT_3D('',#9194,#9195,#9196);
#9194 = CARTESIAN_POINT('',(0.,0.,59.));
#9195 = DIRECTION('',(0.,0.,-1.));
#9196 = DIRECTION('',(1.,0.,0.));
#9197 = PCURVE('',#3190,#9198);
#9198 = DEFINITIONAL_REPRESENTATION('',(#9199),#9203);
#9199 = LINE('',#9200,#9201);
#9200 = CARTESIAN_POINT('',(-12.56637061435,-57.));
#9201 = VECTOR('',#9202,1.);
#9202 = DIRECTION('',(1.,-0.));
#9203 = ( GEOMETRIC_REPRESENTATION_CONTEXT(2) 
PARAMETRIC_REPRESENTATION_CONTEXT() REPRESENTATION_CONTEXT('2D SPACE',''
  ) );
#9204 = PCURVE('',#9205,#9210);
#9205 = PLANE('',#9206);
#9206 = AXIS2_PLACEMENT_3D('',#9207,#9208,#9209);
#9207 = CARTESIAN_POINT('',(46.315494167719,42.779960261786,59.));
#9208 = DIRECTION('',(0.,0.,1.));
#9209 = DIRECTION('',(0.707106781187,0.707106781187,0.));
#9210 = DEFINITIONAL_REPRESENTATION('',(#9211),#9219);
#9211 = ( BOUNDED_CURVE() B_SPLINE_CURVE(2,(#9212,#9213,#9214,#9215,
#9216,#9217,#9218),.UNSPECIFIED.,.T.,.F.) B_SPLINE_CURVE_WITH_KNOTS((1,2
    ,2,2,2,1),(-2.094395102393,0.,2.094395102393,4.188790204786,
6.28318530718,8.377580409573),.UNSPECIFIED.) CURVE() 
GEOMETRIC_REPRESENTATION_ITEM() RATIONAL_B_SPLINE_CURVE((1.,0.5,1.,0.5,
1.,0.5,1.)) REPRESENTATION_ITEM('') );
#9212 = CARTESIAN_POINT('',(-12.79541853575,-47.70458146424));
#9213 = CARTESIAN_POINT('',(-99.75230440455,-134.661467333));
#9214 = CARTESIAN_POINT('',(-131.5807336665,-15.87615220227));
#9215 = CARTESIAN_POINT('',(-163.4091629284,102.90916292849));
#9216 = CARTESIAN_POINT('',(-44.62384779772,71.080733666524));
#9217 = CARTESIAN_POINT('',(74.161467333048,39.252304404558));
#9218 = CARTESIAN_POINT('',(-12.79541853575,-47.70458146424));
#9219 = ( GEOMETRIC_REPRESENTATION_CONTEXT(2) 
PARAMETRIC_REPRESENTATION_CONTEXT() REPRESENTATION_CONTEXT('2D SPACE',''
  ) );
#9220 = ORIENTED_EDGE('',*,*,#9221,.F.);
#9221 = EDGE_CURVE('',#4619,#9189,#9222,.T.);
#9222 = SURFACE_CURVE('',#9223,(#9227,#9233),.PCURVE_S1.);
#9223 = LINE('',#9224,#9225);
#9224 = CARTESIAN_POINT('',(48.405682200944,51.941216106876,2.));
#9225 = VECTOR('',#9226,1.);
#9226 = DIRECTION('',(-0.,-0.,-1.));
#9227 = PCURVE('',#3190,#9228);
#9228 = DEFINITIONAL_REPRESENTATION('',(#9229),#9232);
#9229 = B_SPLINE_CURVE_WITH_KNOTS('',1,(#9230,#9231),.UNSPECIFIED.,.F.,
  .F.,(2,2),(-66.0000006,-56.1),.PIECEWISE_BEZIER_KNOTS.);
#9230 = CARTESIAN_POINT('',(-7.103802018263,-66.0000006));
#9231 = CARTESIAN_POINT('',(-7.103802018263,-56.1));
#9232 = ( GEOMETRIC_REPRESENTATION_CONTEXT(2) 
PARAMETRIC_REPRESENTATION_CONTEXT() REPRESENTATION_CONTEXT('2D SPACE',''
  ) );
#9233 = PCURVE('',#4662,#9234);
#9234 = DEFINITIONAL_REPRESENTATION('',(#9235),#9238);
#9235 = B_SPLINE_CURVE_WITH_KNOTS('',1,(#9236,#9237),.UNSPECIFIED.,.F.,
  .F.,(2,2),(-66.0000006,-56.1),.PIECEWISE_BEZIER_KNOTS.);
#9236 = CARTESIAN_POINT('',(9.0000006,7.955972264497));
#9237 = CARTESIAN_POINT('',(-0.9,7.955972264497));
#9238 = ( GEOMETRIC_REPRESENTATION_CONTEXT(2) 
PARAMETRIC_REPRESENTATION_CONTEXT() REPRESENTATION_CONTEXT('2D SPACE',''
  ) );
#9239 = FACE_BOUND('',#9240,.T.);
#9240 = EDGE_LOOP('',(#9241,#9242,#9243,#9244));
#9241 = ORIENTED_EDGE('',*,*,#5965,.T.);
#9242 = ORIENTED_EDGE('',*,*,#6066,.T.);
#9243 = ORIENTED_EDGE('',*,*,#6091,.F.);
#9244 = ORIENTED_EDGE('',*,*,#6019,.F.);
#9245 = FACE_BOUND('',#9246,.T.);
#9246 = EDGE_LOOP('',(#9247,#9248,#9249,#9250));
#9247 = ORIENTED_EDGE('',*,*,#6167,.T.);
#9248 = ORIENTED_EDGE('',*,*,#6268,.T.);
#9249 = ORIENTED_EDGE('',*,*,#6293,.F.);
#9250 = ORIENTED_EDGE('',*,*,#6221,.F.);
#9251 = FACE_BOUND('',#9252,.T.);
#9252 = EDGE_LOOP('',(#9253,#9254,#9255,#9256));
#9253 = ORIENTED_EDGE('',*,*,#6369,.T.);
#9254 = ORIENTED_EDGE('',*,*,#6470,.T.);
#9255 = ORIENTED_EDGE('',*,*,#6495,.F.);
#9256 = ORIENTED_EDGE('',*,*,#6423,.F.);
#9257 = FACE_BOUND('',#9258,.T.);
#9258 = EDGE_LOOP('',(#9259,#9260,#9261,#9262));
#9259 = ORIENTED_EDGE('',*,*,#6571,.T.);
#9260 = ORIENTED_EDGE('',*,*,#6672,.T.);
#9261 = ORIENTED_EDGE('',*,*,#6697,.F.);
#9262 = ORIENTED_EDGE('',*,*,#6625,.F.);
#9263 = FACE_BOUND('',#9264,.T.);
#9264 = EDGE_LOOP('',(#9265,#9266,#9267,#9268));
#9265 = ORIENTED_EDGE('',*,*,#6773,.T.);
#9266 = ORIENTED_EDGE('',*,*,#6874,.T.);
#9267 = ORIENTED_EDGE('',*,*,#6899,.F.);
#9268 = ORIENTED_EDGE('',*,*,#6827,.F.);
#9269 = FACE_BOUND('',#9270,.T.);
#9270 = EDGE_LOOP('',(#9271,#9272,#9273,#9274));
#9271 = ORIENTED_EDGE('',*,*,#6975,.T.);
#9272 = ORIENTED_EDGE('',*,*,#7076,.T.);
#9273 = ORIENTED_EDGE('',*,*,#7101,.F.);
#9274 = ORIENTED_EDGE('',*,*,#7029,.F.);
#9275 = FACE_BOUND('',#9276,.T.);
#9276 = EDGE_LOOP('',(#9277,#9278,#9279,#9280));
#9277 = ORIENTED_EDGE('',*,*,#7177,.T.);
#9278 = ORIENTED_EDGE('',*,*,#7278,.T.);
#9279 = ORIENTED_EDGE('',*,*,#7303,.F.);
#9280 = ORIENTED_EDGE('',*,*,#7231,.F.);
#9281 = FACE_BOUND('',#9282,.T.);
#9282 = EDGE_LOOP('',(#9283,#9284,#9285,#9286));
#9283 = ORIENTED_EDGE('',*,*,#7379,.T.);
#9284 = ORIENTED_EDGE('',*,*,#7480,.T.);
#9285 = ORIENTED_EDGE('',*,*,#7505,.F.);
#9286 = ORIENTED_EDGE('',*,*,#7433,.F.);
#9287 = FACE_BOUND('',#9288,.T.);
#9288 = EDGE_LOOP('',(#9289,#9290,#9291,#9292));
#9289 = ORIENTED_EDGE('',*,*,#7581,.T.);
#9290 = ORIENTED_EDGE('',*,*,#7682,.T.);
#9291 = ORIENTED_EDGE('',*,*,#7707,.F.);
#9292 = ORIENTED_EDGE('',*,*,#7635,.F.);
#9293 = FACE_BOUND('',#9294,.T.);
#9294 = EDGE_LOOP('',(#9295,#9296,#9297,#9298));
#9295 = ORIENTED_EDGE('',*,*,#7783,.T.);
#9296 = ORIENTED_EDGE('',*,*,#7884,.T.);
#9297 = ORIENTED_EDGE('',*,*,#7909,.F.);
#9298 = ORIENTED_EDGE('',*,*,#7837,.F.);
#9299 = FACE_BOUND('',#9300,.T.);
#9300 = EDGE_LOOP('',(#9301,#9302,#9303,#9304));
#9301 = ORIENTED_EDGE('',*,*,#7985,.T.);
#9302 = ORIENTED_EDGE('',*,*,#8118,.T.);
#9303 = ORIENTED_EDGE('',*,*,#8086,.F.);
#9304 = ORIENTED_EDGE('',*,*,#8039,.F.);
#9305 = ADVANCED_FACE('',(#9306,#9561,#9587,#9613,#9639,#9665),#3397,.F.
  );
#9306 = FACE_BOUND('',#9307,.F.);
#9307 = EDGE_LOOP('',(#9308,#9309,#9310,#9311,#9332,#9354,#9375,#9397,
    #9423,#9449,#9475,#9497,#9518,#9540,#9559,#9560));
#9308 = ORIENTED_EDGE('',*,*,#8925,.F.);
#9309 = ORIENTED_EDGE('',*,*,#4596,.F.);
#9310 = ORIENTED_EDGE('',*,*,#8541,.T.);
#9311 = ORIENTED_EDGE('',*,*,#9312,.F.);
#9312 = EDGE_CURVE('',#9313,#8542,#9315,.T.);
#9313 = VERTEX_POINT('',#9314);
#9314 = CARTESIAN_POINT('',(35.,60.,29.));
#9315 = SURFACE_CURVE('',#9316,(#9320,#9326),.PCURVE_S1.);
#9316 = LINE('',#9317,#9318);
#9317 = CARTESIAN_POINT('',(-24.,60.,29.));
#9318 = VECTOR('',#9319,1.);
#9319 = DIRECTION('',(1.,0.,0.));
#9320 = PCURVE('',#3397,#9321);
#9321 = DEFINITIONAL_REPRESENTATION('',(#9322),#9325);
#9322 = B_SPLINE_CURVE_WITH_KNOTS('',1,(#9323,#9324),.UNSPECIFIED.,.F.,
  .F.,(2,2),(59.,61.960505792205),.PIECEWISE_BEZIER_KNOTS.);
#9323 = CARTESIAN_POINT('',(31.,118.));
#9324 = CARTESIAN_POINT('',(31.,120.9605057922));
#9325 = ( GEOMETRIC_REPRESENTATION_CONTEXT(2) 
PARAMETRIC_REPRESENTATION_CONTEXT() REPRESENTATION_CONTEXT('2D SPACE',''
  ) );
#9326 = PCURVE('',#8579,#9327);
#9327 = DEFINITIONAL_REPRESENTATION('',(#9328),#9331);
#9328 = B_SPLINE_CURVE_WITH_KNOTS('',1,(#9329,#9330),.UNSPECIFIED.,.F.,
  .F.,(2,2),(59.,61.960505792205),.PIECEWISE_BEZIER_KNOTS.);
#9329 = CARTESIAN_POINT('',(0.,5.));
#9330 = CARTESIAN_POINT('',(2.960505792205,5.));
#9331 = ( GEOMETRIC_REPRESENTATION_CONTEXT(2) 
PARAMETRIC_REPRESENTATION_CONTEXT() REPRESENTATION_CONTEXT('2D SPACE',''
  ) );
#9332 = ORIENTED_EDGE('',*,*,#9333,.F.);
#9333 = EDGE_CURVE('',#9334,#9313,#9336,.T.);
#9334 = VERTEX_POINT('',#9335);
#9335 = CARTESIAN_POINT('',(35.,60.,35.5));
#9336 = SURFACE_CURVE('',#9337,(#9341,#9347),.PCURVE_S1.);
#9337 = LINE('',#9338,#9339);
#9338 = CARTESIAN_POINT('',(35.,60.,13.25));
#9339 = VECTOR('',#9340,1.);
#9340 = DIRECTION('',(0.,0.,-1.));
#9341 = PCURVE('',#3397,#9342);
#9342 = DEFINITIONAL_REPRESENTATION('',(#9343),#9346);
#9343 = B_SPLINE_CURVE_WITH_KNOTS('',1,(#9344,#9345),.UNSPECIFIED.,.F.,
  .F.,(2,2),(-22.25,-15.25),.PIECEWISE_BEZIER_KNOTS.);
#9344 = CARTESIAN_POINT('',(37.5,118.));
#9345 = CARTESIAN_POINT('',(30.5,118.));
#9346 = ( GEOMETRIC_REPRESENTATION_CONTEXT(2) 
PARAMETRIC_REPRESENTATION_CONTEXT() REPRESENTATION_CONTEXT('2D SPACE',''
  ) );
#9347 = PCURVE('',#3727,#9348);
#9348 = DEFINITIONAL_REPRESENTATION('',(#9349),#9353);
#9349 = LINE('',#9350,#9351);
#9350 = CARTESIAN_POINT('',(-15.25,-6.));
#9351 = VECTOR('',#9352,1.);
#9352 = DIRECTION('',(-1.,0.));
#9353 = ( GEOMETRIC_REPRESENTATION_CONTEXT(2) 
PARAMETRIC_REPRESENTATION_CONTEXT() REPRESENTATION_CONTEXT('2D SPACE',''
  ) );
#9354 = ORIENTED_EDGE('',*,*,#9355,.F.);
#9355 = EDGE_CURVE('',#9356,#9334,#9358,.T.);
#9356 = VERTEX_POINT('',#9357);
#9357 = CARTESIAN_POINT('',(23.,60.,35.5));
#9358 = SURFACE_CURVE('',#9359,(#9363,#9369),.PCURVE_S1.);
#9359 = LINE('',#9360,#9361);
#9360 = CARTESIAN_POINT('',(-30.,60.,35.5));
#9361 = VECTOR('',#9362,1.);
#9362 = DIRECTION('',(1.,0.,0.));
#9363 = PCURVE('',#3397,#9364);
#9364 = DEFINITIONAL_REPRESENTATION('',(#9365),#9368);
#9365 = B_SPLINE_CURVE_WITH_KNOTS('',1,(#9366,#9367),.UNSPECIFIED.,.F.,
  .F.,(2,2),(53.,65.),.PIECEWISE_BEZIER_KNOTS.);
#9366 = CARTESIAN_POINT('',(37.5,106.));
#9367 = CARTESIAN_POINT('',(37.5,118.));
#9368 = ( GEOMETRIC_REPRESENTATION_CONTEXT(2) 
PARAMETRIC_REPRESENTATION_CONTEXT() REPRESENTATION_CONTEXT('2D SPACE',''
  ) );
#9369 = PCURVE('',#3650,#9370);
#9370 = DEFINITIONAL_REPRESENTATION('',(#9371),#9374);
#9371 = B_SPLINE_CURVE_WITH_KNOTS('',1,(#9372,#9373),.UNSPECIFIED.,.F.,
  .F.,(2,2),(53.,65.),.PIECEWISE_BEZIER_KNOTS.);
#9372 = CARTESIAN_POINT('',(0.,6.));
#9373 = CARTESIAN_POINT('',(12.,6.));
#9374 = ( GEOMETRIC_REPRESENTATION_CONTEXT(2) 
PARAMETRIC_REPRESENTATION_CONTEXT() REPRESENTATION_CONTEXT('2D SPACE',''
  ) );
#9375 = ORIENTED_EDGE('',*,*,#9376,.T.);
#9376 = EDGE_CURVE('',#9356,#9377,#9379,.T.);
#9377 = VERTEX_POINT('',#9378);
#9378 = CARTESIAN_POINT('',(23.,60.,29.));
#9379 = SURFACE_CURVE('',#9380,(#9384,#9390),.PCURVE_S1.);
#9380 = LINE('',#9381,#9382);
#9381 = CARTESIAN_POINT('',(23.,60.,13.25));
#9382 = VECTOR('',#9383,1.);
#9383 = DIRECTION('',(0.,0.,-1.));
#9384 = PCURVE('',#3397,#9385);
#9385 = DEFINITIONAL_REPRESENTATION('',(#9386),#9389);
#9386 = B_SPLINE_CURVE_WITH_KNOTS('',1,(#9387,#9388),.UNSPECIFIED.,.F.,
  .F.,(2,2),(-22.25,-15.25),.PIECEWISE_BEZIER_KNOTS.);
#9387 = CARTESIAN_POINT('',(37.5,106.));
#9388 = CARTESIAN_POINT('',(30.5,106.));
#9389 = ( GEOMETRIC_REPRESENTATION_CONTEXT(2) 
PARAMETRIC_REPRESENTATION_CONTEXT() REPRESENTATION_CONTEXT('2D SPACE',''
  ) );
#9390 = PCURVE('',#3676,#9391);
#9391 = DEFINITIONAL_REPRESENTATION('',(#9392),#9396);
#9392 = LINE('',#9393,#9394);
#9393 = CARTESIAN_POINT('',(-15.25,-6.));
#9394 = VECTOR('',#9395,1.);
#9395 = DIRECTION('',(-1.,0.));
#9396 = ( GEOMETRIC_REPRESENTATION_CONTEXT(2) 
PARAMETRIC_REPRESENTATION_CONTEXT() REPRESENTATION_CONTEXT('2D SPACE',''
  ) );
#9397 = ORIENTED_EDGE('',*,*,#9398,.F.);
#9398 = EDGE_CURVE('',#9399,#9377,#9401,.T.);
#9399 = VERTEX_POINT('',#9400);
#9400 = CARTESIAN_POINT('',(15.,60.,29.));
#9401 = SURFACE_CURVE('',#9402,(#9406,#9412),.PCURVE_S1.);
#9402 = LINE('',#9403,#9404);
#9403 = CARTESIAN_POINT('',(-34.,60.,29.));
#9404 = VECTOR('',#9405,1.);
#9405 = DIRECTION('',(1.,0.,0.));
#9406 = PCURVE('',#3397,#9407);
#9407 = DEFINITIONAL_REPRESENTATION('',(#9408),#9411);
#9408 = B_SPLINE_CURVE_WITH_KNOTS('',1,(#9409,#9410),.UNSPECIFIED.,.F.,
  .F.,(2,2),(49.,57.),.PIECEWISE_BEZIER_KNOTS.);
#9409 = CARTESIAN_POINT('',(31.,98.));
#9410 = CARTESIAN_POINT('',(31.,106.));
#9411 = ( GEOMETRIC_REPRESENTATION_CONTEXT(2) 
PARAMETRIC_REPRESENTATION_CONTEXT() REPRESENTATION_CONTEXT('2D SPACE',''
  ) );
#9412 = PCURVE('',#9413,#9418);
#9413 = PLANE('',#9414);
#9414 = AXIS2_PLACEMENT_3D('',#9415,#9416,#9417);
#9415 = CARTESIAN_POINT('',(15.,55.,29.));
#9416 = DIRECTION('',(0.,0.,1.));
#9417 = DIRECTION('',(1.,0.,0.));
#9418 = DEFINITIONAL_REPRESENTATION('',(#9419),#9422);
#9419 = B_SPLINE_CURVE_WITH_KNOTS('',1,(#9420,#9421),.UNSPECIFIED.,.F.,
  .F.,(2,2),(49.,57.),.PIECEWISE_BEZIER_KNOTS.);
#9420 = CARTESIAN_POINT('',(0.,5.));
#9421 = CARTESIAN_POINT('',(8.,5.));
#9422 = ( GEOMETRIC_REPRESENTATION_CONTEXT(2) 
PARAMETRIC_REPRESENTATION_CONTEXT() REPRESENTATION_CONTEXT('2D SPACE',''
  ) );
#9423 = ORIENTED_EDGE('',*,*,#9424,.T.);
#9424 = EDGE_CURVE('',#9399,#9425,#9427,.T.);
#9425 = VERTEX_POINT('',#9426);
#9426 = CARTESIAN_POINT('',(15.,60.,19.));
#9427 = SURFACE_CURVE('',#9428,(#9432,#9438),.PCURVE_S1.);
#9428 = LINE('',#9429,#9430);
#9429 = CARTESIAN_POINT('',(15.,60.,8.5));
#9430 = VECTOR('',#9431,1.);
#9431 = DIRECTION('',(0.,0.,-1.));
#9432 = PCURVE('',#3397,#9433);
#9433 = DEFINITIONAL_REPRESENTATION('',(#9434),#9437);
#9434 = B_SPLINE_CURVE_WITH_KNOTS('',1,(#9435,#9436),.UNSPECIFIED.,.F.,
  .F.,(2,2),(-20.5,-10.5),.PIECEWISE_BEZIER_KNOTS.);
#9435 = CARTESIAN_POINT('',(31.,98.));
#9436 = CARTESIAN_POINT('',(21.,98.));
#9437 = ( GEOMETRIC_REPRESENTATION_CONTEXT(2) 
PARAMETRIC_REPRESENTATION_CONTEXT() REPRESENTATION_CONTEXT('2D SPACE',''
  ) );
#9438 = PCURVE('',#9439,#9444);
#9439 = PLANE('',#9440);
#9440 = AXIS2_PLACEMENT_3D('',#9441,#9442,#9443);
#9441 = CARTESIAN_POINT('',(15.,55.,19.));
#9442 = DIRECTION('',(1.,0.,0.));
#9443 = DIRECTION('',(0.,0.,1.));
#9444 = DEFINITIONAL_REPRESENTATION('',(#9445),#9448);
#9445 = B_SPLINE_CURVE_WITH_KNOTS('',1,(#9446,#9447),.UNSPECIFIED.,.F.,
  .F.,(2,2),(-20.5,-10.5),.PIECEWISE_BEZIER_KNOTS.);
#9446 = CARTESIAN_POINT('',(10.,-5.));
#9447 = CARTESIAN_POINT('',(0.,-5.));
#9448 = ( GEOMETRIC_REPRESENTATION_CONTEXT(2) 
PARAMETRIC_REPRESENTATION_CONTEXT() REPRESENTATION_CONTEXT('2D SPACE',''
  ) );
#9449 = ORIENTED_EDGE('',*,*,#9450,.T.);
#9450 = EDGE_CURVE('',#9425,#9451,#9453,.T.);
#9451 = VERTEX_POINT('',#9452);
#9452 = CARTESIAN_POINT('',(23.,60.,19.));
#9453 = SURFACE_CURVE('',#9454,(#9458,#9464),.PCURVE_S1.);
#9454 = LINE('',#9455,#9456);
#9455 = CARTESIAN_POINT('',(-34.,60.,19.));
#9456 = VECTOR('',#9457,1.);
#9457 = DIRECTION('',(1.,0.,0.));
#9458 = PCURVE('',#3397,#9459);
#9459 = DEFINITIONAL_REPRESENTATION('',(#9460),#9463);
#9460 = B_SPLINE_CURVE_WITH_KNOTS('',1,(#9461,#9462),.UNSPECIFIED.,.F.,
  .F.,(2,2),(49.,57.),.PIECEWISE_BEZIER_KNOTS.);
#9461 = CARTESIAN_POINT('',(21.,98.));
#9462 = CARTESIAN_POINT('',(21.,106.));
#9463 = ( GEOMETRIC_REPRESENTATION_CONTEXT(2) 
PARAMETRIC_REPRESENTATION_CONTEXT() REPRESENTATION_CONTEXT('2D SPACE',''
  ) );
#9464 = PCURVE('',#9465,#9470);
#9465 = PLANE('',#9466);
#9466 = AXIS2_PLACEMENT_3D('',#9467,#9468,#9469);
#9467 = CARTESIAN_POINT('',(15.,55.,19.));
#9468 = DIRECTION('',(0.,0.,1.));
#9469 = DIRECTION('',(1.,0.,0.));
#9470 = DEFINITIONAL_REPRESENTATION('',(#9471),#9474);
#9471 = B_SPLINE_CURVE_WITH_KNOTS('',1,(#9472,#9473),.UNSPECIFIED.,.F.,
  .F.,(2,2),(49.,57.),.PIECEWISE_BEZIER_KNOTS.);
#9472 = CARTESIAN_POINT('',(0.,5.));
#9473 = CARTESIAN_POINT('',(8.,5.));
#9474 = ( GEOMETRIC_REPRESENTATION_CONTEXT(2) 
PARAMETRIC_REPRESENTATION_CONTEXT() REPRESENTATION_CONTEXT('2D SPACE',''
  ) );
#9475 = ORIENTED_EDGE('',*,*,#9476,.F.);
#9476 = EDGE_CURVE('',#9477,#9451,#9479,.T.);
#9477 = VERTEX_POINT('',#9478);
#9478 = CARTESIAN_POINT('',(23.,60.,28.5));
#9479 = SURFACE_CURVE('',#9480,(#9484,#9490),.PCURVE_S1.);
#9480 = LINE('',#9481,#9482);
#9481 = CARTESIAN_POINT('',(23.,60.,8.5));
#9482 = VECTOR('',#9483,1.);
#9483 = DIRECTION('',(0.,0.,-1.));
#9484 = PCURVE('',#3397,#9485);
#9485 = DEFINITIONAL_REPRESENTATION('',(#9486),#9489);
#9486 = B_SPLINE_CURVE_WITH_KNOTS('',1,(#9487,#9488),.UNSPECIFIED.,.F.,
  .F.,(2,2),(-20.5,-10.5),.PIECEWISE_BEZIER_KNOTS.);
#9487 = CARTESIAN_POINT('',(31.,106.));
#9488 = CARTESIAN_POINT('',(21.,106.));
#9489 = ( GEOMETRIC_REPRESENTATION_CONTEXT(2) 
PARAMETRIC_REPRESENTATION_CONTEXT() REPRESENTATION_CONTEXT('2D SPACE',''
  ) );
#9490 = PCURVE('',#3676,#9491);
#9491 = DEFINITIONAL_REPRESENTATION('',(#9492),#9496);
#9492 = LINE('',#9493,#9494);
#9493 = CARTESIAN_POINT('',(-20.,-6.));
#9494 = VECTOR('',#9495,1.);
#9495 = DIRECTION('',(-1.,0.));
#9496 = ( GEOMETRIC_REPRESENTATION_CONTEXT(2) 
PARAMETRIC_REPRESENTATION_CONTEXT() REPRESENTATION_CONTEXT('2D SPACE',''
  ) );
#9497 = ORIENTED_EDGE('',*,*,#9498,.T.);
#9498 = EDGE_CURVE('',#9477,#9499,#9501,.T.);
#9499 = VERTEX_POINT('',#9500);
#9500 = CARTESIAN_POINT('',(35.,60.,28.5));
#9501 = SURFACE_CURVE('',#9502,(#9506,#9512),.PCURVE_S1.);
#9502 = LINE('',#9503,#9504);
#9503 = CARTESIAN_POINT('',(-30.,60.,28.5));
#9504 = VECTOR('',#9505,1.);
#9505 = DIRECTION('',(1.,0.,0.));
#9506 = PCURVE('',#3397,#9507);
#9507 = DEFINITIONAL_REPRESENTATION('',(#9508),#9511);
#9508 = B_SPLINE_CURVE_WITH_KNOTS('',1,(#9509,#9510),.UNSPECIFIED.,.F.,
  .F.,(2,2),(53.,65.),.PIECEWISE_BEZIER_KNOTS.);
#9509 = CARTESIAN_POINT('',(30.5,106.));
#9510 = CARTESIAN_POINT('',(30.5,118.));
#9511 = ( GEOMETRIC_REPRESENTATION_CONTEXT(2) 
PARAMETRIC_REPRESENTATION_CONTEXT() REPRESENTATION_CONTEXT('2D SPACE',''
  ) );
#9512 = PCURVE('',#3703,#9513);
#9513 = DEFINITIONAL_REPRESENTATION('',(#9514),#9517);
#9514 = B_SPLINE_CURVE_WITH_KNOTS('',1,(#9515,#9516),.UNSPECIFIED.,.F.,
  .F.,(2,2),(53.,65.),.PIECEWISE_BEZIER_KNOTS.);
#9515 = CARTESIAN_POINT('',(0.,6.));
#9516 = CARTESIAN_POINT('',(12.,6.));
#9517 = ( GEOMETRIC_REPRESENTATION_CONTEXT(2) 
PARAMETRIC_REPRESENTATION_CONTEXT() REPRESENTATION_CONTEXT('2D SPACE',''
  ) );
#9518 = ORIENTED_EDGE('',*,*,#9519,.T.);
#9519 = EDGE_CURVE('',#9499,#9520,#9522,.T.);
#9520 = VERTEX_POINT('',#9521);
#9521 = CARTESIAN_POINT('',(35.,60.,19.));
#9522 = SURFACE_CURVE('',#9523,(#9527,#9533),.PCURVE_S1.);
#9523 = LINE('',#9524,#9525);
#9524 = CARTESIAN_POINT('',(35.,60.,8.5));
#9525 = VECTOR('',#9526,1.);
#9526 = DIRECTION('',(0.,0.,-1.));
#9527 = PCURVE('',#3397,#9528);
#9528 = DEFINITIONAL_REPRESENTATION('',(#9529),#9532);
#9529 = B_SPLINE_CURVE_WITH_KNOTS('',1,(#9530,#9531),.UNSPECIFIED.,.F.,
  .F.,(2,2),(-20.5,-10.5),.PIECEWISE_BEZIER_KNOTS.);
#9530 = CARTESIAN_POINT('',(31.,118.));
#9531 = CARTESIAN_POINT('',(21.,118.));
#9532 = ( GEOMETRIC_REPRESENTATION_CONTEXT(2) 
PARAMETRIC_REPRESENTATION_CONTEXT() REPRESENTATION_CONTEXT('2D SPACE',''
  ) );
#9533 = PCURVE('',#3727,#9534);
#9534 = DEFINITIONAL_REPRESENTATION('',(#9535),#9539);
#9535 = LINE('',#9536,#9537);
#9536 = CARTESIAN_POINT('',(-20.,-6.));
#9537 = VECTOR('',#9538,1.);
#9538 = DIRECTION('',(-1.,0.));
#9539 = ( GEOMETRIC_REPRESENTATION_CONTEXT(2) 
PARAMETRIC_REPRESENTATION_CONTEXT() REPRESENTATION_CONTEXT('2D SPACE',''
  ) );
#9540 = ORIENTED_EDGE('',*,*,#9541,.T.);
#9541 = EDGE_CURVE('',#9520,#8622,#9542,.T.);
#9542 = SURFACE_CURVE('',#9543,(#9547,#9553),.PCURVE_S1.);
#9543 = LINE('',#9544,#9545);
#9544 = CARTESIAN_POINT('',(-24.,60.,19.));
#9545 = VECTOR('',#9546,1.);
#9546 = DIRECTION('',(1.,0.,0.));
#9547 = PCURVE('',#3397,#9548);
#9548 = DEFINITIONAL_REPRESENTATION('',(#9549),#9552);
#9549 = B_SPLINE_CURVE_WITH_KNOTS('',1,(#9550,#9551),.UNSPECIFIED.,.F.,
  .F.,(2,2),(59.,61.960505792205),.PIECEWISE_BEZIER_KNOTS.);
#9550 = CARTESIAN_POINT('',(21.,118.));
#9551 = CARTESIAN_POINT('',(21.,120.9605057922));
#9552 = ( GEOMETRIC_REPRESENTATION_CONTEXT(2) 
PARAMETRIC_REPRESENTATION_CONTEXT() REPRESENTATION_CONTEXT('2D SPACE',''
  ) );
#9553 = PCURVE('',#8638,#9554);
#9554 = DEFINITIONAL_REPRESENTATION('',(#9555),#9558);
#9555 = B_SPLINE_CURVE_WITH_KNOTS('',1,(#9556,#9557),.UNSPECIFIED.,.F.,
  .F.,(2,2),(59.,61.960505792205),.PIECEWISE_BEZIER_KNOTS.);
#9556 = CARTESIAN_POINT('',(0.,5.));
#9557 = CARTESIAN_POINT('',(2.960505792205,5.));
#9558 = ( GEOMETRIC_REPRESENTATION_CONTEXT(2) 
PARAMETRIC_REPRESENTATION_CONTEXT() REPRESENTATION_CONTEXT('2D SPACE',''
  ) );
#9559 = ORIENTED_EDGE('',*,*,#8654,.T.);
#9560 = ORIENTED_EDGE('',*,*,#3381,.T.);
#9561 = FACE_BOUND('',#9562,.F.);
#9562 = EDGE_LOOP('',(#9563));
#9563 = ORIENTED_EDGE('',*,*,#9564,.F.);
#9564 = EDGE_CURVE('',#9565,#9565,#9567,.T.);
#9565 = VERTEX_POINT('',#9566);
#9566 = CARTESIAN_POINT('',(-18.8,60.,22.));
#9567 = SURFACE_CURVE('',#9568,(#9573,#9580),.PCURVE_S1.);
#9568 = CIRCLE('',#9569,3.2);
#9569 = AXIS2_PLACEMENT_3D('',#9570,#9571,#9572);
#9570 = CARTESIAN_POINT('',(-22.,60.,22.));
#9571 = DIRECTION('',(-0.,1.,0.));
#9572 = DIRECTION('',(1.,0.,0.));
#9573 = PCURVE('',#3397,#9574);
#9574 = DEFINITIONAL_REPRESENTATION('',(#9575),#9579);
#9575 = CIRCLE('',#9576,3.2);
#9576 = AXIS2_PLACEMENT_2D('',#9577,#9578);
#9577 = CARTESIAN_POINT('',(24.,61.));
#9578 = DIRECTION('',(0.,1.));
#9579 = ( GEOMETRIC_REPRESENTATION_CONTEXT(2) 
PARAMETRIC_REPRESENTATION_CONTEXT() REPRESENTATION_CONTEXT('2D SPACE',''
  ) );
#9580 = PCURVE('',#3514,#9581);
#9581 = DEFINITIONAL_REPRESENTATION('',(#9582),#9586);
#9582 = LINE('',#9583,#9584);
#9583 = CARTESIAN_POINT('',(6.28318530718,1.5));
#9584 = VECTOR('',#9585,1.);
#9585 = DIRECTION('',(-1.,-0.));
#9586 = ( GEOMETRIC_REPRESENTATION_CONTEXT(2) 
PARAMETRIC_REPRESENTATION_CONTEXT() REPRESENTATION_CONTEXT('2D SPACE',''
  ) );
#9587 = FACE_BOUND('',#9588,.F.);
#9588 = EDGE_LOOP('',(#9589));
#9589 = ORIENTED_EDGE('',*,*,#9590,.F.);
#9590 = EDGE_CURVE('',#9591,#9591,#9593,.T.);
#9591 = VERTEX_POINT('',#9592);
#9592 = CARTESIAN_POINT('',(-15.9,60.,39.));
#9593 = SURFACE_CURVE('',#9594,(#9599,#9606),.PCURVE_S1.);
#9594 = CIRCLE('',#9595,6.1);
#9595 = AXIS2_PLACEMENT_3D('',#9596,#9597,#9598);
#9596 = CARTESIAN_POINT('',(-22.,60.,39.));
#9597 = DIRECTION('',(-0.,1.,0.));
#9598 = DIRECTION('',(1.,0.,0.));
#9599 = PCURVE('',#3397,#9600);
#9600 = DEFINITIONAL_REPRESENTATION('',(#9601),#9605);
#9601 = CIRCLE('',#9602,6.1);
#9602 = AXIS2_PLACEMENT_2D('',#9603,#9604);
#9603 = CARTESIAN_POINT('',(41.,61.));
#9604 = DIRECTION('',(0.,1.));
#9605 = ( GEOMETRIC_REPRESENTATION_CONTEXT(2) 
PARAMETRIC_REPRESENTATION_CONTEXT() REPRESENTATION_CONTEXT('2D SPACE',''
  ) );
#9606 = PCURVE('',#3549,#9607);
#9607 = DEFINITIONAL_REPRESENTATION('',(#9608),#9612);
#9608 = LINE('',#9609,#9610);
#9609 = CARTESIAN_POINT('',(6.28318530718,1.5));
#9610 = VECTOR('',#9611,1.);
#9611 = DIRECTION('',(-1.,-0.));
#9612 = ( GEOMETRIC_REPRESENTATION_CONTEXT(2) 
PARAMETRIC_REPRESENTATION_CONTEXT() REPRESENTATION_CONTEXT('2D SPACE',''
  ) );
#9613 = FACE_BOUND('',#9614,.F.);
#9614 = EDGE_LOOP('',(#9615));
#9615 = ORIENTED_EDGE('',*,*,#9616,.F.);
#9616 = EDGE_CURVE('',#9617,#9617,#9619,.T.);
#9617 = VERTEX_POINT('',#9618);
#9618 = CARTESIAN_POINT('',(-26.,60.,52.));
#9619 = SURFACE_CURVE('',#9620,(#9625,#9632),.PCURVE_S1.);
#9620 = CIRCLE('',#9621,1.);
#9621 = AXIS2_PLACEMENT_3D('',#9622,#9623,#9624);
#9622 = CARTESIAN_POINT('',(-27.,60.,52.));
#9623 = DIRECTION('',(-0.,1.,0.));
#9624 = DIRECTION('',(1.,0.,0.));
#9625 = PCURVE('',#3397,#9626);
#9626 = DEFINITIONAL_REPRESENTATION('',(#9627),#9631);
#9627 = CIRCLE('',#9628,1.);
#9628 = AXIS2_PLACEMENT_2D('',#9629,#9630);
#9629 = CARTESIAN_POINT('',(54.,56.));
#9630 = DIRECTION('',(0.,1.));
#9631 = ( GEOMETRIC_REPRESENTATION_CONTEXT(2) 
PARAMETRIC_REPRESENTATION_CONTEXT() REPRESENTATION_CONTEXT('2D SPACE',''
  ) );
#9632 = PCURVE('',#3584,#9633);
#9633 = DEFINITIONAL_REPRESENTATION('',(#9634),#9638);
#9634 = LINE('',#9635,#9636);
#9635 = CARTESIAN_POINT('',(6.28318530718,1.5));
#9636 = VECTOR('',#9637,1.);
#9637 = DIRECTION('',(-1.,-0.));
#9638 = ( GEOMETRIC_REPRESENTATION_CONTEXT(2) 
PARAMETRIC_REPRESENTATION_CONTEXT() REPRESENTATION_CONTEXT('2D SPACE',''
  ) );
#9639 = FACE_BOUND('',#9640,.F.);
#9640 = EDGE_LOOP('',(#9641));
#9641 = ORIENTED_EDGE('',*,*,#9642,.F.);
#9642 = EDGE_CURVE('',#9643,#9643,#9645,.T.);
#9643 = VERTEX_POINT('',#9644);
#9644 = CARTESIAN_POINT('',(6.1,60.,39.));
#9645 = SURFACE_CURVE('',#9646,(#9651,#9658),.PCURVE_S1.);
#9646 = CIRCLE('',#9647,6.1);
#9647 = AXIS2_PLACEMENT_3D('',#9648,#9649,#9650);
#9648 = CARTESIAN_POINT('',(0.,60.,39.));
#9649 = DIRECTION('',(-0.,1.,0.));
#9650 = DIRECTION('',(1.,0.,0.));
#9651 = PCURVE('',#3397,#9652);
#9652 = DEFINITIONAL_REPRESENTATION('',(#9653),#9657);
#9653 = CIRCLE('',#9654,6.1);
#9654 = AXIS2_PLACEMENT_2D('',#9655,#9656);
#9655 = CARTESIAN_POINT('',(41.,83.));
#9656 = DIRECTION('',(0.,1.));
#9657 = ( GEOMETRIC_REPRESENTATION_CONTEXT(2) 
PARAMETRIC_REPRESENTATION_CONTEXT() REPRESENTATION_CONTEXT('2D SPACE',''
  ) );
#9658 = PCURVE('',#3619,#9659);
#9659 = DEFINITIONAL_REPRESENTATION('',(#9660),#9664);
#9660 = LINE('',#9661,#9662);
#9661 = CARTESIAN_POINT('',(6.28318530718,1.5));
#9662 = VECTOR('',#9663,1.);
#9663 = DIRECTION('',(-1.,-0.));
#9664 = ( GEOMETRIC_REPRESENTATION_CONTEXT(2) 
PARAMETRIC_REPRESENTATION_CONTEXT() REPRESENTATION_CONTEXT('2D SPACE',''
  ) );
#9665 = FACE_BOUND('',#9666,.F.);
#9666 = EDGE_LOOP('',(#9667));
#9667 = ORIENTED_EDGE('',*,*,#9668,.F.);
#9668 = EDGE_CURVE('',#9669,#9669,#9671,.T.);
#9669 = VERTEX_POINT('',#9670);
#9670 = CARTESIAN_POINT('',(19.6,60.,39.));
#9671 = SURFACE_CURVE('',#9672,(#9677,#9684),.PCURVE_S1.);
#9672 = CIRCLE('',#9673,1.6);
#9673 = AXIS2_PLACEMENT_3D('',#9674,#9675,#9676);
#9674 = CARTESIAN_POINT('',(18.,60.,39.));
#9675 = DIRECTION('',(-0.,1.,0.));
#9676 = DIRECTION('',(1.,0.,0.));
#9677 = PCURVE('',#3397,#9678);
#9678 = DEFINITIONAL_REPRESENTATION('',(#9679),#9683);
#9679 = CIRCLE('',#9680,1.6);
#9680 = AXIS2_PLACEMENT_2D('',#9681,#9682);
#9681 = CARTESIAN_POINT('',(41.,101.));
#9682 = DIRECTION('',(0.,1.));
#9683 = ( GEOMETRIC_REPRESENTATION_CONTEXT(2) 
PARAMETRIC_REPRESENTATION_CONTEXT() REPRESENTATION_CONTEXT('2D SPACE',''
  ) );
#9684 = PCURVE('',#3762,#9685);
#9685 = DEFINITIONAL_REPRESENTATION('',(#9686),#9690);
#9686 = LINE('',#9687,#9688);
#9687 = CARTESIAN_POINT('',(6.28318530718,1.5));
#9688 = VECTOR('',#9689,1.);
#9689 = DIRECTION('',(-1.,-0.));
#9690 = ( GEOMETRIC_REPRESENTATION_CONTEXT(2) 
PARAMETRIC_REPRESENTATION_CONTEXT() REPRESENTATION_CONTEXT('2D SPACE',''
  ) );
#9691 = ADVANCED_FACE('',(#9692),#3219,.T.);
#9692 = FACE_BOUND('',#9693,.F.);
#9693 = EDGE_LOOP('',(#9694,#9695,#9696,#9718));
#9694 = ORIENTED_EDGE('',*,*,#3202,.F.);
#9695 = ORIENTED_EDGE('',*,*,#8703,.F.);
#9696 = ORIENTED_EDGE('',*,*,#9697,.T.);
#9697 = EDGE_CURVE('',#8704,#8725,#9698,.T.);
#9698 = SURFACE_CURVE('',#9699,(#9704,#9711),.PCURVE_S1.);
#9699 = CIRCLE('',#9700,5.);
#9700 = AXIS2_PLACEMENT_3D('',#9701,#9702,#9703);
#9701 = CARTESIAN_POINT('',(58.023702053557,-33.5,15.));
#9702 = DIRECTION('',(0.,0.,1.));
#9703 = DIRECTION('',(1.,0.,0.));
#9704 = PCURVE('',#3219,#9705);
#9705 = DEFINITIONAL_REPRESENTATION('',(#9706),#9710);
#9706 = LINE('',#9707,#9708);
#9707 = CARTESIAN_POINT('',(-0.,-12.));
#9708 = VECTOR('',#9709,1.);
#9709 = DIRECTION('',(-1.,0.));
#9710 = ( GEOMETRIC_REPRESENTATION_CONTEXT(2) 
PARAMETRIC_REPRESENTATION_CONTEXT() REPRESENTATION_CONTEXT('2D SPACE',''
  ) );
#9711 = PCURVE('',#8741,#9712);
#9712 = DEFINITIONAL_REPRESENTATION('',(#9713),#9717);
#9713 = CIRCLE('',#9714,5.);
#9714 = AXIS2_PLACEMENT_2D('',#9715,#9716);
#9715 = CARTESIAN_POINT('',(0.,0.));
#9716 = DIRECTION('',(1.,0.));
#9717 = ( GEOMETRIC_REPRESENTATION_CONTEXT(2) 
PARAMETRIC_REPRESENTATION_CONTEXT() REPRESENTATION_CONTEXT('2D SPACE',''
  ) );
#9718 = ORIENTED_EDGE('',*,*,#8757,.T.);
#9719 = ADVANCED_FACE('',(#9720),#3341,.T.);
#9720 = FACE_BOUND('',#9721,.F.);
#9721 = EDGE_LOOP('',(#9722,#9723,#9724,#9750));
#9722 = ORIENTED_EDGE('',*,*,#3320,.T.);
#9723 = ORIENTED_EDGE('',*,*,#8851,.F.);
#9724 = ORIENTED_EDGE('',*,*,#9725,.F.);
#9725 = EDGE_CURVE('',#8873,#8852,#9726,.T.);
#9726 = SURFACE_CURVE('',#9727,(#9732,#9739),.PCURVE_S1.);
#9727 = CIRCLE('',#9728,5.);
#9728 = AXIS2_PLACEMENT_3D('',#9729,#9730,#9731);
#9729 = CARTESIAN_POINT('',(-58.02370205355,33.5,15.));
#9730 = DIRECTION('',(0.,0.,-1.));
#9731 = DIRECTION('',(-0.372434779074,0.928058368496,0.));
#9732 = PCURVE('',#3341,#9733);
#9733 = DEFINITIONAL_REPRESENTATION('',(#9734),#9738);
#9734 = LINE('',#9735,#9736);
#9735 = CARTESIAN_POINT('',(-8.235612797397,-12.));
#9736 = VECTOR('',#9737,1.);
#9737 = DIRECTION('',(1.,-0.));
#9738 = ( GEOMETRIC_REPRESENTATION_CONTEXT(2) 
PARAMETRIC_REPRESENTATION_CONTEXT() REPRESENTATION_CONTEXT('2D SPACE',''
  ) );
#9739 = PCURVE('',#8889,#9740);
#9740 = DEFINITIONAL_REPRESENTATION('',(#9741),#9749);
#9741 = ( BOUNDED_CURVE() B_SPLINE_CURVE(2,(#9742,#9743,#9744,#9745,
#9746,#9747,#9748),.UNSPECIFIED.,.T.,.F.) B_SPLINE_CURVE_WITH_KNOTS((1,2
    ,2,2,2,1),(-2.094395102393,0.,2.094395102393,4.188790204786,
6.28318530718,8.377580409573),.UNSPECIFIED.) CURVE() 
GEOMETRIC_REPRESENTATION_ITEM() RATIONAL_B_SPLINE_CURVE((1.,0.5,1.,0.5,
1.,0.5,1.)) REPRESENTATION_ITEM('') );
#9742 = CARTESIAN_POINT('',(-1.86217389537,4.640291842482));
#9743 = CARTESIAN_POINT('',(6.175047337756,7.865671641791));
#9744 = CARTESIAN_POINT('',(4.949697564248,-0.707456021586));
#9745 = CARTESIAN_POINT('',(3.72434779074,-9.280583684963));
#9746 = CARTESIAN_POINT('',(-3.087523668878,-3.932835820896));
#9747 = CARTESIAN_POINT('',(-9.899395128496,1.414912043172));
#9748 = CARTESIAN_POINT('',(-1.86217389537,4.640291842482));
#9749 = ( GEOMETRIC_REPRESENTATION_CONTEXT(2) 
PARAMETRIC_REPRESENTATION_CONTEXT() REPRESENTATION_CONTEXT('2D SPACE',''
  ) );
#9750 = ORIENTED_EDGE('',*,*,#8905,.T.);
#9751 = ADVANCED_FACE('',(#9752),#3280,.T.);
#9752 = FACE_BOUND('',#9753,.F.);
#9753 = EDGE_LOOP('',(#9754,#9755,#9756,#9782));
#9754 = ORIENTED_EDGE('',*,*,#3259,.T.);
#9755 = ORIENTED_EDGE('',*,*,#8777,.F.);
#9756 = ORIENTED_EDGE('',*,*,#9757,.F.);
#9757 = EDGE_CURVE('',#8799,#8778,#9758,.T.);
#9758 = SURFACE_CURVE('',#9759,(#9764,#9771),.PCURVE_S1.);
#9759 = CIRCLE('',#9760,5.);
#9760 = AXIS2_PLACEMENT_3D('',#9761,#9762,#9763);
#9761 = CARTESIAN_POINT('',(-58.02370205355,-33.5,15.));
#9762 = DIRECTION('',(0.,0.,-1.));
#9763 = DIRECTION('',(-0.98993951285,0.141491204317,0.));
#9764 = PCURVE('',#3280,#9765);
#9765 = DEFINITIONAL_REPRESENTATION('',(#9766),#9770);
#9766 = LINE('',#9767,#9768);
#9767 = CARTESIAN_POINT('',(-9.282810348594,-12.));
#9768 = VECTOR('',#9769,1.);
#9769 = DIRECTION('',(1.,-0.));
#9770 = ( GEOMETRIC_REPRESENTATION_CONTEXT(2) 
PARAMETRIC_REPRESENTATION_CONTEXT() REPRESENTATION_CONTEXT('2D SPACE',''
  ) );
#9771 = PCURVE('',#8815,#9772);
#9772 = DEFINITIONAL_REPRESENTATION('',(#9773),#9781);
#9773 = ( BOUNDED_CURVE() B_SPLINE_CURVE(2,(#9774,#9775,#9776,#9777,
#9778,#9779,#9780),.UNSPECIFIED.,.T.,.F.) B_SPLINE_CURVE_WITH_KNOTS((1,2
    ,2,2,2,1),(-2.094395102393,0.,2.094395102393,4.188790204786,
6.28318530718,8.377580409573),.UNSPECIFIED.) CURVE() 
GEOMETRIC_REPRESENTATION_ITEM() RATIONAL_B_SPLINE_CURVE((1.,0.5,1.,0.5,
1.,0.5,1.)) REPRESENTATION_ITEM('') );
#9774 = CARTESIAN_POINT('',(-4.949697564248,0.707456021586));
#9775 = CARTESIAN_POINT('',(-3.72434779074,9.280583684963));
#9776 = CARTESIAN_POINT('',(3.087523668878,3.932835820896));
#9777 = CARTESIAN_POINT('',(9.899395128496,-1.414912043172));
#9778 = CARTESIAN_POINT('',(1.86217389537,-4.640291842482));
#9779 = CARTESIAN_POINT('',(-6.175047337756,-7.865671641791));
#9780 = CARTESIAN_POINT('',(-4.949697564248,0.707456021586));
#9781 = ( GEOMETRIC_REPRESENTATION_CONTEXT(2) 
PARAMETRIC_REPRESENTATION_CONTEXT() REPRESENTATION_CONTEXT('2D SPACE',''
  ) );
#9782 = ORIENTED_EDGE('',*,*,#8831,.T.);
#9783 = ADVANCED_FACE('',(#9784),#3453,.F.);
#9784 = FACE_BOUND('',#9785,.T.);
#9785 = EDGE_LOOP('',(#9786,#9809,#9836,#9837));
#9786 = ORIENTED_EDGE('',*,*,#9787,.T.);
#9787 = EDGE_CURVE('',#3437,#9788,#9790,.T.);
#9788 = VERTEX_POINT('',#9789);
#9789 = CARTESIAN_POINT('',(60.123702053557,33.5,8.5));
#9790 = SEAM_CURVE('',#9791,(#9795,#9802),.PCURVE_S1.);
#9791 = LINE('',#9792,#9793);
#9792 = CARTESIAN_POINT('',(60.123702053557,33.5,3.));
#9793 = VECTOR('',#9794,1.);
#9794 = DIRECTION('',(0.,0.,1.));
#9795 = PCURVE('',#3453,#9796);
#9796 = DEFINITIONAL_REPRESENTATION('',(#9797),#9801);
#9797 = LINE('',#9798,#9799);
#9798 = CARTESIAN_POINT('',(-0.,0.));
#9799 = VECTOR('',#9800,1.);
#9800 = DIRECTION('',(-0.,-1.));
#9801 = ( GEOMETRIC_REPRESENTATION_CONTEXT(2) 
PARAMETRIC_REPRESENTATION_CONTEXT() REPRESENTATION_CONTEXT('2D SPACE',''
  ) );
#9802 = PCURVE('',#3453,#9803);
#9803 = DEFINITIONAL_REPRESENTATION('',(#9804),#9808);
#9804 = LINE('',#9805,#9806);
#9805 = CARTESIAN_POINT('',(-6.28318530718,0.));
#9806 = VECTOR('',#9807,1.);
#9807 = DIRECTION('',(-0.,-1.));
#9808 = ( GEOMETRIC_REPRESENTATION_CONTEXT(2) 
PARAMETRIC_REPRESENTATION_CONTEXT() REPRESENTATION_CONTEXT('2D SPACE',''
  ) );
#9809 = ORIENTED_EDGE('',*,*,#9810,.T.);
#9810 = EDGE_CURVE('',#9788,#9788,#9811,.T.);
#9811 = SURFACE_CURVE('',#9812,(#9817,#9824),.PCURVE_S1.);
#9812 = CIRCLE('',#9813,2.1);
#9813 = AXIS2_PLACEMENT_3D('',#9814,#9815,#9816);
#9814 = CARTESIAN_POINT('',(58.023702053557,33.5,8.5));
#9815 = DIRECTION('',(0.,0.,1.));
#9816 = DIRECTION('',(1.,0.,0.));
#9817 = PCURVE('',#3453,#9818);
#9818 = DEFINITIONAL_REPRESENTATION('',(#9819),#9823);
#9819 = LINE('',#9820,#9821);
#9820 = CARTESIAN_POINT('',(-0.,-5.5));
#9821 = VECTOR('',#9822,1.);
#9822 = DIRECTION('',(-1.,0.));
#9823 = ( GEOMETRIC_REPRESENTATION_CONTEXT(2) 
PARAMETRIC_REPRESENTATION_CONTEXT() REPRESENTATION_CONTEXT('2D SPACE',''
  ) );
#9824 = PCURVE('',#9825,#9830);
#9825 = PLANE('',#9826);
#9826 = AXIS2_PLACEMENT_3D('',#9827,#9828,#9829);
#9827 = CARTESIAN_POINT('',(58.023702053557,33.5,8.5));
#9828 = DIRECTION('',(0.,0.,1.));
#9829 = DIRECTION('',(1.,0.,-0.));
#9830 = DEFINITIONAL_REPRESENTATION('',(#9831),#9835);
#9831 = CIRCLE('',#9832,2.1);
#9832 = AXIS2_PLACEMENT_2D('',#9833,#9834);
#9833 = CARTESIAN_POINT('',(0.,0.));
#9834 = DIRECTION('',(1.,0.));
#9835 = ( GEOMETRIC_REPRESENTATION_CONTEXT(2) 
PARAMETRIC_REPRESENTATION_CONTEXT() REPRESENTATION_CONTEXT('2D SPACE',''
  ) );
#9836 = ORIENTED_EDGE('',*,*,#9787,.F.);
#9837 = ORIENTED_EDGE('',*,*,#3436,.F.);
#9838 = ADVANCED_FACE('',(#9839),#3514,.F.);
#9839 = FACE_BOUND('',#9840,.F.);
#9840 = EDGE_LOOP('',(#9841,#9842,#9863,#9864));
#9841 = ORIENTED_EDGE('',*,*,#3493,.T.);
#9842 = ORIENTED_EDGE('',*,*,#9843,.F.);
#9843 = EDGE_CURVE('',#9565,#3494,#9844,.T.);
#9844 = SEAM_CURVE('',#9845,(#9849,#9856),.PCURVE_S1.);
#9845 = LINE('',#9846,#9847);
#9846 = CARTESIAN_POINT('',(-18.8,60.,22.));
#9847 = VECTOR('',#9848,1.);
#9848 = DIRECTION('',(0.,1.,0.));
#9849 = PCURVE('',#3514,#9850);
#9850 = DEFINITIONAL_REPRESENTATION('',(#9851),#9855);
#9851 = LINE('',#9852,#9853);
#9852 = CARTESIAN_POINT('',(6.28318530718,1.5));
#9853 = VECTOR('',#9854,1.);
#9854 = DIRECTION('',(0.,-1.));
#9855 = ( GEOMETRIC_REPRESENTATION_CONTEXT(2) 
PARAMETRIC_REPRESENTATION_CONTEXT() REPRESENTATION_CONTEXT('2D SPACE',''
  ) );
#9856 = PCURVE('',#3514,#9857);
#9857 = DEFINITIONAL_REPRESENTATION('',(#9858),#9862);
#9858 = LINE('',#9859,#9860);
#9859 = CARTESIAN_POINT('',(0.,1.5));
#9860 = VECTOR('',#9861,1.);
#9861 = DIRECTION('',(0.,-1.));
#9862 = ( GEOMETRIC_REPRESENTATION_CONTEXT(2) 
PARAMETRIC_REPRESENTATION_CONTEXT() REPRESENTATION_CONTEXT('2D SPACE',''
  ) );
#9863 = ORIENTED_EDGE('',*,*,#9564,.T.);
#9864 = ORIENTED_EDGE('',*,*,#9843,.T.);
#9865 = ADVANCED_FACE('',(#9866),#3549,.F.);
#9866 = FACE_BOUND('',#9867,.F.);
#9867 = EDGE_LOOP('',(#9868,#9869,#9890,#9891));
#9868 = ORIENTED_EDGE('',*,*,#3528,.T.);
#9869 = ORIENTED_EDGE('',*,*,#9870,.F.);
#9870 = EDGE_CURVE('',#9591,#3529,#9871,.T.);
#9871 = SEAM_CURVE('',#9872,(#9876,#9883),.PCURVE_S1.);
#9872 = LINE('',#9873,#9874);
#9873 = CARTESIAN_POINT('',(-15.9,60.,39.));
#9874 = VECTOR('',#9875,1.);
#9875 = DIRECTION('',(0.,1.,0.));
#9876 = PCURVE('',#3549,#9877);
#9877 = DEFINITIONAL_REPRESENTATION('',(#9878),#9882);
#9878 = LINE('',#9879,#9880);
#9879 = CARTESIAN_POINT('',(6.28318530718,1.5));
#9880 = VECTOR('',#9881,1.);
#9881 = DIRECTION('',(0.,-1.));
#9882 = ( GEOMETRIC_REPRESENTATION_CONTEXT(2) 
PARAMETRIC_REPRESENTATION_CONTEXT() REPRESENTATION_CONTEXT('2D SPACE',''
  ) );
#9883 = PCURVE('',#3549,#9884);
#9884 = DEFINITIONAL_REPRESENTATION('',(#9885),#9889);
#9885 = LINE('',#9886,#9887);
#9886 = CARTESIAN_POINT('',(0.,1.5));
#9887 = VECTOR('',#9888,1.);
#9888 = DIRECTION('',(0.,-1.));
#9889 = ( GEOMETRIC_REPRESENTATION_CONTEXT(2) 
PARAMETRIC_REPRESENTATION_CONTEXT() REPRESENTATION_CONTEXT('2D SPACE',''
  ) );
#9890 = ORIENTED_EDGE('',*,*,#9590,.T.);
#9891 = ORIENTED_EDGE('',*,*,#9870,.T.);
#9892 = ADVANCED_FACE('',(#9893),#3584,.F.);
#9893 = FACE_BOUND('',#9894,.F.);
#9894 = EDGE_LOOP('',(#9895,#9896,#9917,#9918));
#9895 = ORIENTED_EDGE('',*,*,#3563,.T.);
#9896 = ORIENTED_EDGE('',*,*,#9897,.F.);
#9897 = EDGE_CURVE('',#9617,#3564,#9898,.T.);
#9898 = SEAM_CURVE('',#9899,(#9903,#9910),.PCURVE_S1.);
#9899 = LINE('',#9900,#9901);
#9900 = CARTESIAN_POINT('',(-26.,60.,52.));
#9901 = VECTOR('',#9902,1.);
#9902 = DIRECTION('',(0.,1.,0.));
#9903 = PCURVE('',#3584,#9904);
#9904 = DEFINITIONAL_REPRESENTATION('',(#9905),#9909);
#9905 = LINE('',#9906,#9907);
#9906 = CARTESIAN_POINT('',(6.28318530718,1.5));
#9907 = VECTOR('',#9908,1.);
#9908 = DIRECTION('',(0.,-1.));
#9909 = ( GEOMETRIC_REPRESENTATION_CONTEXT(2) 
PARAMETRIC_REPRESENTATION_CONTEXT() REPRESENTATION_CONTEXT('2D SPACE',''
  ) );
#9910 = PCURVE('',#3584,#9911);
#9911 = DEFINITIONAL_REPRESENTATION('',(#9912),#9916);
#9912 = LINE('',#9913,#9914);
#9913 = CARTESIAN_POINT('',(0.,1.5));
#9914 = VECTOR('',#9915,1.);
#9915 = DIRECTION('',(0.,-1.));
#9916 = ( GEOMETRIC_REPRESENTATION_CONTEXT(2) 
PARAMETRIC_REPRESENTATION_CONTEXT() REPRESENTATION_CONTEXT('2D SPACE',''
  ) );
#9917 = ORIENTED_EDGE('',*,*,#9616,.T.);
#9918 = ORIENTED_EDGE('',*,*,#9897,.T.);
#9919 = ADVANCED_FACE('',(#9920),#3619,.F.);
#9920 = FACE_BOUND('',#9921,.F.);
#9921 = EDGE_LOOP('',(#9922,#9923,#9944,#9945));
#9922 = ORIENTED_EDGE('',*,*,#3598,.T.);
#9923 = ORIENTED_EDGE('',*,*,#9924,.F.);
#9924 = EDGE_CURVE('',#9643,#3599,#9925,.T.);
#9925 = SEAM_CURVE('',#9926,(#9930,#9937),.PCURVE_S1.);
#9926 = LINE('',#9927,#9928);
#9927 = CARTESIAN_POINT('',(6.1,60.,39.));
#9928 = VECTOR('',#9929,1.);
#9929 = DIRECTION('',(0.,1.,0.));
#9930 = PCURVE('',#3619,#9931);
#9931 = DEFINITIONAL_REPRESENTATION('',(#9932),#9936);
#9932 = LINE('',#9933,#9934);
#9933 = CARTESIAN_POINT('',(6.28318530718,1.5));
#9934 = VECTOR('',#9935,1.);
#9935 = DIRECTION('',(0.,-1.));
#9936 = ( GEOMETRIC_REPRESENTATION_CONTEXT(2) 
PARAMETRIC_REPRESENTATION_CONTEXT() REPRESENTATION_CONTEXT('2D SPACE',''
  ) );
#9937 = PCURVE('',#3619,#9938);
#9938 = DEFINITIONAL_REPRESENTATION('',(#9939),#9943);
#9939 = LINE('',#9940,#9941);
#9940 = CARTESIAN_POINT('',(0.,1.5));
#9941 = VECTOR('',#9942,1.);
#9942 = DIRECTION('',(0.,-1.));
#9943 = ( GEOMETRIC_REPRESENTATION_CONTEXT(2) 
PARAMETRIC_REPRESENTATION_CONTEXT() REPRESENTATION_CONTEXT('2D SPACE',''
  ) );
#9944 = ORIENTED_EDGE('',*,*,#9642,.T.);
#9945 = ORIENTED_EDGE('',*,*,#9924,.T.);
#9946 = ADVANCED_FACE('',(#9947),#3650,.F.);
#9947 = FACE_BOUND('',#9948,.F.);
#9948 = EDGE_LOOP('',(#9949,#9970,#9971,#9992));
#9949 = ORIENTED_EDGE('',*,*,#9950,.F.);
#9950 = EDGE_CURVE('',#9356,#3634,#9951,.T.);
#9951 = SURFACE_CURVE('',#9952,(#9956,#9963),.PCURVE_S1.);
#9952 = LINE('',#9953,#9954);
#9953 = CARTESIAN_POINT('',(23.,54.,35.5));
#9954 = VECTOR('',#9955,1.);
#9955 = DIRECTION('',(0.,1.,0.));
#9956 = PCURVE('',#3650,#9957);
#9957 = DEFINITIONAL_REPRESENTATION('',(#9958),#9962);
#9958 = LINE('',#9959,#9960);
#9959 = CARTESIAN_POINT('',(0.,0.));
#9960 = VECTOR('',#9961,1.);
#9961 = DIRECTION('',(0.,1.));
#9962 = ( GEOMETRIC_REPRESENTATION_CONTEXT(2) 
PARAMETRIC_REPRESENTATION_CONTEXT() REPRESENTATION_CONTEXT('2D SPACE',''
  ) );
#9963 = PCURVE('',#3676,#9964);
#9964 = DEFINITIONAL_REPRESENTATION('',(#9965),#9969);
#9965 = LINE('',#9966,#9967);
#9966 = CARTESIAN_POINT('',(7.,0.));
#9967 = VECTOR('',#9968,1.);
#9968 = DIRECTION('',(0.,-1.));
#9969 = ( GEOMETRIC_REPRESENTATION_CONTEXT(2) 
PARAMETRIC_REPRESENTATION_CONTEXT() REPRESENTATION_CONTEXT('2D SPACE',''
  ) );
#9970 = ORIENTED_EDGE('',*,*,#9355,.T.);
#9971 = ORIENTED_EDGE('',*,*,#9972,.T.);
#9972 = EDGE_CURVE('',#9334,#3636,#9973,.T.);
#9973 = SURFACE_CURVE('',#9974,(#9978,#9985),.PCURVE_S1.);
#9974 = LINE('',#9975,#9976);
#9975 = CARTESIAN_POINT('',(35.,54.,35.5));
#9976 = VECTOR('',#9977,1.);
#9977 = DIRECTION('',(0.,1.,0.));
#9978 = PCURVE('',#3650,#9979);
#9979 = DEFINITIONAL_REPRESENTATION('',(#9980),#9984);
#9980 = LINE('',#9981,#9982);
#9981 = CARTESIAN_POINT('',(12.,0.));
#9982 = VECTOR('',#9983,1.);
#9983 = DIRECTION('',(0.,1.));
#9984 = ( GEOMETRIC_REPRESENTATION_CONTEXT(2) 
PARAMETRIC_REPRESENTATION_CONTEXT() REPRESENTATION_CONTEXT('2D SPACE',''
  ) );
#9985 = PCURVE('',#3727,#9986);
#9986 = DEFINITIONAL_REPRESENTATION('',(#9987),#9991);
#9987 = LINE('',#9988,#9989);
#9988 = CARTESIAN_POINT('',(7.,0.));
#9989 = VECTOR('',#9990,1.);
#9990 = DIRECTION('',(0.,-1.));
#9991 = ( GEOMETRIC_REPRESENTATION_CONTEXT(2) 
PARAMETRIC_REPRESENTATION_CONTEXT() REPRESENTATION_CONTEXT('2D SPACE',''
  ) );
#9992 = ORIENTED_EDGE('',*,*,#3633,.F.);
#9993 = ADVANCED_FACE('',(#9994),#3676,.T.);
#9994 = FACE_BOUND('',#9995,.T.);
#9995 = EDGE_LOOP('',(#9996,#9997,#9998,#10021,#10049,#10070,#10071,
    #10092));
#9996 = ORIENTED_EDGE('',*,*,#9950,.F.);
#9997 = ORIENTED_EDGE('',*,*,#9376,.T.);
#9998 = ORIENTED_EDGE('',*,*,#9999,.F.);
#9999 = EDGE_CURVE('',#10000,#9377,#10002,.T.);
#10000 = VERTEX_POINT('',#10001);
#10001 = CARTESIAN_POINT('',(23.,55.,29.));
#10002 = SURFACE_CURVE('',#10003,(#10007,#10014),.PCURVE_S1.);
#10003 = LINE('',#10004,#10005);
#10004 = CARTESIAN_POINT('',(23.,55.,29.));
#10005 = VECTOR('',#10006,1.);
#10006 = DIRECTION('',(0.,1.,0.));
#10007 = PCURVE('',#3676,#10008);
#10008 = DEFINITIONAL_REPRESENTATION('',(#10009),#10013);
#10009 = LINE('',#10010,#10011);
#10010 = CARTESIAN_POINT('',(0.5,-1.));
#10011 = VECTOR('',#10012,1.);
#10012 = DIRECTION('',(0.,-1.));
#10013 = ( GEOMETRIC_REPRESENTATION_CONTEXT(2) 
PARAMETRIC_REPRESENTATION_CONTEXT() REPRESENTATION_CONTEXT('2D SPACE',''
  ) );
#10014 = PCURVE('',#9413,#10015);
#10015 = DEFINITIONAL_REPRESENTATION('',(#10016),#10020);
#10016 = LINE('',#10017,#10018);
#10017 = CARTESIAN_POINT('',(8.,0.));
#10018 = VECTOR('',#10019,1.);
#10019 = DIRECTION('',(0.,1.));
#10020 = ( GEOMETRIC_REPRESENTATION_CONTEXT(2) 
PARAMETRIC_REPRESENTATION_CONTEXT() REPRESENTATION_CONTEXT('2D SPACE',''
  ) );
#10021 = ORIENTED_EDGE('',*,*,#10022,.F.);
#10022 = EDGE_CURVE('',#10023,#10000,#10025,.T.);
#10023 = VERTEX_POINT('',#10024);
#10024 = CARTESIAN_POINT('',(23.,55.,19.));
#10025 = SURFACE_CURVE('',#10026,(#10030,#10037),.PCURVE_S1.);
#10026 = LINE('',#10027,#10028);
#10027 = CARTESIAN_POINT('',(23.,55.,19.));
#10028 = VECTOR('',#10029,1.);
#10029 = DIRECTION('',(0.,0.,1.));
#10030 = PCURVE('',#3676,#10031);
#10031 = DEFINITIONAL_REPRESENTATION('',(#10032),#10036);
#10032 = LINE('',#10033,#10034);
#10033 = CARTESIAN_POINT('',(-9.5,-1.));
#10034 = VECTOR('',#10035,1.);
#10035 = DIRECTION('',(1.,0.));
#10036 = ( GEOMETRIC_REPRESENTATION_CONTEXT(2) 
PARAMETRIC_REPRESENTATION_CONTEXT() REPRESENTATION_CONTEXT('2D SPACE',''
  ) );
#10037 = PCURVE('',#10038,#10043);
#10038 = PLANE('',#10039);
#10039 = AXIS2_PLACEMENT_3D('',#10040,#10041,#10042);
#10040 = CARTESIAN_POINT('',(15.,55.,19.));
#10041 = DIRECTION('',(0.,1.,0.));
#10042 = DIRECTION('',(0.,0.,1.));
#10043 = DEFINITIONAL_REPRESENTATION('',(#10044),#10048);
#10044 = LINE('',#10045,#10046);
#10045 = CARTESIAN_POINT('',(0.,8.));
#10046 = VECTOR('',#10047,1.);
#10047 = DIRECTION('',(1.,0.));
#10048 = ( GEOMETRIC_REPRESENTATION_CONTEXT(2) 
PARAMETRIC_REPRESENTATION_CONTEXT() REPRESENTATION_CONTEXT('2D SPACE',''
  ) );
#10049 = ORIENTED_EDGE('',*,*,#10050,.T.);
#10050 = EDGE_CURVE('',#10023,#9451,#10051,.T.);
#10051 = SURFACE_CURVE('',#10052,(#10056,#10063),.PCURVE_S1.);
#10052 = LINE('',#10053,#10054);
#10053 = CARTESIAN_POINT('',(23.,55.,19.));
#10054 = VECTOR('',#10055,1.);
#10055 = DIRECTION('',(0.,1.,0.));
#10056 = PCURVE('',#3676,#10057);
#10057 = DEFINITIONAL_REPRESENTATION('',(#10058),#10062);
#10058 = LINE('',#10059,#10060);
#10059 = CARTESIAN_POINT('',(-9.5,-1.));
#10060 = VECTOR('',#10061,1.);
#10061 = DIRECTION('',(0.,-1.));
#10062 = ( GEOMETRIC_REPRESENTATION_CONTEXT(2) 
PARAMETRIC_REPRESENTATION_CONTEXT() REPRESENTATION_CONTEXT('2D SPACE',''
  ) );
#10063 = PCURVE('',#9465,#10064);
#10064 = DEFINITIONAL_REPRESENTATION('',(#10065),#10069);
#10065 = LINE('',#10066,#10067);
#10066 = CARTESIAN_POINT('',(8.,0.));
#10067 = VECTOR('',#10068,1.);
#10068 = DIRECTION('',(0.,1.));
#10069 = ( GEOMETRIC_REPRESENTATION_CONTEXT(2) 
PARAMETRIC_REPRESENTATION_CONTEXT() REPRESENTATION_CONTEXT('2D SPACE',''
  ) );
#10070 = ORIENTED_EDGE('',*,*,#9476,.F.);
#10071 = ORIENTED_EDGE('',*,*,#10072,.T.);
#10072 = EDGE_CURVE('',#9477,#3662,#10073,.T.);
#10073 = SURFACE_CURVE('',#10074,(#10078,#10085),.PCURVE_S1.);
#10074 = LINE('',#10075,#10076);
#10075 = CARTESIAN_POINT('',(23.,60.,28.5));
#10076 = VECTOR('',#10077,1.);
#10077 = DIRECTION('',(0.,1.,0.));
#10078 = PCURVE('',#3676,#10079);
#10079 = DEFINITIONAL_REPRESENTATION('',(#10080),#10084);
#10080 = LINE('',#10081,#10082);
#10081 = CARTESIAN_POINT('',(0.,-6.));
#10082 = VECTOR('',#10083,1.);
#10083 = DIRECTION('',(0.,-1.));
#10084 = ( GEOMETRIC_REPRESENTATION_CONTEXT(2) 
PARAMETRIC_REPRESENTATION_CONTEXT() REPRESENTATION_CONTEXT('2D SPACE',''
  ) );
#10085 = PCURVE('',#3703,#10086);
#10086 = DEFINITIONAL_REPRESENTATION('',(#10087),#10091);
#10087 = LINE('',#10088,#10089);
#10088 = CARTESIAN_POINT('',(0.,6.));
#10089 = VECTOR('',#10090,1.);
#10090 = DIRECTION('',(0.,1.));
#10091 = ( GEOMETRIC_REPRESENTATION_CONTEXT(2) 
PARAMETRIC_REPRESENTATION_CONTEXT() REPRESENTATION_CONTEXT('2D SPACE',''
  ) );
#10092 = ORIENTED_EDGE('',*,*,#3661,.F.);
#10093 = ADVANCED_FACE('',(#10094),#3727,.F.);
#10094 = FACE_BOUND('',#10095,.F.);
#10095 = EDGE_LOOP('',(#10096,#10097,#10098,#10121,#10149,#10170,#10171,
    #10192));
#10096 = ORIENTED_EDGE('',*,*,#9972,.F.);
#10097 = ORIENTED_EDGE('',*,*,#9333,.T.);
#10098 = ORIENTED_EDGE('',*,*,#10099,.F.);
#10099 = EDGE_CURVE('',#10100,#9313,#10102,.T.);
#10100 = VERTEX_POINT('',#10101);
#10101 = CARTESIAN_POINT('',(35.,55.,29.));
#10102 = SURFACE_CURVE('',#10103,(#10107,#10114),.PCURVE_S1.);
#10103 = LINE('',#10104,#10105);
#10104 = CARTESIAN_POINT('',(35.,55.,29.));
#10105 = VECTOR('',#10106,1.);
#10106 = DIRECTION('',(0.,1.,0.));
#10107 = PCURVE('',#3727,#10108);
#10108 = DEFINITIONAL_REPRESENTATION('',(#10109),#10113);
#10109 = LINE('',#10110,#10111);
#10110 = CARTESIAN_POINT('',(0.5,-1.));
#10111 = VECTOR('',#10112,1.);
#10112 = DIRECTION('',(0.,-1.));
#10113 = ( GEOMETRIC_REPRESENTATION_CONTEXT(2) 
PARAMETRIC_REPRESENTATION_CONTEXT() REPRESENTATION_CONTEXT('2D SPACE',''
  ) );
#10114 = PCURVE('',#8579,#10115);
#10115 = DEFINITIONAL_REPRESENTATION('',(#10116),#10120);
#10116 = LINE('',#10117,#10118);
#10117 = CARTESIAN_POINT('',(0.,0.));
#10118 = VECTOR('',#10119,1.);
#10119 = DIRECTION('',(0.,1.));
#10120 = ( GEOMETRIC_REPRESENTATION_CONTEXT(2) 
PARAMETRIC_REPRESENTATION_CONTEXT() REPRESENTATION_CONTEXT('2D SPACE',''
  ) );
#10121 = ORIENTED_EDGE('',*,*,#10122,.F.);
#10122 = EDGE_CURVE('',#10123,#10100,#10125,.T.);
#10123 = VERTEX_POINT('',#10124);
#10124 = CARTESIAN_POINT('',(35.,55.,19.));
#10125 = SURFACE_CURVE('',#10126,(#10130,#10137),.PCURVE_S1.);
#10126 = LINE('',#10127,#10128);
#10127 = CARTESIAN_POINT('',(35.,55.,19.));
#10128 = VECTOR('',#10129,1.);
#10129 = DIRECTION('',(0.,0.,1.));
#10130 = PCURVE('',#3727,#10131);
#10131 = DEFINITIONAL_REPRESENTATION('',(#10132),#10136);
#10132 = LINE('',#10133,#10134);
#10133 = CARTESIAN_POINT('',(-9.5,-1.));
#10134 = VECTOR('',#10135,1.);
#10135 = DIRECTION('',(1.,0.));
#10136 = ( GEOMETRIC_REPRESENTATION_CONTEXT(2) 
PARAMETRIC_REPRESENTATION_CONTEXT() REPRESENTATION_CONTEXT('2D SPACE',''
  ) );
#10137 = PCURVE('',#10138,#10143);
#10138 = PLANE('',#10139);
#10139 = AXIS2_PLACEMENT_3D('',#10140,#10141,#10142);
#10140 = CARTESIAN_POINT('',(35.,55.,19.));
#10141 = DIRECTION('',(0.,1.,0.));
#10142 = DIRECTION('',(0.,0.,1.));
#10143 = DEFINITIONAL_REPRESENTATION('',(#10144),#10148);
#10144 = LINE('',#10145,#10146);
#10145 = CARTESIAN_POINT('',(0.,0.));
#10146 = VECTOR('',#10147,1.);
#10147 = DIRECTION('',(1.,0.));
#10148 = ( GEOMETRIC_REPRESENTATION_CONTEXT(2) 
PARAMETRIC_REPRESENTATION_CONTEXT() REPRESENTATION_CONTEXT('2D SPACE',''
  ) );
#10149 = ORIENTED_EDGE('',*,*,#10150,.T.);
#10150 = EDGE_CURVE('',#10123,#9520,#10151,.T.);
#10151 = SURFACE_CURVE('',#10152,(#10156,#10163),.PCURVE_S1.);
#10152 = LINE('',#10153,#10154);
#10153 = CARTESIAN_POINT('',(35.,55.,19.));
#10154 = VECTOR('',#10155,1.);
#10155 = DIRECTION('',(0.,1.,0.));
#10156 = PCURVE('',#3727,#10157);
#10157 = DEFINITIONAL_REPRESENTATION('',(#10158),#10162);
#10158 = LINE('',#10159,#10160);
#10159 = CARTESIAN_POINT('',(-9.5,-1.));
#10160 = VECTOR('',#10161,1.);
#10161 = DIRECTION('',(0.,-1.));
#10162 = ( GEOMETRIC_REPRESENTATION_CONTEXT(2) 
PARAMETRIC_REPRESENTATION_CONTEXT() REPRESENTATION_CONTEXT('2D SPACE',''
  ) );
#10163 = PCURVE('',#8638,#10164);
#10164 = DEFINITIONAL_REPRESENTATION('',(#10165),#10169);
#10165 = LINE('',#10166,#10167);
#10166 = CARTESIAN_POINT('',(0.,0.));
#10167 = VECTOR('',#10168,1.);
#10168 = DIRECTION('',(0.,1.));
#10169 = ( GEOMETRIC_REPRESENTATION_CONTEXT(2) 
PARAMETRIC_REPRESENTATION_CONTEXT() REPRESENTATION_CONTEXT('2D SPACE',''
  ) );
#10170 = ORIENTED_EDGE('',*,*,#9519,.F.);
#10171 = ORIENTED_EDGE('',*,*,#10172,.F.);
#10172 = EDGE_CURVE('',#3689,#9499,#10173,.T.);
#10173 = SURFACE_CURVE('',#10174,(#10178,#10185),.PCURVE_S1.);
#10174 = LINE('',#10175,#10176);
#10175 = CARTESIAN_POINT('',(35.,63.,28.5));
#10176 = VECTOR('',#10177,1.);
#10177 = DIRECTION('',(0.,-1.,0.));
#10178 = PCURVE('',#3727,#10179);
#10179 = DEFINITIONAL_REPRESENTATION('',(#10180),#10184);
#10180 = LINE('',#10181,#10182);
#10181 = CARTESIAN_POINT('',(0.,-9.));
#10182 = VECTOR('',#10183,1.);
#10183 = DIRECTION('',(0.,1.));
#10184 = ( GEOMETRIC_REPRESENTATION_CONTEXT(2) 
PARAMETRIC_REPRESENTATION_CONTEXT() REPRESENTATION_CONTEXT('2D SPACE',''
  ) );
#10185 = PCURVE('',#3703,#10186);
#10186 = DEFINITIONAL_REPRESENTATION('',(#10187),#10191);
#10187 = LINE('',#10188,#10189);
#10188 = CARTESIAN_POINT('',(12.,9.));
#10189 = VECTOR('',#10190,1.);
#10190 = DIRECTION('',(0.,-1.));
#10191 = ( GEOMETRIC_REPRESENTATION_CONTEXT(2) 
PARAMETRIC_REPRESENTATION_CONTEXT() REPRESENTATION_CONTEXT('2D SPACE',''
  ) );
#10192 = ORIENTED_EDGE('',*,*,#3714,.F.);
#10193 = ADVANCED_FACE('',(#10194),#3703,.T.);
#10194 = FACE_BOUND('',#10195,.T.);
#10195 = EDGE_LOOP('',(#10196,#10197,#10198,#10199));
#10196 = ORIENTED_EDGE('',*,*,#10072,.F.);
#10197 = ORIENTED_EDGE('',*,*,#9498,.T.);
#10198 = ORIENTED_EDGE('',*,*,#10172,.F.);
#10199 = ORIENTED_EDGE('',*,*,#3688,.F.);
#10200 = ADVANCED_FACE('',(#10201),#3762,.F.);
#10201 = FACE_BOUND('',#10202,.F.);
#10202 = EDGE_LOOP('',(#10203,#10204,#10225,#10226));
#10203 = ORIENTED_EDGE('',*,*,#3741,.T.);
#10204 = ORIENTED_EDGE('',*,*,#10205,.F.);
#10205 = EDGE_CURVE('',#9669,#3742,#10206,.T.);
#10206 = SEAM_CURVE('',#10207,(#10211,#10218),.PCURVE_S1.);
#10207 = LINE('',#10208,#10209);
#10208 = CARTESIAN_POINT('',(19.6,60.,39.));
#10209 = VECTOR('',#10210,1.);
#10210 = DIRECTION('',(0.,1.,0.));
#10211 = PCURVE('',#3762,#10212);
#10212 = DEFINITIONAL_REPRESENTATION('',(#10213),#10217);
#10213 = LINE('',#10214,#10215);
#10214 = CARTESIAN_POINT('',(6.28318530718,1.5));
#10215 = VECTOR('',#10216,1.);
#10216 = DIRECTION('',(0.,-1.));
#10217 = ( GEOMETRIC_REPRESENTATION_CONTEXT(2) 
PARAMETRIC_REPRESENTATION_CONTEXT() REPRESENTATION_CONTEXT('2D SPACE',''
  ) );
#10218 = PCURVE('',#3762,#10219);
#10219 = DEFINITIONAL_REPRESENTATION('',(#10220),#10224);
#10220 = LINE('',#10221,#10222);
#10221 = CARTESIAN_POINT('',(0.,1.5));
#10222 = VECTOR('',#10223,1.);
#10223 = DIRECTION('',(0.,-1.));
#10224 = ( GEOMETRIC_REPRESENTATION_CONTEXT(2) 
PARAMETRIC_REPRESENTATION_CONTEXT() REPRESENTATION_CONTEXT('2D SPACE',''
  ) );
#10225 = ORIENTED_EDGE('',*,*,#9668,.T.);
#10226 = ORIENTED_EDGE('',*,*,#10205,.T.);
#10227 = ADVANCED_FACE('',(#10228),#4087,.T.);
#10228 = FACE_BOUND('',#10229,.T.);
#10229 = EDGE_LOOP('',(#10230,#10231,#10232,#10233,#10234));
#10230 = ORIENTED_EDGE('',*,*,#4071,.F.);
#10231 = ORIENTED_EDGE('',*,*,#5718,.F.);
#10232 = ORIENTED_EDGE('',*,*,#5792,.T.);
#10233 = ORIENTED_EDGE('',*,*,#5867,.T.);
#10234 = ORIENTED_EDGE('',*,*,#5894,.T.);
#10235 = ADVANCED_FACE('',(#10236),#3868,.T.);
#10236 = FACE_BOUND('',#10237,.T.);
#10237 = EDGE_LOOP('',(#10238,#10239,#10240,#10241,#10242));
#10238 = ORIENTED_EDGE('',*,*,#3852,.F.);
#10239 = ORIENTED_EDGE('',*,*,#4818,.F.);
#10240 = ORIENTED_EDGE('',*,*,#4892,.T.);
#10241 = ORIENTED_EDGE('',*,*,#4967,.T.);
#10242 = ORIENTED_EDGE('',*,*,#4994,.T.);
#10243 = ADVANCED_FACE('',(#10244),#4014,.T.);
#10244 = FACE_BOUND('',#10245,.T.);
#10245 = EDGE_LOOP('',(#10246,#10247,#10248,#10249,#10250));
#10246 = ORIENTED_EDGE('',*,*,#3998,.F.);
#10247 = ORIENTED_EDGE('',*,*,#5418,.F.);
#10248 = ORIENTED_EDGE('',*,*,#5492,.T.);
#10249 = ORIENTED_EDGE('',*,*,#5567,.T.);
#10250 = ORIENTED_EDGE('',*,*,#5594,.T.);
#10251 = ADVANCED_FACE('',(#10252),#3941,.T.);
#10252 = FACE_BOUND('',#10253,.T.);
#10253 = EDGE_LOOP('',(#10254,#10255,#10256,#10257,#10258));
#10254 = ORIENTED_EDGE('',*,*,#3925,.F.);
#10255 = ORIENTED_EDGE('',*,*,#5118,.F.);
#10256 = ORIENTED_EDGE('',*,*,#5192,.T.);
#10257 = ORIENTED_EDGE('',*,*,#5267,.T.);
#10258 = ORIENTED_EDGE('',*,*,#5294,.T.);
#10259 = ADVANCED_FACE('',(#10260),#4143,.F.);
#10260 = FACE_BOUND('',#10261,.T.);
#10261 = EDGE_LOOP('',(#10262,#10291,#10312,#10313));
#10262 = ORIENTED_EDGE('',*,*,#10263,.F.);
#10263 = EDGE_CURVE('',#10264,#10264,#10266,.T.);
#10264 = VERTEX_POINT('',#10265);
#10265 = CARTESIAN_POINT('',(-42.44772721475,-44.54772721475,62.5));
#10266 = SURFACE_CURVE('',#10267,(#10272,#10279),.PCURVE_S1.);
#10267 = CIRCLE('',#10268,2.1);
#10268 = AXIS2_PLACEMENT_3D('',#10269,#10270,#10271);
#10269 = CARTESIAN_POINT('',(-44.54772721475,-44.54772721475,62.5));
#10270 = DIRECTION('',(0.,0.,1.));
#10271 = DIRECTION('',(1.,0.,0.));
#10272 = PCURVE('',#4143,#10273);
#10273 = DEFINITIONAL_REPRESENTATION('',(#10274),#10278);
#10274 = LINE('',#10275,#10276);
#10275 = CARTESIAN_POINT('',(-0.,0.));
#10276 = VECTOR('',#10277,1.);
#10277 = DIRECTION('',(-1.,0.));
#10278 = ( GEOMETRIC_REPRESENTATION_CONTEXT(2) 
PARAMETRIC_REPRESENTATION_CONTEXT() REPRESENTATION_CONTEXT('2D SPACE',''
  ) );
#10279 = PCURVE('',#10280,#10285);
#10280 = PLANE('',#10281);
#10281 = AXIS2_PLACEMENT_3D('',#10282,#10283,#10284);
#10282 = CARTESIAN_POINT('',(-44.54772721475,-44.54772721475,62.5));
#10283 = DIRECTION('',(0.,0.,1.));
#10284 = DIRECTION('',(1.,0.,-0.));
#10285 = DEFINITIONAL_REPRESENTATION('',(#10286),#10290);
#10286 = CIRCLE('',#10287,2.1);
#10287 = AXIS2_PLACEMENT_2D('',#10288,#10289);
#10288 = CARTESIAN_POINT('',(0.,0.));
#10289 = DIRECTION('',(1.,0.));
#10290 = ( GEOMETRIC_REPRESENTATION_CONTEXT(2) 
PARAMETRIC_REPRESENTATION_CONTEXT() REPRESENTATION_CONTEXT('2D SPACE',''
  ) );
#10291 = ORIENTED_EDGE('',*,*,#10292,.T.);
#10292 = EDGE_CURVE('',#10264,#4123,#10293,.T.);
#10293 = SEAM_CURVE('',#10294,(#10298,#10305),.PCURVE_S1.);
#10294 = LINE('',#10295,#10296);
#10295 = CARTESIAN_POINT('',(-42.44772721475,-44.54772721475,62.5));
#10296 = VECTOR('',#10297,1.);
#10297 = DIRECTION('',(0.,0.,1.));
#10298 = PCURVE('',#4143,#10299);
#10299 = DEFINITIONAL_REPRESENTATION('',(#10300),#10304);
#10300 = LINE('',#10301,#10302);
#10301 = CARTESIAN_POINT('',(-6.28318530718,0.));
#10302 = VECTOR('',#10303,1.);
#10303 = DIRECTION('',(-0.,-1.));
#10304 = ( GEOMETRIC_REPRESENTATION_CONTEXT(2) 
PARAMETRIC_REPRESENTATION_CONTEXT() REPRESENTATION_CONTEXT('2D SPACE',''
  ) );
#10305 = PCURVE('',#4143,#10306);
#10306 = DEFINITIONAL_REPRESENTATION('',(#10307),#10311);
#10307 = LINE('',#10308,#10309);
#10308 = CARTESIAN_POINT('',(-0.,0.));
#10309 = VECTOR('',#10310,1.);
#10310 = DIRECTION('',(-0.,-1.));
#10311 = ( GEOMETRIC_REPRESENTATION_CONTEXT(2) 
PARAMETRIC_REPRESENTATION_CONTEXT() REPRESENTATION_CONTEXT('2D SPACE',''
  ) );
#10312 = ORIENTED_EDGE('',*,*,#4122,.F.);
#10313 = ORIENTED_EDGE('',*,*,#10292,.F.);
#10314 = ADVANCED_FACE('',(#10315),#4178,.F.);
#10315 = FACE_BOUND('',#10316,.T.);
#10316 = EDGE_LOOP('',(#10317,#10346,#10367,#10368));
#10317 = ORIENTED_EDGE('',*,*,#10318,.F.);
#10318 = EDGE_CURVE('',#10319,#10319,#10321,.T.);
#10319 = VERTEX_POINT('',#10320);
#10320 = CARTESIAN_POINT('',(46.647727214752,-44.54772721475,62.5));
#10321 = SURFACE_CURVE('',#10322,(#10327,#10334),.PCURVE_S1.);
#10322 = CIRCLE('',#10323,2.1);
#10323 = AXIS2_PLACEMENT_3D('',#10324,#10325,#10326);
#10324 = CARTESIAN_POINT('',(44.547727214752,-44.54772721475,62.5));
#10325 = DIRECTION('',(0.,0.,1.));
#10326 = DIRECTION('',(1.,0.,0.));
#10327 = PCURVE('',#4178,#10328);
#10328 = DEFINITIONAL_REPRESENTATION('',(#10329),#10333);
#10329 = LINE('',#10330,#10331);
#10330 = CARTESIAN_POINT('',(-0.,0.));
#10331 = VECTOR('',#10332,1.);
#10332 = DIRECTION('',(-1.,0.));
#10333 = ( GEOMETRIC_REPRESENTATION_CONTEXT(2) 
PARAMETRIC_REPRESENTATION_CONTEXT() REPRESENTATION_CONTEXT('2D SPACE',''
  ) );
#10334 = PCURVE('',#10335,#10340);
#10335 = PLANE('',#10336);
#10336 = AXIS2_PLACEMENT_3D('',#10337,#10338,#10339);
#10337 = CARTESIAN_POINT('',(44.547727214752,-44.54772721475,62.5));
#10338 = DIRECTION('',(0.,0.,1.));
#10339 = DIRECTION('',(1.,0.,-0.));
#10340 = DEFINITIONAL_REPRESENTATION('',(#10341),#10345);
#10341 = CIRCLE('',#10342,2.1);
#10342 = AXIS2_PLACEMENT_2D('',#10343,#10344);
#10343 = CARTESIAN_POINT('',(0.,0.));
#10344 = DIRECTION('',(1.,0.));
#10345 = ( GEOMETRIC_REPRESENTATION_CONTEXT(2) 
PARAMETRIC_REPRESENTATION_CONTEXT() REPRESENTATION_CONTEXT('2D SPACE',''
  ) );
#10346 = ORIENTED_EDGE('',*,*,#10347,.T.);
#10347 = EDGE_CURVE('',#10319,#4158,#10348,.T.);
#10348 = SEAM_CURVE('',#10349,(#10353,#10360),.PCURVE_S1.);
#10349 = LINE('',#10350,#10351);
#10350 = CARTESIAN_POINT('',(46.647727214752,-44.54772721475,62.5));
#10351 = VECTOR('',#10352,1.);
#10352 = DIRECTION('',(0.,0.,1.));
#10353 = PCURVE('',#4178,#10354);
#10354 = DEFINITIONAL_REPRESENTATION('',(#10355),#10359);
#10355 = LINE('',#10356,#10357);
#10356 = CARTESIAN_POINT('',(-6.28318530718,0.));
#10357 = VECTOR('',#10358,1.);
#10358 = DIRECTION('',(-0.,-1.));
#10359 = ( GEOMETRIC_REPRESENTATION_CONTEXT(2) 
PARAMETRIC_REPRESENTATION_CONTEXT() REPRESENTATION_CONTEXT('2D SPACE',''
  ) );
#10360 = PCURVE('',#4178,#10361);
#10361 = DEFINITIONAL_REPRESENTATION('',(#10362),#10366);
#10362 = LINE('',#10363,#10364);
#10363 = CARTESIAN_POINT('',(-0.,0.));
#10364 = VECTOR('',#10365,1.);
#10365 = DIRECTION('',(-0.,-1.));
#10366 = ( GEOMETRIC_REPRESENTATION_CONTEXT(2) 
PARAMETRIC_REPRESENTATION_CONTEXT() REPRESENTATION_CONTEXT('2D SPACE',''
  ) );
#10367 = ORIENTED_EDGE('',*,*,#4157,.F.);
#10368 = ORIENTED_EDGE('',*,*,#10347,.F.);
#10369 = ADVANCED_FACE('',(#10370),#4213,.F.);
#10370 = FACE_BOUND('',#10371,.T.);
#10371 = EDGE_LOOP('',(#10372,#10401,#10422,#10423));
#10372 = ORIENTED_EDGE('',*,*,#10373,.F.);
#10373 = EDGE_CURVE('',#10374,#10374,#10376,.T.);
#10374 = VERTEX_POINT('',#10375);
#10375 = CARTESIAN_POINT('',(-42.44772721475,44.547727214752,62.5));
#10376 = SURFACE_CURVE('',#10377,(#10382,#10389),.PCURVE_S1.);
#10377 = CIRCLE('',#10378,2.1);
#10378 = AXIS2_PLACEMENT_3D('',#10379,#10380,#10381);
#10379 = CARTESIAN_POINT('',(-44.54772721475,44.547727214752,62.5));
#10380 = DIRECTION('',(0.,0.,1.));
#10381 = DIRECTION('',(1.,0.,0.));
#10382 = PCURVE('',#4213,#10383);
#10383 = DEFINITIONAL_REPRESENTATION('',(#10384),#10388);
#10384 = LINE('',#10385,#10386);
#10385 = CARTESIAN_POINT('',(-0.,0.));
#10386 = VECTOR('',#10387,1.);
#10387 = DIRECTION('',(-1.,0.));
#10388 = ( GEOMETRIC_REPRESENTATION_CONTEXT(2) 
PARAMETRIC_REPRESENTATION_CONTEXT() REPRESENTATION_CONTEXT('2D SPACE',''
  ) );
#10389 = PCURVE('',#10390,#10395);
#10390 = PLANE('',#10391);
#10391 = AXIS2_PLACEMENT_3D('',#10392,#10393,#10394);
#10392 = CARTESIAN_POINT('',(-44.54772721475,44.547727214752,62.5));
#10393 = DIRECTION('',(0.,0.,1.));
#10394 = DIRECTION('',(1.,0.,-0.));
#10395 = DEFINITIONAL_REPRESENTATION('',(#10396),#10400);
#10396 = CIRCLE('',#10397,2.1);
#10397 = AXIS2_PLACEMENT_2D('',#10398,#10399);
#10398 = CARTESIAN_POINT('',(0.,0.));
#10399 = DIRECTION('',(1.,0.));
#10400 = ( GEOMETRIC_REPRESENTATION_CONTEXT(2) 
PARAMETRIC_REPRESENTATION_CONTEXT() REPRESENTATION_CONTEXT('2D SPACE',''
  ) );
#10401 = ORIENTED_EDGE('',*,*,#10402,.T.);
#10402 = EDGE_CURVE('',#10374,#4193,#10403,.T.);
#10403 = SEAM_CURVE('',#10404,(#10408,#10415),.PCURVE_S1.);
#10404 = LINE('',#10405,#10406);
#10405 = CARTESIAN_POINT('',(-42.44772721475,44.547727214752,62.5));
#10406 = VECTOR('',#10407,1.);
#10407 = DIRECTION('',(0.,0.,1.));
#10408 = PCURVE('',#4213,#10409);
#10409 = DEFINITIONAL_REPRESENTATION('',(#10410),#10414);
#10410 = LINE('',#10411,#10412);
#10411 = CARTESIAN_POINT('',(-6.28318530718,0.));
#10412 = VECTOR('',#10413,1.);
#10413 = DIRECTION('',(-0.,-1.));
#10414 = ( GEOMETRIC_REPRESENTATION_CONTEXT(2) 
PARAMETRIC_REPRESENTATION_CONTEXT() REPRESENTATION_CONTEXT('2D SPACE',''
  ) );
#10415 = PCURVE('',#4213,#10416);
#10416 = DEFINITIONAL_REPRESENTATION('',(#10417),#10421);
#10417 = LINE('',#10418,#10419);
#10418 = CARTESIAN_POINT('',(-0.,0.));
#10419 = VECTOR('',#10420,1.);
#10420 = DIRECTION('',(-0.,-1.));
#10421 = ( GEOMETRIC_REPRESENTATION_CONTEXT(2) 
PARAMETRIC_REPRESENTATION_CONTEXT() REPRESENTATION_CONTEXT('2D SPACE',''
  ) );
#10422 = ORIENTED_EDGE('',*,*,#4192,.F.);
#10423 = ORIENTED_EDGE('',*,*,#10402,.F.);
#10424 = ADVANCED_FACE('',(#10425),#4717,.F.);
#10425 = FACE_BOUND('',#10426,.F.);
#10426 = EDGE_LOOP('',(#10427,#10450,#10469,#10470));
#10427 = ORIENTED_EDGE('',*,*,#10428,.F.);
#10428 = EDGE_CURVE('',#10429,#9168,#10431,.T.);
#10429 = VERTEX_POINT('',#10430);
#10430 = CARTESIAN_POINT('',(49.377356346198,45.841822440265,59.));
#10431 = SURFACE_CURVE('',#10432,(#10436,#10443),.PCURVE_S1.);
#10432 = LINE('',#10433,#10434);
#10433 = CARTESIAN_POINT('',(46.315494167719,42.779960261786,59.));
#10434 = VECTOR('',#10435,1.);
#10435 = DIRECTION('',(0.707106781187,0.707106781187,0.));
#10436 = PCURVE('',#4717,#10437);
#10437 = DEFINITIONAL_REPRESENTATION('',(#10438),#10442);
#10438 = LINE('',#10439,#10440);
#10439 = CARTESIAN_POINT('',(0.,0.));
#10440 = VECTOR('',#10441,1.);
#10441 = DIRECTION('',(0.,1.));
#10442 = ( GEOMETRIC_REPRESENTATION_CONTEXT(2) 
PARAMETRIC_REPRESENTATION_CONTEXT() REPRESENTATION_CONTEXT('2D SPACE',''
  ) );
#10443 = PCURVE('',#9205,#10444);
#10444 = DEFINITIONAL_REPRESENTATION('',(#10445),#10449);
#10445 = LINE('',#10446,#10447);
#10446 = CARTESIAN_POINT('',(0.,0.));
#10447 = VECTOR('',#10448,1.);
#10448 = DIRECTION('',(1.,0.));
#10449 = ( GEOMETRIC_REPRESENTATION_CONTEXT(2) 
PARAMETRIC_REPRESENTATION_CONTEXT() REPRESENTATION_CONTEXT('2D SPACE',''
  ) );
#10450 = ORIENTED_EDGE('',*,*,#10451,.F.);
#10451 = EDGE_CURVE('',#4675,#10429,#10452,.T.);
#10452 = SURFACE_CURVE('',#10453,(#10457,#10463),.PCURVE_S1.);
#10453 = LINE('',#10454,#10455);
#10454 = CARTESIAN_POINT('',(49.377356346198,45.841822440265,59.));
#10455 = VECTOR('',#10456,1.);
#10456 = DIRECTION('',(-0.,-0.,-1.));
#10457 = PCURVE('',#4717,#10458);
#10458 = DEFINITIONAL_REPRESENTATION('',(#10459),#10462);
#10459 = B_SPLINE_CURVE_WITH_KNOTS('',1,(#10460,#10461),.UNSPECIFIED.,
  .F.,.F.,(2,2),(-9.0000006,5.999999999062E-07),
  .PIECEWISE_BEZIER_KNOTS.);
#10460 = CARTESIAN_POINT('',(9.0000006,4.330127018922));
#10461 = CARTESIAN_POINT('',(-5.999999999062E-07,4.330127018922));
#10462 = ( GEOMETRIC_REPRESENTATION_CONTEXT(2) 
PARAMETRIC_REPRESENTATION_CONTEXT() REPRESENTATION_CONTEXT('2D SPACE',''
  ) );
#10463 = PCURVE('',#4691,#10464);
#10464 = DEFINITIONAL_REPRESENTATION('',(#10465),#10468);
#10465 = B_SPLINE_CURVE_WITH_KNOTS('',1,(#10466,#10467),.UNSPECIFIED.,
  .F.,.F.,(2,2),(-9.,0.),.PIECEWISE_BEZIER_KNOTS.);
#10466 = CARTESIAN_POINT('',(-6.544984694979,-9.));
#10467 = CARTESIAN_POINT('',(-6.544984694979,0.));
#10468 = ( GEOMETRIC_REPRESENTATION_CONTEXT(2) 
PARAMETRIC_REPRESENTATION_CONTEXT() REPRESENTATION_CONTEXT('2D SPACE',''
  ) );
#10469 = ORIENTED_EDGE('',*,*,#4703,.T.);
#10470 = ORIENTED_EDGE('',*,*,#9167,.T.);
#10471 = ADVANCED_FACE('',(#10472),#4273,.T.);
#10472 = FACE_BOUND('',#10473,.T.);
#10473 = EDGE_LOOP('',(#10474,#10497,#10516,#10517));
#10474 = ORIENTED_EDGE('',*,*,#10475,.F.);
#10475 = EDGE_CURVE('',#10476,#9115,#10478,.T.);
#10476 = VERTEX_POINT('',#10477);
#10477 = CARTESIAN_POINT('',(49.377356346198,-45.84182244026,59.));
#10478 = SURFACE_CURVE('',#10479,(#10483,#10490),.PCURVE_S1.);
#10479 = LINE('',#10480,#10481);
#10480 = CARTESIAN_POINT('',(46.315494167719,-42.77996026178,59.));
#10481 = VECTOR('',#10482,1.);
#10482 = DIRECTION('',(0.707106781187,-0.707106781187,0.));
#10483 = PCURVE('',#4273,#10484);
#10484 = DEFINITIONAL_REPRESENTATION('',(#10485),#10489);
#10485 = LINE('',#10486,#10487);
#10486 = CARTESIAN_POINT('',(0.,0.));
#10487 = VECTOR('',#10488,1.);
#10488 = DIRECTION('',(0.,1.));
#10489 = ( GEOMETRIC_REPRESENTATION_CONTEXT(2) 
PARAMETRIC_REPRESENTATION_CONTEXT() REPRESENTATION_CONTEXT('2D SPACE',''
  ) );
#10490 = PCURVE('',#9131,#10491);
#10491 = DEFINITIONAL_REPRESENTATION('',(#10492),#10496);
#10492 = LINE('',#10493,#10494);
#10493 = CARTESIAN_POINT('',(-8.881784197001E-16,5.));
#10494 = VECTOR('',#10495,1.);
#10495 = DIRECTION('',(1.,0.));
#10496 = ( GEOMETRIC_REPRESENTATION_CONTEXT(2) 
PARAMETRIC_REPRESENTATION_CONTEXT() REPRESENTATION_CONTEXT('2D SPACE',''
  ) );
#10497 = ORIENTED_EDGE('',*,*,#10498,.F.);
#10498 = EDGE_CURVE('',#4258,#10476,#10499,.T.);
#10499 = SURFACE_CURVE('',#10500,(#10504,#10510),.PCURVE_S1.);
#10500 = LINE('',#10501,#10502);
#10501 = CARTESIAN_POINT('',(49.377356346198,-45.84182244026,59.));
#10502 = VECTOR('',#10503,1.);
#10503 = DIRECTION('',(-0.,-0.,-1.));
#10504 = PCURVE('',#4273,#10505);
#10505 = DEFINITIONAL_REPRESENTATION('',(#10506),#10509);
#10506 = B_SPLINE_CURVE_WITH_KNOTS('',1,(#10507,#10508),.UNSPECIFIED.,
  .F.,.F.,(2,2),(-9.0000006,5.999999999062E-07),
  .PIECEWISE_BEZIER_KNOTS.);
#10507 = CARTESIAN_POINT('',(9.0000006,4.330127018922));
#10508 = CARTESIAN_POINT('',(-5.999999999062E-07,4.330127018922));
#10509 = ( GEOMETRIC_REPRESENTATION_CONTEXT(2) 
PARAMETRIC_REPRESENTATION_CONTEXT() REPRESENTATION_CONTEXT('2D SPACE',''
  ) );
#10510 = PCURVE('',#4302,#10511);
#10511 = DEFINITIONAL_REPRESENTATION('',(#10512),#10515);
#10512 = B_SPLINE_CURVE_WITH_KNOTS('',1,(#10513,#10514),.UNSPECIFIED.,
  .F.,.F.,(2,2),(-9.,0.),.PIECEWISE_BEZIER_KNOTS.);
#10513 = CARTESIAN_POINT('',(-6.02138591938,-9.));
#10514 = CARTESIAN_POINT('',(-6.02138591938,0.));
#10515 = ( GEOMETRIC_REPRESENTATION_CONTEXT(2) 
PARAMETRIC_REPRESENTATION_CONTEXT() REPRESENTATION_CONTEXT('2D SPACE',''
  ) );
#10516 = ORIENTED_EDGE('',*,*,#4257,.T.);
#10517 = ORIENTED_EDGE('',*,*,#9147,.T.);
#10518 = ADVANCED_FACE('',(#10519),#4691,.T.);
#10519 = FACE_BOUND('',#10520,.F.);
#10520 = EDGE_LOOP('',(#10521,#10522,#10523,#10551));
#10521 = ORIENTED_EDGE('',*,*,#4674,.T.);
#10522 = ORIENTED_EDGE('',*,*,#10451,.T.);
#10523 = ORIENTED_EDGE('',*,*,#10524,.T.);
#10524 = EDGE_CURVE('',#10429,#10525,#10527,.T.);
#10525 = VERTEX_POINT('',#10526);
#10526 = CARTESIAN_POINT('',(45.841822440265,49.377356346198,59.));
#10527 = SURFACE_CURVE('',#10528,(#10533,#10540),.PCURVE_S1.);
#10528 = CIRCLE('',#10529,5.);
#10529 = AXIS2_PLACEMENT_3D('',#10530,#10531,#10532);
#10530 = CARTESIAN_POINT('',(44.547727214752,44.547727214752,59.));
#10531 = DIRECTION('',(0.,0.,-1.));
#10532 = DIRECTION('',(0.965925826289,0.258819045103,0.));
#10533 = PCURVE('',#4691,#10534);
#10534 = DEFINITIONAL_REPRESENTATION('',(#10535),#10539);
#10535 = LINE('',#10536,#10537);
#10536 = CARTESIAN_POINT('',(-6.544984694979,0.));
#10537 = VECTOR('',#10538,1.);
#10538 = DIRECTION('',(1.,-0.));
#10539 = ( GEOMETRIC_REPRESENTATION_CONTEXT(2) 
PARAMETRIC_REPRESENTATION_CONTEXT() REPRESENTATION_CONTEXT('2D SPACE',''
  ) );
#10540 = PCURVE('',#9205,#10541);
#10541 = DEFINITIONAL_REPRESENTATION('',(#10542),#10550);
#10542 = ( BOUNDED_CURVE() B_SPLINE_CURVE(2,(#10543,#10544,#10545,#10546
    ,#10547,#10548,#10549),.UNSPECIFIED.,.T.,.F.) 
B_SPLINE_CURVE_WITH_KNOTS((1,2,2,2,2,1),(-2.094395102393,0.,
    2.094395102393,4.188790204786,6.28318530718,8.377580409573),
.UNSPECIFIED.) CURVE() GEOMETRIC_REPRESENTATION_ITEM() 
RATIONAL_B_SPLINE_CURVE((1.,0.5,1.,0.5,1.,0.5,1.)) REPRESENTATION_ITEM(
  '') );
#10543 = CARTESIAN_POINT('',(4.330127018922,-1.50990331349E-14));
#10544 = CARTESIAN_POINT('',(-3.486100297323E-14,-7.5));
#10545 = CARTESIAN_POINT('',(-4.330127018922,1.59872115546E-14));
#10546 = CARTESIAN_POINT('',(-8.660254037844,7.5));
#10547 = CARTESIAN_POINT('',(1.532107773983E-14,7.5));
#10548 = CARTESIAN_POINT('',(8.660254037844,7.5));
#10549 = CARTESIAN_POINT('',(4.330127018922,-1.50990331349E-14));
#10550 = ( GEOMETRIC_REPRESENTATION_CONTEXT(2) 
PARAMETRIC_REPRESENTATION_CONTEXT() REPRESENTATION_CONTEXT('2D SPACE',''
  ) );
#10551 = ORIENTED_EDGE('',*,*,#10552,.F.);
#10552 = EDGE_CURVE('',#4647,#10525,#10553,.T.);
#10553 = SURFACE_CURVE('',#10554,(#10558,#10564),.PCURVE_S1.);
#10554 = LINE('',#10555,#10556);
#10555 = CARTESIAN_POINT('',(45.841822440265,49.377356346198,59.));
#10556 = VECTOR('',#10557,1.);
#10557 = DIRECTION('',(-0.,-0.,-1.));
#10558 = PCURVE('',#4691,#10559);
#10559 = DEFINITIONAL_REPRESENTATION('',(#10560),#10563);
#10560 = B_SPLINE_CURVE_WITH_KNOTS('',1,(#10561,#10562),.UNSPECIFIED.,
  .F.,.F.,(2,2),(-9.,-0.),.PIECEWISE_BEZIER_KNOTS.);
#10561 = CARTESIAN_POINT('',(-1.308996938996,-9.));
#10562 = CARTESIAN_POINT('',(-1.308996938996,0.));
#10563 = ( GEOMETRIC_REPRESENTATION_CONTEXT(2) 
PARAMETRIC_REPRESENTATION_CONTEXT() REPRESENTATION_CONTEXT('2D SPACE',''
  ) );
#10564 = PCURVE('',#4662,#10565);
#10565 = DEFINITIONAL_REPRESENTATION('',(#10566),#10569);
#10566 = B_SPLINE_CURVE_WITH_KNOTS('',1,(#10567,#10568),.UNSPECIFIED.,
  .F.,.F.,(2,2),(-9.0000006,5.999999999062E-07),
  .PIECEWISE_BEZIER_KNOTS.);
#10567 = CARTESIAN_POINT('',(9.0000006,4.330127018922));
#10568 = CARTESIAN_POINT('',(-5.999999999062E-07,4.330127018922));
#10569 = ( GEOMETRIC_REPRESENTATION_CONTEXT(2) 
PARAMETRIC_REPRESENTATION_CONTEXT() REPRESENTATION_CONTEXT('2D SPACE',''
  ) );
#10570 = ADVANCED_FACE('',(#10571),#4302,.T.);
#10571 = FACE_BOUND('',#10572,.F.);
#10572 = EDGE_LOOP('',(#10573,#10574,#10595,#10621));
#10573 = ORIENTED_EDGE('',*,*,#4285,.T.);
#10574 = ORIENTED_EDGE('',*,*,#10575,.T.);
#10575 = EDGE_CURVE('',#4286,#10576,#10578,.T.);
#10576 = VERTEX_POINT('',#10577);
#10577 = CARTESIAN_POINT('',(45.841822440265,-49.37735634619,59.));
#10578 = SURFACE_CURVE('',#10579,(#10583,#10589),.PCURVE_S1.);
#10579 = LINE('',#10580,#10581);
#10580 = CARTESIAN_POINT('',(45.841822440265,-49.37735634619,59.));
#10581 = VECTOR('',#10582,1.);
#10582 = DIRECTION('',(-0.,-0.,-1.));
#10583 = PCURVE('',#4302,#10584);
#10584 = DEFINITIONAL_REPRESENTATION('',(#10585),#10588);
#10585 = B_SPLINE_CURVE_WITH_KNOTS('',1,(#10586,#10587),.UNSPECIFIED.,
  .F.,.F.,(2,2),(-9.,-0.),.PIECEWISE_BEZIER_KNOTS.);
#10586 = CARTESIAN_POINT('',(-11.25737367536,-9.));
#10587 = CARTESIAN_POINT('',(-11.25737367536,0.));
#10588 = ( GEOMETRIC_REPRESENTATION_CONTEXT(2) 
PARAMETRIC_REPRESENTATION_CONTEXT() REPRESENTATION_CONTEXT('2D SPACE',''
  ) );
#10589 = PCURVE('',#4330,#10590);
#10590 = DEFINITIONAL_REPRESENTATION('',(#10591),#10594);
#10591 = B_SPLINE_CURVE_WITH_KNOTS('',1,(#10592,#10593),.UNSPECIFIED.,
  .F.,.F.,(2,2),(-9.0000006,5.999999999062E-07),
  .PIECEWISE_BEZIER_KNOTS.);
#10592 = CARTESIAN_POINT('',(9.0000006,4.330127018922));
#10593 = CARTESIAN_POINT('',(-5.999999999062E-07,4.330127018922));
#10594 = ( GEOMETRIC_REPRESENTATION_CONTEXT(2) 
PARAMETRIC_REPRESENTATION_CONTEXT() REPRESENTATION_CONTEXT('2D SPACE',''
  ) );
#10595 = ORIENTED_EDGE('',*,*,#10596,.T.);
#10596 = EDGE_CURVE('',#10576,#10476,#10597,.T.);
#10597 = SURFACE_CURVE('',#10598,(#10603,#10610),.PCURVE_S1.);
#10598 = CIRCLE('',#10599,5.);
#10599 = AXIS2_PLACEMENT_3D('',#10600,#10601,#10602);
#10600 = CARTESIAN_POINT('',(44.547727214752,-44.54772721475,59.));
#10601 = DIRECTION('',(0.,-0.,-1.));
#10602 = DIRECTION('',(0.258819045103,-0.965925826289,0.));
#10603 = PCURVE('',#4302,#10604);
#10604 = DEFINITIONAL_REPRESENTATION('',(#10605),#10609);
#10605 = LINE('',#10606,#10607);
#10606 = CARTESIAN_POINT('',(-11.25737367536,0.));
#10607 = VECTOR('',#10608,1.);
#10608 = DIRECTION('',(1.,-0.));
#10609 = ( GEOMETRIC_REPRESENTATION_CONTEXT(2) 
PARAMETRIC_REPRESENTATION_CONTEXT() REPRESENTATION_CONTEXT('2D SPACE',''
  ) );
#10610 = PCURVE('',#9131,#10611);
#10611 = DEFINITIONAL_REPRESENTATION('',(#10612),#10620);
#10612 = ( BOUNDED_CURVE() B_SPLINE_CURVE(2,(#10613,#10614,#10615,#10616
    ,#10617,#10618,#10619),.UNSPECIFIED.,.T.,.F.) 
B_SPLINE_CURVE_WITH_KNOTS((1,2,2,2,2,1),(-2.094395102393,0.,
    2.094395102393,4.188790204786,6.28318530718,8.377580409573),
.UNSPECIFIED.) CURVE() GEOMETRIC_REPRESENTATION_ITEM() 
RATIONAL_B_SPLINE_CURVE((1.,0.5,1.,0.5,1.,0.5,1.)) REPRESENTATION_ITEM(
  '') );
#10613 = CARTESIAN_POINT('',(4.330127018922,3.28626015289E-14));
#10614 = CARTESIAN_POINT('',(7.593925488436E-14,-7.5));
#10615 = CARTESIAN_POINT('',(-4.330127018922,-3.19744231092E-14));
#10616 = CARTESIAN_POINT('',(-8.660254037844,7.5));
#10617 = CARTESIAN_POINT('',(-4.041211809636E-14,7.5));
#10618 = CARTESIAN_POINT('',(8.660254037844,7.5));
#10619 = CARTESIAN_POINT('',(4.330127018922,3.28626015289E-14));
#10620 = ( GEOMETRIC_REPRESENTATION_CONTEXT(2) 
PARAMETRIC_REPRESENTATION_CONTEXT() REPRESENTATION_CONTEXT('2D SPACE',''
  ) );
#10621 = ORIENTED_EDGE('',*,*,#10498,.F.);
#10622 = ADVANCED_FACE('',(#10623),#4662,.T.);
#10623 = FACE_BOUND('',#10624,.T.);
#10624 = EDGE_LOOP('',(#10625,#10646,#10647,#10648));
#10625 = ORIENTED_EDGE('',*,*,#10626,.F.);
#10626 = EDGE_CURVE('',#10525,#9189,#10627,.T.);
#10627 = SURFACE_CURVE('',#10628,(#10632,#10639),.PCURVE_S1.);
#10628 = LINE('',#10629,#10630);
#10629 = CARTESIAN_POINT('',(42.779960261786,46.315494167719,59.));
#10630 = VECTOR('',#10631,1.);
#10631 = DIRECTION('',(0.707106781187,0.707106781187,0.));
#10632 = PCURVE('',#4662,#10633);
#10633 = DEFINITIONAL_REPRESENTATION('',(#10634),#10638);
#10634 = LINE('',#10635,#10636);
#10635 = CARTESIAN_POINT('',(0.,0.));
#10636 = VECTOR('',#10637,1.);
#10637 = DIRECTION('',(0.,1.));
#10638 = ( GEOMETRIC_REPRESENTATION_CONTEXT(2) 
PARAMETRIC_REPRESENTATION_CONTEXT() REPRESENTATION_CONTEXT('2D SPACE',''
  ) );
#10639 = PCURVE('',#9205,#10640);
#10640 = DEFINITIONAL_REPRESENTATION('',(#10641),#10645);
#10641 = LINE('',#10642,#10643);
#10642 = CARTESIAN_POINT('',(-4.440892098501E-16,5.));
#10643 = VECTOR('',#10644,1.);
#10644 = DIRECTION('',(1.,0.));
#10645 = ( GEOMETRIC_REPRESENTATION_CONTEXT(2) 
PARAMETRIC_REPRESENTATION_CONTEXT() REPRESENTATION_CONTEXT('2D SPACE',''
  ) );
#10646 = ORIENTED_EDGE('',*,*,#10552,.F.);
#10647 = ORIENTED_EDGE('',*,*,#4646,.T.);
#10648 = ORIENTED_EDGE('',*,*,#9221,.T.);
#10649 = ADVANCED_FACE('',(#10650),#4330,.F.);
#10650 = FACE_BOUND('',#10651,.F.);
#10651 = EDGE_LOOP('',(#10652,#10673,#10674,#10675));
#10652 = ORIENTED_EDGE('',*,*,#10653,.F.);
#10653 = EDGE_CURVE('',#10576,#9094,#10654,.T.);
#10654 = SURFACE_CURVE('',#10655,(#10659,#10666),.PCURVE_S1.);
#10655 = LINE('',#10656,#10657);
#10656 = CARTESIAN_POINT('',(42.779960261786,-46.31549416771,59.));
#10657 = VECTOR('',#10658,1.);
#10658 = DIRECTION('',(0.707106781187,-0.707106781187,0.));
#10659 = PCURVE('',#4330,#10660);
#10660 = DEFINITIONAL_REPRESENTATION('',(#10661),#10665);
#10661 = LINE('',#10662,#10663);
#10662 = CARTESIAN_POINT('',(0.,0.));
#10663 = VECTOR('',#10664,1.);
#10664 = DIRECTION('',(0.,1.));
#10665 = ( GEOMETRIC_REPRESENTATION_CONTEXT(2) 
PARAMETRIC_REPRESENTATION_CONTEXT() REPRESENTATION_CONTEXT('2D SPACE',''
  ) );
#10666 = PCURVE('',#9131,#10667);
#10667 = DEFINITIONAL_REPRESENTATION('',(#10668),#10672);
#10668 = LINE('',#10669,#10670);
#10669 = CARTESIAN_POINT('',(0.,0.));
#10670 = VECTOR('',#10671,1.);
#10671 = DIRECTION('',(1.,0.));
#10672 = ( GEOMETRIC_REPRESENTATION_CONTEXT(2) 
PARAMETRIC_REPRESENTATION_CONTEXT() REPRESENTATION_CONTEXT('2D SPACE',''
  ) );
#10673 = ORIENTED_EDGE('',*,*,#10575,.F.);
#10674 = ORIENTED_EDGE('',*,*,#4314,.T.);
#10675 = ORIENTED_EDGE('',*,*,#9093,.T.);
#10676 = ADVANCED_FACE('',(#10677),#4386,.T.);
#10677 = FACE_BOUND('',#10678,.T.);
#10678 = EDGE_LOOP('',(#10679,#10702,#10721,#10722));
#10679 = ORIENTED_EDGE('',*,*,#10680,.F.);
#10680 = EDGE_CURVE('',#10681,#9041,#10683,.T.);
#10681 = VERTEX_POINT('',#10682);
#10682 = CARTESIAN_POINT('',(-45.84182244026,-49.37735634619,59.));
#10683 = SURFACE_CURVE('',#10684,(#10688,#10695),.PCURVE_S1.);
#10684 = LINE('',#10685,#10686);
#10685 = CARTESIAN_POINT('',(-42.77996026178,-46.31549416771,59.));
#10686 = VECTOR('',#10687,1.);
#10687 = DIRECTION('',(-0.707106781187,-0.707106781187,0.));
#10688 = PCURVE('',#4386,#10689);
#10689 = DEFINITIONAL_REPRESENTATION('',(#10690),#10694);
#10690 = LINE('',#10691,#10692);
#10691 = CARTESIAN_POINT('',(0.,0.));
#10692 = VECTOR('',#10693,1.);
#10693 = DIRECTION('',(0.,1.));
#10694 = ( GEOMETRIC_REPRESENTATION_CONTEXT(2) 
PARAMETRIC_REPRESENTATION_CONTEXT() REPRESENTATION_CONTEXT('2D SPACE',''
  ) );
#10695 = PCURVE('',#9057,#10696);
#10696 = DEFINITIONAL_REPRESENTATION('',(#10697),#10701);
#10697 = LINE('',#10698,#10699);
#10698 = CARTESIAN_POINT('',(-4.440892098501E-16,5.));
#10699 = VECTOR('',#10700,1.);
#10700 = DIRECTION('',(1.,0.));
#10701 = ( GEOMETRIC_REPRESENTATION_CONTEXT(2) 
PARAMETRIC_REPRESENTATION_CONTEXT() REPRESENTATION_CONTEXT('2D SPACE',''
  ) );
#10702 = ORIENTED_EDGE('',*,*,#10703,.F.);
#10703 = EDGE_CURVE('',#4371,#10681,#10704,.T.);
#10704 = SURFACE_CURVE('',#10705,(#10709,#10715),.PCURVE_S1.);
#10705 = LINE('',#10706,#10707);
#10706 = CARTESIAN_POINT('',(-45.84182244026,-49.37735634619,59.));
#10707 = VECTOR('',#10708,1.);
#10708 = DIRECTION('',(-0.,-0.,-1.));
#10709 = PCURVE('',#4386,#10710);
#10710 = DEFINITIONAL_REPRESENTATION('',(#10711),#10714);
#10711 = B_SPLINE_CURVE_WITH_KNOTS('',1,(#10712,#10713),.UNSPECIFIED.,
  .F.,.F.,(2,2),(-9.0000006,5.999999999062E-07),
  .PIECEWISE_BEZIER_KNOTS.);
#10712 = CARTESIAN_POINT('',(9.0000006,4.330127018922));
#10713 = CARTESIAN_POINT('',(-5.999999999062E-07,4.330127018922));
#10714 = ( GEOMETRIC_REPRESENTATION_CONTEXT(2) 
PARAMETRIC_REPRESENTATION_CONTEXT() REPRESENTATION_CONTEXT('2D SPACE',''
  ) );
#10715 = PCURVE('',#4415,#10716);
#10716 = DEFINITIONAL_REPRESENTATION('',(#10717),#10720);
#10717 = B_SPLINE_CURVE_WITH_KNOTS('',1,(#10718,#10719),.UNSPECIFIED.,
  .F.,.F.,(2,2),(-9.,0.),.PIECEWISE_BEZIER_KNOTS.);
#10718 = CARTESIAN_POINT('',(-4.450589592586,-9.));
#10719 = CARTESIAN_POINT('',(-4.450589592586,0.));
#10720 = ( GEOMETRIC_REPRESENTATION_CONTEXT(2) 
PARAMETRIC_REPRESENTATION_CONTEXT() REPRESENTATION_CONTEXT('2D SPACE',''
  ) );
#10721 = ORIENTED_EDGE('',*,*,#4370,.T.);
#10722 = ORIENTED_EDGE('',*,*,#9073,.T.);
#10723 = ADVANCED_FACE('',(#10724),#4415,.T.);
#10724 = FACE_BOUND('',#10725,.F.);
#10725 = EDGE_LOOP('',(#10726,#10727,#10748,#10774));
#10726 = ORIENTED_EDGE('',*,*,#4398,.T.);
#10727 = ORIENTED_EDGE('',*,*,#10728,.T.);
#10728 = EDGE_CURVE('',#4399,#10729,#10731,.T.);
#10729 = VERTEX_POINT('',#10730);
#10730 = CARTESIAN_POINT('',(-49.37735634619,-45.84182244026,59.));
#10731 = SURFACE_CURVE('',#10732,(#10736,#10742),.PCURVE_S1.);
#10732 = LINE('',#10733,#10734);
#10733 = CARTESIAN_POINT('',(-49.37735634619,-45.84182244026,59.));
#10734 = VECTOR('',#10735,1.);
#10735 = DIRECTION('',(-0.,-0.,-1.));
#10736 = PCURVE('',#4415,#10737);
#10737 = DEFINITIONAL_REPRESENTATION('',(#10738),#10741);
#10738 = B_SPLINE_CURVE_WITH_KNOTS('',1,(#10739,#10740),.UNSPECIFIED.,
  .F.,.F.,(2,2),(-9.,0.),.PIECEWISE_BEZIER_KNOTS.);
#10739 = CARTESIAN_POINT('',(-9.686577348569,-9.));
#10740 = CARTESIAN_POINT('',(-9.686577348569,0.));
#10741 = ( GEOMETRIC_REPRESENTATION_CONTEXT(2) 
PARAMETRIC_REPRESENTATION_CONTEXT() REPRESENTATION_CONTEXT('2D SPACE',''
  ) );
#10742 = PCURVE('',#4443,#10743);
#10743 = DEFINITIONAL_REPRESENTATION('',(#10744),#10747);
#10744 = B_SPLINE_CURVE_WITH_KNOTS('',1,(#10745,#10746),.UNSPECIFIED.,
  .F.,.F.,(2,2),(-9.0000006,5.999999999062E-07),
  .PIECEWISE_BEZIER_KNOTS.);
#10745 = CARTESIAN_POINT('',(9.0000006,4.330127018922));
#10746 = CARTESIAN_POINT('',(-5.999999999062E-07,4.330127018922));
#10747 = ( GEOMETRIC_REPRESENTATION_CONTEXT(2) 
PARAMETRIC_REPRESENTATION_CONTEXT() REPRESENTATION_CONTEXT('2D SPACE',''
  ) );
#10748 = ORIENTED_EDGE('',*,*,#10749,.T.);
#10749 = EDGE_CURVE('',#10729,#10681,#10750,.T.);
#10750 = SURFACE_CURVE('',#10751,(#10756,#10763),.PCURVE_S1.);
#10751 = CIRCLE('',#10752,5.);
#10752 = AXIS2_PLACEMENT_3D('',#10753,#10754,#10755);
#10753 = CARTESIAN_POINT('',(-44.54772721475,-44.54772721475,59.));
#10754 = DIRECTION('',(-0.,0.,-1.));
#10755 = DIRECTION('',(-0.965925826289,-0.258819045103,0.));
#10756 = PCURVE('',#4415,#10757);
#10757 = DEFINITIONAL_REPRESENTATION('',(#10758),#10762);
#10758 = LINE('',#10759,#10760);
#10759 = CARTESIAN_POINT('',(-9.686577348569,0.));
#10760 = VECTOR('',#10761,1.);
#10761 = DIRECTION('',(1.,-0.));
#10762 = ( GEOMETRIC_REPRESENTATION_CONTEXT(2) 
PARAMETRIC_REPRESENTATION_CONTEXT() REPRESENTATION_CONTEXT('2D SPACE',''
  ) );
#10763 = PCURVE('',#9057,#10764);
#10764 = DEFINITIONAL_REPRESENTATION('',(#10765),#10773);
#10765 = ( BOUNDED_CURVE() B_SPLINE_CURVE(2,(#10766,#10767,#10768,#10769
    ,#10770,#10771,#10772),.UNSPECIFIED.,.T.,.F.) 
B_SPLINE_CURVE_WITH_KNOTS((1,2,2,2,2,1),(-2.094395102393,0.,
    2.094395102393,4.188790204786,6.28318530718,8.377580409573),
.UNSPECIFIED.) CURVE() GEOMETRIC_REPRESENTATION_ITEM() 
RATIONAL_B_SPLINE_CURVE((1.,0.5,1.,0.5,1.,0.5,1.)) REPRESENTATION_ITEM(
  '') );
#10766 = CARTESIAN_POINT('',(4.330127018922,4.218847493576E-14));
#10767 = CARTESIAN_POINT('',(9.836575998179E-14,-7.5));
#10768 = CARTESIAN_POINT('',(-4.330127018922,-4.352074256531E-14));
#10769 = CARTESIAN_POINT('',(-8.660254037844,7.5));
#10770 = CARTESIAN_POINT('',(-5.173639294753E-14,7.5));
#10771 = CARTESIAN_POINT('',(8.660254037844,7.5));
#10772 = CARTESIAN_POINT('',(4.330127018922,4.218847493576E-14));
#10773 = ( GEOMETRIC_REPRESENTATION_CONTEXT(2) 
PARAMETRIC_REPRESENTATION_CONTEXT() REPRESENTATION_CONTEXT('2D SPACE',''
  ) );
#10774 = ORIENTED_EDGE('',*,*,#10703,.F.);
#10775 = ADVANCED_FACE('',(#10776),#4556,.F.);
#10776 = FACE_BOUND('',#10777,.F.);
#10777 = EDGE_LOOP('',(#10778,#10801,#10820,#10821));
#10778 = ORIENTED_EDGE('',*,*,#10779,.F.);
#10779 = EDGE_CURVE('',#10780,#8946,#10782,.T.);
#10780 = VERTEX_POINT('',#10781);
#10781 = CARTESIAN_POINT('',(-45.84182244026,49.377356346198,59.));
#10782 = SURFACE_CURVE('',#10783,(#10787,#10794),.PCURVE_S1.);
#10783 = LINE('',#10784,#10785);
#10784 = CARTESIAN_POINT('',(-42.77996026178,46.315494167719,59.));
#10785 = VECTOR('',#10786,1.);
#10786 = DIRECTION('',(-0.707106781187,0.707106781187,0.));
#10787 = PCURVE('',#4556,#10788);
#10788 = DEFINITIONAL_REPRESENTATION('',(#10789),#10793);
#10789 = LINE('',#10790,#10791);
#10790 = CARTESIAN_POINT('',(0.,0.));
#10791 = VECTOR('',#10792,1.);
#10792 = DIRECTION('',(0.,1.));
#10793 = ( GEOMETRIC_REPRESENTATION_CONTEXT(2) 
PARAMETRIC_REPRESENTATION_CONTEXT() REPRESENTATION_CONTEXT('2D SPACE',''
  ) );
#10794 = PCURVE('',#8983,#10795);
#10795 = DEFINITIONAL_REPRESENTATION('',(#10796),#10800);
#10796 = LINE('',#10797,#10798);
#10797 = CARTESIAN_POINT('',(0.,0.));
#10798 = VECTOR('',#10799,1.);
#10799 = DIRECTION('',(1.,0.));
#10800 = ( GEOMETRIC_REPRESENTATION_CONTEXT(2) 
PARAMETRIC_REPRESENTATION_CONTEXT() REPRESENTATION_CONTEXT('2D SPACE',''
  ) );
#10801 = ORIENTED_EDGE('',*,*,#10802,.F.);
#10802 = EDGE_CURVE('',#4512,#10780,#10803,.T.);
#10803 = SURFACE_CURVE('',#10804,(#10808,#10814),.PCURVE_S1.);
#10804 = LINE('',#10805,#10806);
#10805 = CARTESIAN_POINT('',(-45.84182244026,49.377356346198,59.));
#10806 = VECTOR('',#10807,1.);
#10807 = DIRECTION('',(-0.,-0.,-1.));
#10808 = PCURVE('',#4556,#10809);
#10809 = DEFINITIONAL_REPRESENTATION('',(#10810),#10813);
#10810 = B_SPLINE_CURVE_WITH_KNOTS('',1,(#10811,#10812),.UNSPECIFIED.,
  .F.,.F.,(2,2),(-9.0000006,5.999999999062E-07),
  .PIECEWISE_BEZIER_KNOTS.);
#10811 = CARTESIAN_POINT('',(9.0000006,4.330127018922));
#10812 = CARTESIAN_POINT('',(-5.999999999062E-07,4.330127018922));
#10813 = ( GEOMETRIC_REPRESENTATION_CONTEXT(2) 
PARAMETRIC_REPRESENTATION_CONTEXT() REPRESENTATION_CONTEXT('2D SPACE',''
  ) );
#10814 = PCURVE('',#4528,#10815);
#10815 = DEFINITIONAL_REPRESENTATION('',(#10816),#10819);
#10816 = B_SPLINE_CURVE_WITH_KNOTS('',1,(#10817,#10818),.UNSPECIFIED.,
  .F.,.F.,(2,2),(-9.,0.),.PIECEWISE_BEZIER_KNOTS.);
#10817 = CARTESIAN_POINT('',(-8.115781021774,-9.));
#10818 = CARTESIAN_POINT('',(-8.115781021774,0.));
#10819 = ( GEOMETRIC_REPRESENTATION_CONTEXT(2) 
PARAMETRIC_REPRESENTATION_CONTEXT() REPRESENTATION_CONTEXT('2D SPACE',''
  ) );
#10820 = ORIENTED_EDGE('',*,*,#4540,.T.);
#10821 = ORIENTED_EDGE('',*,*,#8945,.T.);
#10822 = ADVANCED_FACE('',(#10823),#4443,.F.);
#10823 = FACE_BOUND('',#10824,.F.);
#10824 = EDGE_LOOP('',(#10825,#10846,#10847,#10848));
#10825 = ORIENTED_EDGE('',*,*,#10826,.F.);
#10826 = EDGE_CURVE('',#10729,#9020,#10827,.T.);
#10827 = SURFACE_CURVE('',#10828,(#10832,#10839),.PCURVE_S1.);
#10828 = LINE('',#10829,#10830);
#10829 = CARTESIAN_POINT('',(-46.31549416771,-42.77996026178,59.));
#10830 = VECTOR('',#10831,1.);
#10831 = DIRECTION('',(-0.707106781187,-0.707106781187,0.));
#10832 = PCURVE('',#4443,#10833);
#10833 = DEFINITIONAL_REPRESENTATION('',(#10834),#10838);
#10834 = LINE('',#10835,#10836);
#10835 = CARTESIAN_POINT('',(0.,0.));
#10836 = VECTOR('',#10837,1.);
#10837 = DIRECTION('',(0.,1.));
#10838 = ( GEOMETRIC_REPRESENTATION_CONTEXT(2) 
PARAMETRIC_REPRESENTATION_CONTEXT() REPRESENTATION_CONTEXT('2D SPACE',''
  ) );
#10839 = PCURVE('',#9057,#10840);
#10840 = DEFINITIONAL_REPRESENTATION('',(#10841),#10845);
#10841 = LINE('',#10842,#10843);
#10842 = CARTESIAN_POINT('',(0.,0.));
#10843 = VECTOR('',#10844,1.);
#10844 = DIRECTION('',(1.,0.));
#10845 = ( GEOMETRIC_REPRESENTATION_CONTEXT(2) 
PARAMETRIC_REPRESENTATION_CONTEXT() REPRESENTATION_CONTEXT('2D SPACE',''
  ) );
#10846 = ORIENTED_EDGE('',*,*,#10728,.F.);
#10847 = ORIENTED_EDGE('',*,*,#4427,.T.);
#10848 = ORIENTED_EDGE('',*,*,#9019,.T.);
#10849 = ADVANCED_FACE('',(#10850),#4528,.T.);
#10850 = FACE_BOUND('',#10851,.F.);
#10851 = EDGE_LOOP('',(#10852,#10853,#10854,#10882));
#10852 = ORIENTED_EDGE('',*,*,#4511,.T.);
#10853 = ORIENTED_EDGE('',*,*,#10802,.T.);
#10854 = ORIENTED_EDGE('',*,*,#10855,.T.);
#10855 = EDGE_CURVE('',#10780,#10856,#10858,.T.);
#10856 = VERTEX_POINT('',#10857);
#10857 = CARTESIAN_POINT('',(-49.37735634619,45.841822440265,59.));
#10858 = SURFACE_CURVE('',#10859,(#10864,#10871),.PCURVE_S1.);
#10859 = CIRCLE('',#10860,5.);
#10860 = AXIS2_PLACEMENT_3D('',#10861,#10862,#10863);
#10861 = CARTESIAN_POINT('',(-44.54772721475,44.547727214752,59.));
#10862 = DIRECTION('',(0.,0.,-1.));
#10863 = DIRECTION('',(-0.258819045103,0.965925826289,0.));
#10864 = PCURVE('',#4528,#10865);
#10865 = DEFINITIONAL_REPRESENTATION('',(#10866),#10870);
#10866 = LINE('',#10867,#10868);
#10867 = CARTESIAN_POINT('',(-8.115781021774,0.));
#10868 = VECTOR('',#10869,1.);
#10869 = DIRECTION('',(1.,-0.));
#10870 = ( GEOMETRIC_REPRESENTATION_CONTEXT(2) 
PARAMETRIC_REPRESENTATION_CONTEXT() REPRESENTATION_CONTEXT('2D SPACE',''
  ) );
#10871 = PCURVE('',#8983,#10872);
#10872 = DEFINITIONAL_REPRESENTATION('',(#10873),#10881);
#10873 = ( BOUNDED_CURVE() B_SPLINE_CURVE(2,(#10874,#10875,#10876,#10877
    ,#10878,#10879,#10880),.UNSPECIFIED.,.T.,.F.) 
B_SPLINE_CURVE_WITH_KNOTS((1,2,2,2,2,1),(-2.094395102393,0.,
    2.094395102393,4.188790204786,6.28318530718,8.377580409573),
.UNSPECIFIED.) CURVE() GEOMETRIC_REPRESENTATION_ITEM() 
RATIONAL_B_SPLINE_CURVE((1.,0.5,1.,0.5,1.,0.5,1.)) REPRESENTATION_ITEM(
  '') );
#10874 = CARTESIAN_POINT('',(4.330127018922,3.241851231905E-14));
#10875 = CARTESIAN_POINT('',(7.527312106959E-14,-7.5));
#10876 = CARTESIAN_POINT('',(-4.330127018922,-3.19744231092E-14));
#10877 = CARTESIAN_POINT('',(-8.660254037844,7.5));
#10878 = CARTESIAN_POINT('',(-3.974598428158E-14,7.5));
#10879 = CARTESIAN_POINT('',(8.660254037844,7.5));
#10880 = CARTESIAN_POINT('',(4.330127018922,3.241851231905E-14));
#10881 = ( GEOMETRIC_REPRESENTATION_CONTEXT(2) 
PARAMETRIC_REPRESENTATION_CONTEXT() REPRESENTATION_CONTEXT('2D SPACE',''
  ) );
#10882 = ORIENTED_EDGE('',*,*,#10883,.F.);
#10883 = EDGE_CURVE('',#4484,#10856,#10884,.T.);
#10884 = SURFACE_CURVE('',#10885,(#10889,#10895),.PCURVE_S1.);
#10885 = LINE('',#10886,#10887);
#10886 = CARTESIAN_POINT('',(-49.37735634619,45.841822440265,59.));
#10887 = VECTOR('',#10888,1.);
#10888 = DIRECTION('',(-0.,-0.,-1.));
#10889 = PCURVE('',#4528,#10890);
#10890 = DEFINITIONAL_REPRESENTATION('',(#10891),#10894);
#10891 = B_SPLINE_CURVE_WITH_KNOTS('',1,(#10892,#10893),.UNSPECIFIED.,
  .F.,.F.,(2,2),(-9.,-0.),.PIECEWISE_BEZIER_KNOTS.);
#10892 = CARTESIAN_POINT('',(-2.879793265791,-9.));
#10893 = CARTESIAN_POINT('',(-2.879793265791,0.));
#10894 = ( GEOMETRIC_REPRESENTATION_CONTEXT(2) 
PARAMETRIC_REPRESENTATION_CONTEXT() REPRESENTATION_CONTEXT('2D SPACE',''
  ) );
#10895 = PCURVE('',#4499,#10896);
#10896 = DEFINITIONAL_REPRESENTATION('',(#10897),#10900);
#10897 = B_SPLINE_CURVE_WITH_KNOTS('',1,(#10898,#10899),.UNSPECIFIED.,
  .F.,.F.,(2,2),(-9.0000006,5.999999999062E-07),
  .PIECEWISE_BEZIER_KNOTS.);
#10898 = CARTESIAN_POINT('',(9.0000006,4.330127018922));
#10899 = CARTESIAN_POINT('',(-5.999999999062E-07,4.330127018922));
#10900 = ( GEOMETRIC_REPRESENTATION_CONTEXT(2) 
PARAMETRIC_REPRESENTATION_CONTEXT() REPRESENTATION_CONTEXT('2D SPACE',''
  ) );
#10901 = ADVANCED_FACE('',(#10902),#4499,.T.);
#10902 = FACE_BOUND('',#10903,.T.);
#10903 = EDGE_LOOP('',(#10904,#10925,#10926,#10927));
#10904 = ORIENTED_EDGE('',*,*,#10905,.F.);
#10905 = EDGE_CURVE('',#10856,#8967,#10906,.T.);
#10906 = SURFACE_CURVE('',#10907,(#10911,#10918),.PCURVE_S1.);
#10907 = LINE('',#10908,#10909);
#10908 = CARTESIAN_POINT('',(-46.31549416771,42.779960261786,59.));
#10909 = VECTOR('',#10910,1.);
#10910 = DIRECTION('',(-0.707106781187,0.707106781187,0.));
#10911 = PCURVE('',#4499,#10912);
#10912 = DEFINITIONAL_REPRESENTATION('',(#10913),#10917);
#10913 = LINE('',#10914,#10915);
#10914 = CARTESIAN_POINT('',(0.,0.));
#10915 = VECTOR('',#10916,1.);
#10916 = DIRECTION('',(0.,1.));
#10917 = ( GEOMETRIC_REPRESENTATION_CONTEXT(2) 
PARAMETRIC_REPRESENTATION_CONTEXT() REPRESENTATION_CONTEXT('2D SPACE',''
  ) );
#10918 = PCURVE('',#8983,#10919);
#10919 = DEFINITIONAL_REPRESENTATION('',(#10920),#10924);
#10920 = LINE('',#10921,#10922);
#10921 = CARTESIAN_POINT('',(-4.440892098501E-16,5.));
#10922 = VECTOR('',#10923,1.);
#10923 = DIRECTION('',(1.,0.));
#10924 = ( GEOMETRIC_REPRESENTATION_CONTEXT(2) 
PARAMETRIC_REPRESENTATION_CONTEXT() REPRESENTATION_CONTEXT('2D SPACE',''
  ) );
#10925 = ORIENTED_EDGE('',*,*,#10883,.F.);
#10926 = ORIENTED_EDGE('',*,*,#4483,.T.);
#10927 = ORIENTED_EDGE('',*,*,#8999,.T.);
#10928 = ADVANCED_FACE('',(#10929),#4752,.F.);
#10929 = FACE_BOUND('',#10930,.T.);
#10930 = EDGE_LOOP('',(#10931,#10960,#10981,#10982));
#10931 = ORIENTED_EDGE('',*,*,#10932,.F.);
#10932 = EDGE_CURVE('',#10933,#10933,#10935,.T.);
#10933 = VERTEX_POINT('',#10934);
#10934 = CARTESIAN_POINT('',(46.647727214752,44.547727214752,62.5));
#10935 = SURFACE_CURVE('',#10936,(#10941,#10948),.PCURVE_S1.);
#10936 = CIRCLE('',#10937,2.1);
#10937 = AXIS2_PLACEMENT_3D('',#10938,#10939,#10940);
#10938 = CARTESIAN_POINT('',(44.547727214752,44.547727214752,62.5));
#10939 = DIRECTION('',(0.,0.,1.));
#10940 = DIRECTION('',(1.,0.,0.));
#10941 = PCURVE('',#4752,#10942);
#10942 = DEFINITIONAL_REPRESENTATION('',(#10943),#10947);
#10943 = LINE('',#10944,#10945);
#10944 = CARTESIAN_POINT('',(-0.,0.));
#10945 = VECTOR('',#10946,1.);
#10946 = DIRECTION('',(-1.,0.));
#10947 = ( GEOMETRIC_REPRESENTATION_CONTEXT(2) 
PARAMETRIC_REPRESENTATION_CONTEXT() REPRESENTATION_CONTEXT('2D SPACE',''
  ) );
#10948 = PCURVE('',#10949,#10954);
#10949 = PLANE('',#10950);
#10950 = AXIS2_PLACEMENT_3D('',#10951,#10952,#10953);
#10951 = CARTESIAN_POINT('',(44.547727214752,44.547727214752,62.5));
#10952 = DIRECTION('',(0.,0.,1.));
#10953 = DIRECTION('',(1.,0.,-0.));
#10954 = DEFINITIONAL_REPRESENTATION('',(#10955),#10959);
#10955 = CIRCLE('',#10956,2.1);
#10956 = AXIS2_PLACEMENT_2D('',#10957,#10958);
#10957 = CARTESIAN_POINT('',(0.,0.));
#10958 = DIRECTION('',(1.,0.));
#10959 = ( GEOMETRIC_REPRESENTATION_CONTEXT(2) 
PARAMETRIC_REPRESENTATION_CONTEXT() REPRESENTATION_CONTEXT('2D SPACE',''
  ) );
#10960 = ORIENTED_EDGE('',*,*,#10961,.T.);
#10961 = EDGE_CURVE('',#10933,#4732,#10962,.T.);
#10962 = SEAM_CURVE('',#10963,(#10967,#10974),.PCURVE_S1.);
#10963 = LINE('',#10964,#10965);
#10964 = CARTESIAN_POINT('',(46.647727214752,44.547727214752,62.5));
#10965 = VECTOR('',#10966,1.);
#10966 = DIRECTION('',(0.,0.,1.));
#10967 = PCURVE('',#4752,#10968);
#10968 = DEFINITIONAL_REPRESENTATION('',(#10969),#10973);
#10969 = LINE('',#10970,#10971);
#10970 = CARTESIAN_POINT('',(-6.28318530718,0.));
#10971 = VECTOR('',#10972,1.);
#10972 = DIRECTION('',(-0.,-1.));
#10973 = ( GEOMETRIC_REPRESENTATION_CONTEXT(2) 
PARAMETRIC_REPRESENTATION_CONTEXT() REPRESENTATION_CONTEXT('2D SPACE',''
  ) );
#10974 = PCURVE('',#4752,#10975);
#10975 = DEFINITIONAL_REPRESENTATION('',(#10976),#10980);
#10976 = LINE('',#10977,#10978);
#10977 = CARTESIAN_POINT('',(-0.,0.));
#10978 = VECTOR('',#10979,1.);
#10979 = DIRECTION('',(-0.,-1.));
#10980 = ( GEOMETRIC_REPRESENTATION_CONTEXT(2) 
PARAMETRIC_REPRESENTATION_CONTEXT() REPRESENTATION_CONTEXT('2D SPACE',''
  ) );
#10981 = ORIENTED_EDGE('',*,*,#4731,.F.);
#10982 = ORIENTED_EDGE('',*,*,#10961,.F.);
#10983 = ADVANCED_FACE('',(#10984),#8340,.F.);
#10984 = FACE_BOUND('',#10985,.F.);
#10985 = EDGE_LOOP('',(#10986));
#10986 = ORIENTED_EDGE('',*,*,#8325,.T.);
#10987 = ADVANCED_FACE('',(#10988),#8395,.F.);
#10988 = FACE_BOUND('',#10989,.F.);
#10989 = EDGE_LOOP('',(#10990));
#10990 = ORIENTED_EDGE('',*,*,#8380,.T.);
#10991 = ADVANCED_FACE('',(#10992),#8450,.F.);
#10992 = FACE_BOUND('',#10993,.F.);
#10993 = EDGE_LOOP('',(#10994));
#10994 = ORIENTED_EDGE('',*,*,#8435,.T.);
#10995 = ADVANCED_FACE('',(#10996),#8506,.T.);
#10996 = FACE_BOUND('',#10997,.T.);
#10997 = EDGE_LOOP('',(#10998,#10999));
#10998 = ORIENTED_EDGE('',*,*,#8675,.F.);
#10999 = ORIENTED_EDGE('',*,*,#8489,.T.);
#11000 = ADVANCED_FACE('',(#11001,#11050),#8579,.T.);
#11001 = FACE_BOUND('',#11002,.T.);
#11002 = EDGE_LOOP('',(#11003,#11004,#11027,#11048,#11049));
#11003 = ORIENTED_EDGE('',*,*,#10099,.F.);
#11004 = ORIENTED_EDGE('',*,*,#11005,.T.);
#11005 = EDGE_CURVE('',#10100,#11006,#11008,.T.);
#11006 = VERTEX_POINT('',#11007);
#11007 = CARTESIAN_POINT('',(43.,55.,29.));
#11008 = SURFACE_CURVE('',#11009,(#11013,#11020),.PCURVE_S1.);
#11009 = LINE('',#11010,#11011);
#11010 = CARTESIAN_POINT('',(35.,55.,29.));
#11011 = VECTOR('',#11012,1.);
#11012 = DIRECTION('',(1.,0.,0.));
#11013 = PCURVE('',#8579,#11014);
#11014 = DEFINITIONAL_REPRESENTATION('',(#11015),#11019);
#11015 = LINE('',#11016,#11017);
#11016 = CARTESIAN_POINT('',(0.,0.));
#11017 = VECTOR('',#11018,1.);
#11018 = DIRECTION('',(1.,0.));
#11019 = ( GEOMETRIC_REPRESENTATION_CONTEXT(2) 
PARAMETRIC_REPRESENTATION_CONTEXT() REPRESENTATION_CONTEXT('2D SPACE',''
  ) );
#11020 = PCURVE('',#10138,#11021);
#11021 = DEFINITIONAL_REPRESENTATION('',(#11022),#11026);
#11022 = LINE('',#11023,#11024);
#11023 = CARTESIAN_POINT('',(10.,0.));
#11024 = VECTOR('',#11025,1.);
#11025 = DIRECTION('',(0.,1.));
#11026 = ( GEOMETRIC_REPRESENTATION_CONTEXT(2) 
PARAMETRIC_REPRESENTATION_CONTEXT() REPRESENTATION_CONTEXT('2D SPACE',''
  ) );
#11027 = ORIENTED_EDGE('',*,*,#11028,.T.);
#11028 = EDGE_CURVE('',#11006,#8563,#11029,.T.);
#11029 = SURFACE_CURVE('',#11030,(#11034,#11041),.PCURVE_S1.);
#11030 = LINE('',#11031,#11032);
#11031 = CARTESIAN_POINT('',(43.,55.,29.));
#11032 = VECTOR('',#11033,1.);
#11033 = DIRECTION('',(0.,1.,0.));
#11034 = PCURVE('',#8579,#11035);
#11035 = DEFINITIONAL_REPRESENTATION('',(#11036),#11040);
#11036 = LINE('',#11037,#11038);
#11037 = CARTESIAN_POINT('',(8.,0.));
#11038 = VECTOR('',#11039,1.);
#11039 = DIRECTION('',(0.,1.));
#11040 = ( GEOMETRIC_REPRESENTATION_CONTEXT(2) 
PARAMETRIC_REPRESENTATION_CONTEXT() REPRESENTATION_CONTEXT('2D SPACE',''
  ) );
#11041 = PCURVE('',#8610,#11042);
#11042 = DEFINITIONAL_REPRESENTATION('',(#11043),#11047);
#11043 = LINE('',#11044,#11045);
#11044 = CARTESIAN_POINT('',(10.,0.));
#11045 = VECTOR('',#11046,1.);
#11046 = DIRECTION('',(0.,-1.));
#11047 = ( GEOMETRIC_REPRESENTATION_CONTEXT(2) 
PARAMETRIC_REPRESENTATION_CONTEXT() REPRESENTATION_CONTEXT('2D SPACE',''
  ) );
#11048 = ORIENTED_EDGE('',*,*,#8562,.F.);
#11049 = ORIENTED_EDGE('',*,*,#9312,.F.);
#11050 = FACE_BOUND('',#11051,.T.);
#11051 = EDGE_LOOP('',(#11052));
#11052 = ORIENTED_EDGE('',*,*,#11053,.T.);
#11053 = EDGE_CURVE('',#11054,#11054,#11056,.T.);
#11054 = VERTEX_POINT('',#11055);
#11055 = CARTESIAN_POINT('',(40.25,57.,29.));
#11056 = SURFACE_CURVE('',#11057,(#11062,#11073),.PCURVE_S1.);
#11057 = CIRCLE('',#11058,1.25);
#11058 = AXIS2_PLACEMENT_3D('',#11059,#11060,#11061);
#11059 = CARTESIAN_POINT('',(39.,57.,29.));
#11060 = DIRECTION('',(0.,0.,-1.));
#11061 = DIRECTION('',(1.,0.,0.));
#11062 = PCURVE('',#8579,#11063);
#11063 = DEFINITIONAL_REPRESENTATION('',(#11064),#11072);
#11064 = ( BOUNDED_CURVE() B_SPLINE_CURVE(2,(#11065,#11066,#11067,#11068
    ,#11069,#11070,#11071),.UNSPECIFIED.,.T.,.F.) 
B_SPLINE_CURVE_WITH_KNOTS((1,2,2,2,2,1),(-2.094395102393,0.,
    2.094395102393,4.188790204786,6.28318530718,8.377580409573),
.UNSPECIFIED.) CURVE() GEOMETRIC_REPRESENTATION_ITEM() 
RATIONAL_B_SPLINE_CURVE((1.,0.5,1.,0.5,1.,0.5,1.)) REPRESENTATION_ITEM(
  '') );
#11065 = CARTESIAN_POINT('',(5.25,2.));
#11066 = CARTESIAN_POINT('',(5.25,-0.165063509461));
#11067 = CARTESIAN_POINT('',(3.375,0.917468245269));
#11068 = CARTESIAN_POINT('',(1.5,2.));
#11069 = CARTESIAN_POINT('',(3.375,3.082531754731));
#11070 = CARTESIAN_POINT('',(5.25,4.165063509461));
#11071 = CARTESIAN_POINT('',(5.25,2.));
#11072 = ( GEOMETRIC_REPRESENTATION_CONTEXT(2) 
PARAMETRIC_REPRESENTATION_CONTEXT() REPRESENTATION_CONTEXT('2D SPACE',''
  ) );
#11073 = PCURVE('',#11074,#11079);
#11074 = CYLINDRICAL_SURFACE('',#11075,1.25);
#11075 = AXIS2_PLACEMENT_3D('',#11076,#11077,#11078);
#11076 = CARTESIAN_POINT('',(39.,57.,26.));
#11077 = DIRECTION('',(-0.,-0.,-1.));
#11078 = DIRECTION('',(1.,0.,0.));
#11079 = DEFINITIONAL_REPRESENTATION('',(#11080),#11084);
#11080 = LINE('',#11081,#11082);
#11081 = CARTESIAN_POINT('',(-6.28318530718,-3.));
#11082 = VECTOR('',#11083,1.);
#11083 = DIRECTION('',(1.,-0.));
#11084 = ( GEOMETRIC_REPRESENTATION_CONTEXT(2) 
PARAMETRIC_REPRESENTATION_CONTEXT() REPRESENTATION_CONTEXT('2D SPACE',''
  ) );
#11085 = ADVANCED_FACE('',(#11086),#9205,.F.);
#11086 = FACE_BOUND('',#11087,.F.);
#11087 = EDGE_LOOP('',(#11088,#11089,#11090,#11091));
#11088 = ORIENTED_EDGE('',*,*,#10626,.F.);
#11089 = ORIENTED_EDGE('',*,*,#10524,.F.);
#11090 = ORIENTED_EDGE('',*,*,#10428,.T.);
#11091 = ORIENTED_EDGE('',*,*,#9188,.F.);
#11092 = ADVANCED_FACE('',(#11093),#8610,.T.);
#11093 = FACE_BOUND('',#11094,.T.);
#11094 = EDGE_LOOP('',(#11095,#11096,#11119,#11140));
#11095 = ORIENTED_EDGE('',*,*,#11028,.F.);
#11096 = ORIENTED_EDGE('',*,*,#11097,.F.);
#11097 = EDGE_CURVE('',#11098,#11006,#11100,.T.);
#11098 = VERTEX_POINT('',#11099);
#11099 = CARTESIAN_POINT('',(43.,55.,19.));
#11100 = SURFACE_CURVE('',#11101,(#11105,#11112),.PCURVE_S1.);
#11101 = LINE('',#11102,#11103);
#11102 = CARTESIAN_POINT('',(43.,55.,19.));
#11103 = VECTOR('',#11104,1.);
#11104 = DIRECTION('',(0.,0.,1.));
#11105 = PCURVE('',#8610,#11106);
#11106 = DEFINITIONAL_REPRESENTATION('',(#11107),#11111);
#11107 = LINE('',#11108,#11109);
#11108 = CARTESIAN_POINT('',(0.,0.));
#11109 = VECTOR('',#11110,1.);
#11110 = DIRECTION('',(1.,0.));
#11111 = ( GEOMETRIC_REPRESENTATION_CONTEXT(2) 
PARAMETRIC_REPRESENTATION_CONTEXT() REPRESENTATION_CONTEXT('2D SPACE',''
  ) );
#11112 = PCURVE('',#10138,#11113);
#11113 = DEFINITIONAL_REPRESENTATION('',(#11114),#11118);
#11114 = LINE('',#11115,#11116);
#11115 = CARTESIAN_POINT('',(0.,8.));
#11116 = VECTOR('',#11117,1.);
#11117 = DIRECTION('',(1.,0.));
#11118 = ( GEOMETRIC_REPRESENTATION_CONTEXT(2) 
PARAMETRIC_REPRESENTATION_CONTEXT() REPRESENTATION_CONTEXT('2D SPACE',''
  ) );
#11119 = ORIENTED_EDGE('',*,*,#11120,.T.);
#11120 = EDGE_CURVE('',#11098,#8596,#11121,.T.);
#11121 = SURFACE_CURVE('',#11122,(#11126,#11133),.PCURVE_S1.);
#11122 = LINE('',#11123,#11124);
#11123 = CARTESIAN_POINT('',(43.,55.,19.));
#11124 = VECTOR('',#11125,1.);
#11125 = DIRECTION('',(0.,1.,0.));
#11126 = PCURVE('',#8610,#11127);
#11127 = DEFINITIONAL_REPRESENTATION('',(#11128),#11132);
#11128 = LINE('',#11129,#11130);
#11129 = CARTESIAN_POINT('',(0.,0.));
#11130 = VECTOR('',#11131,1.);
#11131 = DIRECTION('',(0.,-1.));
#11132 = ( GEOMETRIC_REPRESENTATION_CONTEXT(2) 
PARAMETRIC_REPRESENTATION_CONTEXT() REPRESENTATION_CONTEXT('2D SPACE',''
  ) );
#11133 = PCURVE('',#8638,#11134);
#11134 = DEFINITIONAL_REPRESENTATION('',(#11135),#11139);
#11135 = LINE('',#11136,#11137);
#11136 = CARTESIAN_POINT('',(8.,0.));
#11137 = VECTOR('',#11138,1.);
#11138 = DIRECTION('',(0.,1.));
#11139 = ( GEOMETRIC_REPRESENTATION_CONTEXT(2) 
PARAMETRIC_REPRESENTATION_CONTEXT() REPRESENTATION_CONTEXT('2D SPACE',''
  ) );
#11140 = ORIENTED_EDGE('',*,*,#8595,.F.);
#11141 = ADVANCED_FACE('',(#11142),#8638,.F.);
#11142 = FACE_BOUND('',#11143,.F.);
#11143 = EDGE_LOOP('',(#11144,#11145,#11166,#11167,#11168));
#11144 = ORIENTED_EDGE('',*,*,#10150,.F.);
#11145 = ORIENTED_EDGE('',*,*,#11146,.T.);
#11146 = EDGE_CURVE('',#10123,#11098,#11147,.T.);
#11147 = SURFACE_CURVE('',#11148,(#11152,#11159),.PCURVE_S1.);
#11148 = LINE('',#11149,#11150);
#11149 = CARTESIAN_POINT('',(35.,55.,19.));
#11150 = VECTOR('',#11151,1.);
#11151 = DIRECTION('',(1.,0.,0.));
#11152 = PCURVE('',#8638,#11153);
#11153 = DEFINITIONAL_REPRESENTATION('',(#11154),#11158);
#11154 = LINE('',#11155,#11156);
#11155 = CARTESIAN_POINT('',(0.,0.));
#11156 = VECTOR('',#11157,1.);
#11157 = DIRECTION('',(1.,0.));
#11158 = ( GEOMETRIC_REPRESENTATION_CONTEXT(2) 
PARAMETRIC_REPRESENTATION_CONTEXT() REPRESENTATION_CONTEXT('2D SPACE',''
  ) );
#11159 = PCURVE('',#10138,#11160);
#11160 = DEFINITIONAL_REPRESENTATION('',(#11161),#11165);
#11161 = LINE('',#11162,#11163);
#11162 = CARTESIAN_POINT('',(0.,0.));
#11163 = VECTOR('',#11164,1.);
#11164 = DIRECTION('',(0.,1.));
#11165 = ( GEOMETRIC_REPRESENTATION_CONTEXT(2) 
PARAMETRIC_REPRESENTATION_CONTEXT() REPRESENTATION_CONTEXT('2D SPACE',''
  ) );
#11166 = ORIENTED_EDGE('',*,*,#11120,.T.);
#11167 = ORIENTED_EDGE('',*,*,#8621,.F.);
#11168 = ORIENTED_EDGE('',*,*,#9541,.F.);
#11169 = ADVANCED_FACE('',(#11170),#9131,.F.);
#11170 = FACE_BOUND('',#11171,.F.);
#11171 = EDGE_LOOP('',(#11172,#11173,#11174,#11175));
#11172 = ORIENTED_EDGE('',*,*,#10475,.F.);
#11173 = ORIENTED_EDGE('',*,*,#10596,.F.);
#11174 = ORIENTED_EDGE('',*,*,#10653,.T.);
#11175 = ORIENTED_EDGE('',*,*,#9114,.F.);
#11176 = ADVANCED_FACE('',(#11177),#9057,.F.);
#11177 = FACE_BOUND('',#11178,.F.);
#11178 = EDGE_LOOP('',(#11179,#11180,#11181,#11182));
#11179 = ORIENTED_EDGE('',*,*,#10680,.F.);
#11180 = ORIENTED_EDGE('',*,*,#10749,.F.);
#11181 = ORIENTED_EDGE('',*,*,#10826,.T.);
#11182 = ORIENTED_EDGE('',*,*,#9040,.F.);
#11183 = ADVANCED_FACE('',(#11184),#8741,.T.);
#11184 = FACE_BOUND('',#11185,.T.);
#11185 = EDGE_LOOP('',(#11186,#11187));
#11186 = ORIENTED_EDGE('',*,*,#8724,.F.);
#11187 = ORIENTED_EDGE('',*,*,#9697,.T.);
#11188 = ADVANCED_FACE('',(#11189),#8983,.F.);
#11189 = FACE_BOUND('',#11190,.F.);
#11190 = EDGE_LOOP('',(#11191,#11192,#11193,#11194));
#11191 = ORIENTED_EDGE('',*,*,#10905,.F.);
#11192 = ORIENTED_EDGE('',*,*,#10855,.F.);
#11193 = ORIENTED_EDGE('',*,*,#10779,.T.);
#11194 = ORIENTED_EDGE('',*,*,#8966,.F.);
#11195 = ADVANCED_FACE('',(#11196),#8815,.T.);
#11196 = FACE_BOUND('',#11197,.T.);
#11197 = EDGE_LOOP('',(#11198,#11199));
#11198 = ORIENTED_EDGE('',*,*,#9757,.F.);
#11199 = ORIENTED_EDGE('',*,*,#8798,.F.);
#11200 = ADVANCED_FACE('',(#11201),#8889,.T.);
#11201 = FACE_BOUND('',#11202,.T.);
#11202 = EDGE_LOOP('',(#11203,#11204));
#11203 = ORIENTED_EDGE('',*,*,#9725,.F.);
#11204 = ORIENTED_EDGE('',*,*,#8872,.F.);
#11205 = ADVANCED_FACE('',(#11206),#9465,.F.);
#11206 = FACE_BOUND('',#11207,.F.);
#11207 = EDGE_LOOP('',(#11208,#11231,#11252,#11253));
#11208 = ORIENTED_EDGE('',*,*,#11209,.F.);
#11209 = EDGE_CURVE('',#11210,#9425,#11212,.T.);
#11210 = VERTEX_POINT('',#11211);
#11211 = CARTESIAN_POINT('',(15.,55.,19.));
#11212 = SURFACE_CURVE('',#11213,(#11217,#11224),.PCURVE_S1.);
#11213 = LINE('',#11214,#11215);
#11214 = CARTESIAN_POINT('',(15.,55.,19.));
#11215 = VECTOR('',#11216,1.);
#11216 = DIRECTION('',(0.,1.,0.));
#11217 = PCURVE('',#9465,#11218);
#11218 = DEFINITIONAL_REPRESENTATION('',(#11219),#11223);
#11219 = LINE('',#11220,#11221);
#11220 = CARTESIAN_POINT('',(0.,0.));
#11221 = VECTOR('',#11222,1.);
#11222 = DIRECTION('',(0.,1.));
#11223 = ( GEOMETRIC_REPRESENTATION_CONTEXT(2) 
PARAMETRIC_REPRESENTATION_CONTEXT() REPRESENTATION_CONTEXT('2D SPACE',''
  ) );
#11224 = PCURVE('',#9439,#11225);
#11225 = DEFINITIONAL_REPRESENTATION('',(#11226),#11230);
#11226 = LINE('',#11227,#11228);
#11227 = CARTESIAN_POINT('',(0.,0.));
#11228 = VECTOR('',#11229,1.);
#11229 = DIRECTION('',(0.,-1.));
#11230 = ( GEOMETRIC_REPRESENTATION_CONTEXT(2) 
PARAMETRIC_REPRESENTATION_CONTEXT() REPRESENTATION_CONTEXT('2D SPACE',''
  ) );
#11231 = ORIENTED_EDGE('',*,*,#11232,.T.);
#11232 = EDGE_CURVE('',#11210,#10023,#11233,.T.);
#11233 = SURFACE_CURVE('',#11234,(#11238,#11245),.PCURVE_S1.);
#11234 = LINE('',#11235,#11236);
#11235 = CARTESIAN_POINT('',(15.,55.,19.));
#11236 = VECTOR('',#11237,1.);
#11237 = DIRECTION('',(1.,0.,0.));
#11238 = PCURVE('',#9465,#11239);
#11239 = DEFINITIONAL_REPRESENTATION('',(#11240),#11244);
#11240 = LINE('',#11241,#11242);
#11241 = CARTESIAN_POINT('',(0.,0.));
#11242 = VECTOR('',#11243,1.);
#11243 = DIRECTION('',(1.,0.));
#11244 = ( GEOMETRIC_REPRESENTATION_CONTEXT(2) 
PARAMETRIC_REPRESENTATION_CONTEXT() REPRESENTATION_CONTEXT('2D SPACE',''
  ) );
#11245 = PCURVE('',#10038,#11246);
#11246 = DEFINITIONAL_REPRESENTATION('',(#11247),#11251);
#11247 = LINE('',#11248,#11249);
#11248 = CARTESIAN_POINT('',(0.,0.));
#11249 = VECTOR('',#11250,1.);
#11250 = DIRECTION('',(0.,1.));
#11251 = ( GEOMETRIC_REPRESENTATION_CONTEXT(2) 
PARAMETRIC_REPRESENTATION_CONTEXT() REPRESENTATION_CONTEXT('2D SPACE',''
  ) );
#11252 = ORIENTED_EDGE('',*,*,#10050,.T.);
#11253 = ORIENTED_EDGE('',*,*,#9450,.F.);
#11254 = ADVANCED_FACE('',(#11255),#9439,.F.);
#11255 = FACE_BOUND('',#11256,.F.);
#11256 = EDGE_LOOP('',(#11257,#11280,#11301,#11302));
#11257 = ORIENTED_EDGE('',*,*,#11258,.F.);
#11258 = EDGE_CURVE('',#11259,#9399,#11261,.T.);
#11259 = VERTEX_POINT('',#11260);
#11260 = CARTESIAN_POINT('',(15.,55.,29.));
#11261 = SURFACE_CURVE('',#11262,(#11266,#11273),.PCURVE_S1.);
#11262 = LINE('',#11263,#11264);
#11263 = CARTESIAN_POINT('',(15.,55.,29.));
#11264 = VECTOR('',#11265,1.);
#11265 = DIRECTION('',(0.,1.,0.));
#11266 = PCURVE('',#9439,#11267);
#11267 = DEFINITIONAL_REPRESENTATION('',(#11268),#11272);
#11268 = LINE('',#11269,#11270);
#11269 = CARTESIAN_POINT('',(10.,0.));
#11270 = VECTOR('',#11271,1.);
#11271 = DIRECTION('',(0.,-1.));
#11272 = ( GEOMETRIC_REPRESENTATION_CONTEXT(2) 
PARAMETRIC_REPRESENTATION_CONTEXT() REPRESENTATION_CONTEXT('2D SPACE',''
  ) );
#11273 = PCURVE('',#9413,#11274);
#11274 = DEFINITIONAL_REPRESENTATION('',(#11275),#11279);
#11275 = LINE('',#11276,#11277);
#11276 = CARTESIAN_POINT('',(0.,0.));
#11277 = VECTOR('',#11278,1.);
#11278 = DIRECTION('',(0.,1.));
#11279 = ( GEOMETRIC_REPRESENTATION_CONTEXT(2) 
PARAMETRIC_REPRESENTATION_CONTEXT() REPRESENTATION_CONTEXT('2D SPACE',''
  ) );
#11280 = ORIENTED_EDGE('',*,*,#11281,.F.);
#11281 = EDGE_CURVE('',#11210,#11259,#11282,.T.);
#11282 = SURFACE_CURVE('',#11283,(#11287,#11294),.PCURVE_S1.);
#11283 = LINE('',#11284,#11285);
#11284 = CARTESIAN_POINT('',(15.,55.,19.));
#11285 = VECTOR('',#11286,1.);
#11286 = DIRECTION('',(0.,0.,1.));
#11287 = PCURVE('',#9439,#11288);
#11288 = DEFINITIONAL_REPRESENTATION('',(#11289),#11293);
#11289 = LINE('',#11290,#11291);
#11290 = CARTESIAN_POINT('',(0.,0.));
#11291 = VECTOR('',#11292,1.);
#11292 = DIRECTION('',(1.,0.));
#11293 = ( GEOMETRIC_REPRESENTATION_CONTEXT(2) 
PARAMETRIC_REPRESENTATION_CONTEXT() REPRESENTATION_CONTEXT('2D SPACE',''
  ) );
#11294 = PCURVE('',#10038,#11295);
#11295 = DEFINITIONAL_REPRESENTATION('',(#11296),#11300);
#11296 = LINE('',#11297,#11298);
#11297 = CARTESIAN_POINT('',(0.,0.));
#11298 = VECTOR('',#11299,1.);
#11299 = DIRECTION('',(1.,0.));
#11300 = ( GEOMETRIC_REPRESENTATION_CONTEXT(2) 
PARAMETRIC_REPRESENTATION_CONTEXT() REPRESENTATION_CONTEXT('2D SPACE',''
  ) );
#11301 = ORIENTED_EDGE('',*,*,#11209,.T.);
#11302 = ORIENTED_EDGE('',*,*,#9424,.F.);
#11303 = ADVANCED_FACE('',(#11304,#11330),#9413,.T.);
#11304 = FACE_BOUND('',#11305,.T.);
#11305 = EDGE_LOOP('',(#11306,#11307,#11328,#11329));
#11306 = ORIENTED_EDGE('',*,*,#11258,.F.);
#11307 = ORIENTED_EDGE('',*,*,#11308,.T.);
#11308 = EDGE_CURVE('',#11259,#10000,#11309,.T.);
#11309 = SURFACE_CURVE('',#11310,(#11314,#11321),.PCURVE_S1.);
#11310 = LINE('',#11311,#11312);
#11311 = CARTESIAN_POINT('',(15.,55.,29.));
#11312 = VECTOR('',#11313,1.);
#11313 = DIRECTION('',(1.,0.,0.));
#11314 = PCURVE('',#9413,#11315);
#11315 = DEFINITIONAL_REPRESENTATION('',(#11316),#11320);
#11316 = LINE('',#11317,#11318);
#11317 = CARTESIAN_POINT('',(0.,0.));
#11318 = VECTOR('',#11319,1.);
#11319 = DIRECTION('',(1.,0.));
#11320 = ( GEOMETRIC_REPRESENTATION_CONTEXT(2) 
PARAMETRIC_REPRESENTATION_CONTEXT() REPRESENTATION_CONTEXT('2D SPACE',''
  ) );
#11321 = PCURVE('',#10038,#11322);
#11322 = DEFINITIONAL_REPRESENTATION('',(#11323),#11327);
#11323 = LINE('',#11324,#11325);
#11324 = CARTESIAN_POINT('',(10.,0.));
#11325 = VECTOR('',#11326,1.);
#11326 = DIRECTION('',(0.,1.));
#11327 = ( GEOMETRIC_REPRESENTATION_CONTEXT(2) 
PARAMETRIC_REPRESENTATION_CONTEXT() REPRESENTATION_CONTEXT('2D SPACE',''
  ) );
#11328 = ORIENTED_EDGE('',*,*,#9999,.T.);
#11329 = ORIENTED_EDGE('',*,*,#9398,.F.);
#11330 = FACE_BOUND('',#11331,.T.);
#11331 = EDGE_LOOP('',(#11332));
#11332 = ORIENTED_EDGE('',*,*,#11333,.T.);
#11333 = EDGE_CURVE('',#11334,#11334,#11336,.T.);
#11334 = VERTEX_POINT('',#11335);
#11335 = CARTESIAN_POINT('',(20.25,57.,29.));
#11336 = SURFACE_CURVE('',#11337,(#11342,#11353),.PCURVE_S1.);
#11337 = CIRCLE('',#11338,1.25);
#11338 = AXIS2_PLACEMENT_3D('',#11339,#11340,#11341);
#11339 = CARTESIAN_POINT('',(19.,57.,29.));
#11340 = DIRECTION('',(0.,0.,-1.));
#11341 = DIRECTION('',(1.,0.,0.));
#11342 = PCURVE('',#9413,#11343);
#11343 = DEFINITIONAL_REPRESENTATION('',(#11344),#11352);
#11344 = ( BOUNDED_CURVE() B_SPLINE_CURVE(2,(#11345,#11346,#11347,#11348
    ,#11349,#11350,#11351),.UNSPECIFIED.,.T.,.F.) 
B_SPLINE_CURVE_WITH_KNOTS((1,2,2,2,2,1),(-2.094395102393,0.,
    2.094395102393,4.188790204786,6.28318530718,8.377580409573),
.UNSPECIFIED.) CURVE() GEOMETRIC_REPRESENTATION_ITEM() 
RATIONAL_B_SPLINE_CURVE((1.,0.5,1.,0.5,1.,0.5,1.)) REPRESENTATION_ITEM(
  '') );
#11345 = CARTESIAN_POINT('',(5.25,2.));
#11346 = CARTESIAN_POINT('',(5.25,-0.165063509461));
#11347 = CARTESIAN_POINT('',(3.375,0.917468245269));
#11348 = CARTESIAN_POINT('',(1.5,2.));
#11349 = CARTESIAN_POINT('',(3.375,3.082531754731));
#11350 = CARTESIAN_POINT('',(5.25,4.165063509461));
#11351 = CARTESIAN_POINT('',(5.25,2.));
#11352 = ( GEOMETRIC_REPRESENTATION_CONTEXT(2) 
PARAMETRIC_REPRESENTATION_CONTEXT() REPRESENTATION_CONTEXT('2D SPACE',''
  ) );
#11353 = PCURVE('',#11354,#11359);
#11354 = CYLINDRICAL_SURFACE('',#11355,1.25);
#11355 = AXIS2_PLACEMENT_3D('',#11356,#11357,#11358);
#11356 = CARTESIAN_POINT('',(19.,57.,26.));
#11357 = DIRECTION('',(-0.,-0.,-1.));
#11358 = DIRECTION('',(1.,0.,0.));
#11359 = DEFINITIONAL_REPRESENTATION('',(#11360),#11364);
#11360 = LINE('',#11361,#11362);
#11361 = CARTESIAN_POINT('',(-6.28318530718,-3.));
#11362 = VECTOR('',#11363,1.);
#11363 = DIRECTION('',(1.,-0.));
#11364 = ( GEOMETRIC_REPRESENTATION_CONTEXT(2) 
PARAMETRIC_REPRESENTATION_CONTEXT() REPRESENTATION_CONTEXT('2D SPACE',''
  ) );
#11365 = ADVANCED_FACE('',(#11366),#9825,.F.);
#11366 = FACE_BOUND('',#11367,.F.);
#11367 = EDGE_LOOP('',(#11368));
#11368 = ORIENTED_EDGE('',*,*,#9810,.T.);
#11369 = ADVANCED_FACE('',(#11370),#10038,.F.);
#11370 = FACE_BOUND('',#11371,.F.);
#11371 = EDGE_LOOP('',(#11372,#11373,#11374,#11375));
#11372 = ORIENTED_EDGE('',*,*,#11232,.F.);
#11373 = ORIENTED_EDGE('',*,*,#11281,.T.);
#11374 = ORIENTED_EDGE('',*,*,#11308,.T.);
#11375 = ORIENTED_EDGE('',*,*,#10022,.F.);
#11376 = ADVANCED_FACE('',(#11377),#10138,.F.);
#11377 = FACE_BOUND('',#11378,.F.);
#11378 = EDGE_LOOP('',(#11379,#11380,#11381,#11382));
#11379 = ORIENTED_EDGE('',*,*,#11146,.F.);
#11380 = ORIENTED_EDGE('',*,*,#10122,.T.);
#11381 = ORIENTED_EDGE('',*,*,#11005,.T.);
#11382 = ORIENTED_EDGE('',*,*,#11097,.F.);
#11383 = ADVANCED_FACE('',(#11384),#10280,.T.);
#11384 = FACE_BOUND('',#11385,.T.);
#11385 = EDGE_LOOP('',(#11386));
#11386 = ORIENTED_EDGE('',*,*,#10263,.T.);
#11387 = ADVANCED_FACE('',(#11388),#10335,.T.);
#11388 = FACE_BOUND('',#11389,.T.);
#11389 = EDGE_LOOP('',(#11390));
#11390 = ORIENTED_EDGE('',*,*,#10318,.T.);
#11391 = ADVANCED_FACE('',(#11392),#10390,.T.);
#11392 = FACE_BOUND('',#11393,.T.);
#11393 = EDGE_LOOP('',(#11394));
#11394 = ORIENTED_EDGE('',*,*,#10373,.T.);
#11395 = ADVANCED_FACE('',(#11396),#10949,.T.);
#11396 = FACE_BOUND('',#11397,.T.);
#11397 = EDGE_LOOP('',(#11398));
#11398 = ORIENTED_EDGE('',*,*,#10932,.T.);
#11399 = ADVANCED_FACE('',(#11400),#11074,.F.);
#11400 = FACE_BOUND('',#11401,.T.);
#11401 = EDGE_LOOP('',(#11402,#11431,#11452,#11453));
#11402 = ORIENTED_EDGE('',*,*,#11403,.F.);
#11403 = EDGE_CURVE('',#11404,#11404,#11406,.T.);
#11404 = VERTEX_POINT('',#11405);
#11405 = CARTESIAN_POINT('',(40.25,57.,26.));
#11406 = SURFACE_CURVE('',#11407,(#11412,#11419),.PCURVE_S1.);
#11407 = CIRCLE('',#11408,1.25);
#11408 = AXIS2_PLACEMENT_3D('',#11409,#11410,#11411);
#11409 = CARTESIAN_POINT('',(39.,57.,26.));
#11410 = DIRECTION('',(0.,0.,1.));
#11411 = DIRECTION('',(1.,0.,0.));
#11412 = PCURVE('',#11074,#11413);
#11413 = DEFINITIONAL_REPRESENTATION('',(#11414),#11418);
#11414 = LINE('',#11415,#11416);
#11415 = CARTESIAN_POINT('',(-0.,0.));
#11416 = VECTOR('',#11417,1.);
#11417 = DIRECTION('',(-1.,0.));
#11418 = ( GEOMETRIC_REPRESENTATION_CONTEXT(2) 
PARAMETRIC_REPRESENTATION_CONTEXT() REPRESENTATION_CONTEXT('2D SPACE',''
  ) );
#11419 = PCURVE('',#11420,#11425);
#11420 = PLANE('',#11421);
#11421 = AXIS2_PLACEMENT_3D('',#11422,#11423,#11424);
#11422 = CARTESIAN_POINT('',(39.,57.,26.));
#11423 = DIRECTION('',(0.,0.,1.));
#11424 = DIRECTION('',(1.,0.,-0.));
#11425 = DEFINITIONAL_REPRESENTATION('',(#11426),#11430);
#11426 = CIRCLE('',#11427,1.25);
#11427 = AXIS2_PLACEMENT_2D('',#11428,#11429);
#11428 = CARTESIAN_POINT('',(0.,0.));
#11429 = DIRECTION('',(1.,0.));
#11430 = ( GEOMETRIC_REPRESENTATION_CONTEXT(2) 
PARAMETRIC_REPRESENTATION_CONTEXT() REPRESENTATION_CONTEXT('2D SPACE',''
  ) );
#11431 = ORIENTED_EDGE('',*,*,#11432,.T.);
#11432 = EDGE_CURVE('',#11404,#11054,#11433,.T.);
#11433 = SEAM_CURVE('',#11434,(#11438,#11445),.PCURVE_S1.);
#11434 = LINE('',#11435,#11436);
#11435 = CARTESIAN_POINT('',(40.25,57.,26.));
#11436 = VECTOR('',#11437,1.);
#11437 = DIRECTION('',(0.,0.,1.));
#11438 = PCURVE('',#11074,#11439);
#11439 = DEFINITIONAL_REPRESENTATION('',(#11440),#11444);
#11440 = LINE('',#11441,#11442);
#11441 = CARTESIAN_POINT('',(-6.28318530718,0.));
#11442 = VECTOR('',#11443,1.);
#11443 = DIRECTION('',(-0.,-1.));
#11444 = ( GEOMETRIC_REPRESENTATION_CONTEXT(2) 
PARAMETRIC_REPRESENTATION_CONTEXT() REPRESENTATION_CONTEXT('2D SPACE',''
  ) );
#11445 = PCURVE('',#11074,#11446);
#11446 = DEFINITIONAL_REPRESENTATION('',(#11447),#11451);
#11447 = LINE('',#11448,#11449);
#11448 = CARTESIAN_POINT('',(-0.,0.));
#11449 = VECTOR('',#11450,1.);
#11450 = DIRECTION('',(-0.,-1.));
#11451 = ( GEOMETRIC_REPRESENTATION_CONTEXT(2) 
PARAMETRIC_REPRESENTATION_CONTEXT() REPRESENTATION_CONTEXT('2D SPACE',''
  ) );
#11452 = ORIENTED_EDGE('',*,*,#11053,.F.);
#11453 = ORIENTED_EDGE('',*,*,#11432,.F.);
#11454 = ADVANCED_FACE('',(#11455),#11354,.F.);
#11455 = FACE_BOUND('',#11456,.T.);
#11456 = EDGE_LOOP('',(#11457,#11486,#11507,#11508));
#11457 = ORIENTED_EDGE('',*,*,#11458,.F.);
#11458 = EDGE_CURVE('',#11459,#11459,#11461,.T.);
#11459 = VERTEX_POINT('',#11460);
#11460 = CARTESIAN_POINT('',(20.25,57.,26.));
#11461 = SURFACE_CURVE('',#11462,(#11467,#11474),.PCURVE_S1.);
#11462 = CIRCLE('',#11463,1.25);
#11463 = AXIS2_PLACEMENT_3D('',#11464,#11465,#11466);
#11464 = CARTESIAN_POINT('',(19.,57.,26.));
#11465 = DIRECTION('',(0.,0.,1.));
#11466 = DIRECTION('',(1.,0.,0.));
#11467 = PCURVE('',#11354,#11468);
#11468 = DEFINITIONAL_REPRESENTATION('',(#11469),#11473);
#11469 = LINE('',#11470,#11471);
#11470 = CARTESIAN_POINT('',(-0.,0.));
#11471 = VECTOR('',#11472,1.);
#11472 = DIRECTION('',(-1.,0.));
#11473 = ( GEOMETRIC_REPRESENTATION_CONTEXT(2) 
PARAMETRIC_REPRESENTATION_CONTEXT() REPRESENTATION_CONTEXT('2D SPACE',''
  ) );
#11474 = PCURVE('',#11475,#11480);
#11475 = PLANE('',#11476);
#11476 = AXIS2_PLACEMENT_3D('',#11477,#11478,#11479);
#11477 = CARTESIAN_POINT('',(19.,57.,26.));
#11478 = DIRECTION('',(0.,0.,1.));
#11479 = DIRECTION('',(1.,0.,-0.));
#11480 = DEFINITIONAL_REPRESENTATION('',(#11481),#11485);
#11481 = CIRCLE('',#11482,1.25);
#11482 = AXIS2_PLACEMENT_2D('',#11483,#11484);
#11483 = CARTESIAN_POINT('',(0.,0.));
#11484 = DIRECTION('',(1.,0.));
#11485 = ( GEOMETRIC_REPRESENTATION_CONTEXT(2) 
PARAMETRIC_REPRESENTATION_CONTEXT() REPRESENTATION_CONTEXT('2D SPACE',''
  ) );
#11486 = ORIENTED_EDGE('',*,*,#11487,.T.);
#11487 = EDGE_CURVE('',#11459,#11334,#11488,.T.);
#11488 = SEAM_CURVE('',#11489,(#11493,#11500),.PCURVE_S1.);
#11489 = LINE('',#11490,#11491);
#11490 = CARTESIAN_POINT('',(20.25,57.,26.));
#11491 = VECTOR('',#11492,1.);
#11492 = DIRECTION('',(0.,0.,1.));
#11493 = PCURVE('',#11354,#11494);
#11494 = DEFINITIONAL_REPRESENTATION('',(#11495),#11499);
#11495 = LINE('',#11496,#11497);
#11496 = CARTESIAN_POINT('',(-6.28318530718,0.));
#11497 = VECTOR('',#11498,1.);
#11498 = DIRECTION('',(-0.,-1.));
#11499 = ( GEOMETRIC_REPRESENTATION_CONTEXT(2) 
PARAMETRIC_REPRESENTATION_CONTEXT() REPRESENTATION_CONTEXT('2D SPACE',''
  ) );
#11500 = PCURVE('',#11354,#11501);
#11501 = DEFINITIONAL_REPRESENTATION('',(#11502),#11506);
#11502 = LINE('',#11503,#11504);
#11503 = CARTESIAN_POINT('',(-0.,0.));
#11504 = VECTOR('',#11505,1.);
#11505 = DIRECTION('',(-0.,-1.));
#11506 = ( GEOMETRIC_REPRESENTATION_CONTEXT(2) 
PARAMETRIC_REPRESENTATION_CONTEXT() REPRESENTATION_CONTEXT('2D SPACE',''
  ) );
#11507 = ORIENTED_EDGE('',*,*,#11333,.F.);
#11508 = ORIENTED_EDGE('',*,*,#11487,.F.);
#11509 = ADVANCED_FACE('',(#11510),#11420,.T.);
#11510 = FACE_BOUND('',#11511,.T.);
#11511 = EDGE_LOOP('',(#11512));
#11512 = ORIENTED_EDGE('',*,*,#11403,.T.);
#11513 = ADVANCED_FACE('',(#11514),#11475,.T.);
#11514 = FACE_BOUND('',#11515,.T.);
#11515 = EDGE_LOOP('',(#11516));
#11516 = ORIENTED_EDGE('',*,*,#11458,.T.);
#11517 = ( GEOMETRIC_REPRESENTATION_CONTEXT(3) 
GLOBAL_UNCERTAINTY_ASSIGNED_CONTEXT((#11521)) 
GLOBAL_UNIT_ASSIGNED_CONTEXT((#11518,#11519,#11520)) 
REPRESENTATION_CONTEXT('Context #1',
  '3D Context with UNIT and UNCERTAINTY') );
#11518 = ( LENGTH_UNIT() NAMED_UNIT(*) SI_UNIT(.MILLI.,.METRE.) );
#11519 = ( NAMED_UNIT(*) PLANE_ANGLE_UNIT() SI_UNIT($,.RADIAN.) );
#11520 = ( NAMED_UNIT(*) SI_UNIT($,.STERADIAN.) SOLID_ANGLE_UNIT() );
#11521 = UNCERTAINTY_MEASURE_WITH_UNIT(LENGTH_MEASURE(1.E-07),#11518,
  'distance_accuracy_value','confusion accuracy');
#11522 = PRODUCT_RELATED_PRODUCT_CATEGORY('part',$,(#7));
ENDSEC;
END-ISO-10303-21;
