ISO-10303-21;
HEADER;
FILE_DESCRIPTION(('Open CASCADE Model'),'2;1');
FILE_NAME('Open CASCADE Shape Model','2026-09-16T13:36:53',('Author'),(
    'Open CASCADE'),'Open CASCADE STEP processor 7.9','Open CASCADE 7.9'
  ,'Unknown');
FILE_SCHEMA(('AUTOMOTIVE_DESIGN { 1 0 10303 214 1 1 1 1 }'));
ENDSEC;
DATA;
#1 = APPLICATION_PROTOCOL_DEFINITION('international standard',
  'automotive_design',2000,#2);
#2 = APPLICATION_CONTEXT(
  'core data for automotive mechanical design processes');
#3 = SHAPE_DEFINITION_REPRESENTATION(#4,#10);
#4 = PRODUCT_DEFINITION_SHAPE('','',#5);
#5 = PRODUCT_DEFINITION('design','',#6,#9);
#6 = PRODUCT_DEFINITION_FORMATION('','',#7);
#7 = PRODUCT('Open CASCADE STEP translator 7.9 2',
  'Open CASCADE STEP translator 7.9 2','',(#8));
#8 = PRODUCT_CONTEXT('',#2,'mechanical');
#9 = PRODUCT_DEFINITION_CONTEXT('part definition',#2,'design');
#10 = ADVANCED_BREP_SHAPE_REPRESENTATION('',(#11,#15),#5471);
#11 = AXIS2_PLACEMENT_3D('',#12,#13,#14);
#12 = CARTESIAN_POINT('',(0.,0.,0.));
#13 = DIRECTION('',(0.,0.,1.));
#14 = DIRECTION('',(1.,0.,-0.));
#15 = MANIFOLD_SOLID_BREP('',#16);
#16 = CLOSED_SHELL('',(#17,#134,#1039,#1064,#2553,#2600,#2627,#2654,
    #2661,#2708,#2735,#2762,#2769,#2816,#2843,#2870,#2877,#2932,#2979,
    #3006,#3033,#3040,#3087,#3114,#3141,#3148,#3195,#3222,#3249,#3256,
    #3303,#3330,#3357,#3364,#3419,#3474,#3529,#3584,#3638,#3715,#3767,
    #3819,#3851,#3906,#3960,#4037,#4089,#4141,#4173,#4227,#4282,#4359,
    #4404,#4456,#4488,#4565,#4617,#4669,#4701,#4756,#4810,#4887,#4939,
    #4984,#5016,#5023,#5030,#5037,#5044,#5083,#5090,#5129,#5136,#5175,
    #5182,#5189,#5228,#5235,#5290,#5345,#5400,#5455,#5459,#5463,#5467));
#17 = ADVANCED_FACE('',(#18),#33,.T.);
#18 = FACE_BOUND('',#19,.F.);
#19 = EDGE_LOOP('',(#20,#56,#82,#115));
#20 = ORIENTED_EDGE('',*,*,#21,.F.);
#21 = EDGE_CURVE('',#22,#24,#26,.T.);
#22 = VERTEX_POINT('',#23);
#23 = CARTESIAN_POINT('',(-38.24513040898,63.,0.));
#24 = VERTEX_POINT('',#25);
#25 = CARTESIAN_POINT('',(38.245130408981,63.,0.));
#26 = SURFACE_CURVE('',#27,(#32,#44),.PCURVE_S1.);
#27 = CIRCLE('',#28,73.7);
#28 = AXIS2_PLACEMENT_3D('',#29,#30,#31);
#29 = CARTESIAN_POINT('',(0.,0.,0.));
#30 = DIRECTION('',(0.,0.,1.));
#31 = DIRECTION('',(-0.518929856296,0.854816824966,0.));
#32 = PCURVE('',#33,#38);
#33 = CYLINDRICAL_SURFACE('',#34,73.7);
#34 = AXIS2_PLACEMENT_3D('',#35,#36,#37);
#35 = CARTESIAN_POINT('',(0.,0.,0.));
#36 = DIRECTION('',(-0.,-0.,-1.));
#37 = DIRECTION('',(1.,0.,0.));
#38 = DEFINITIONAL_REPRESENTATION('',(#39),#43);
#39 = LINE('',#40,#41);
#40 = CARTESIAN_POINT('',(-2.11639490282,0.));
#41 = VECTOR('',#42,1.);
#42 = DIRECTION('',(-1.,0.));
#43 = ( GEOMETRIC_REPRESENTATION_CONTEXT(2) 
PARAMETRIC_REPRESENTATION_CONTEXT() REPRESENTATION_CONTEXT('2D SPACE',''
  ) );
#44 = PCURVE('',#45,#50);
#45 = PLANE('',#46);
#46 = AXIS2_PLACEMENT_3D('',#47,#48,#49);
#47 = CARTESIAN_POINT('',(-4.749859890503E-15,4.11624086585E-15,0.));
#48 = DIRECTION('',(0.,0.,1.));
#49 = DIRECTION('',(1.,0.,-0.));
#50 = DEFINITIONAL_REPRESENTATION('',(#51),#55);
#51 = CIRCLE('',#52,73.7);
#52 = AXIS2_PLACEMENT_2D('',#53,#54);
#53 = CARTESIAN_POINT('',(4.749859890503E-15,-4.11624086585E-15));
#54 = DIRECTION('',(-0.518929856296,0.854816824966));
#55 = ( GEOMETRIC_REPRESENTATION_CONTEXT(2) 
PARAMETRIC_REPRESENTATION_CONTEXT() REPRESENTATION_CONTEXT('2D SPACE',''
  ) );
#56 = ORIENTED_EDGE('',*,*,#57,.F.);
#57 = EDGE_CURVE('',#58,#22,#60,.T.);
#58 = VERTEX_POINT('',#59);
#59 = CARTESIAN_POINT('',(-38.24513040898,63.,3.));
#60 = SURFACE_CURVE('',#61,(#65,#71),.PCURVE_S1.);
#61 = LINE('',#62,#63);
#62 = CARTESIAN_POINT('',(-38.24513040898,63.,0.));
#63 = VECTOR('',#64,1.);
#64 = DIRECTION('',(-0.,-0.,-1.));
#65 = PCURVE('',#33,#66);
#66 = DEFINITIONAL_REPRESENTATION('',(#67),#70);
#67 = B_SPLINE_CURVE_WITH_KNOTS('',1,(#68,#69),.UNSPECIFIED.,.F.,.F.,(2,
    2),(-3.,-0.),.PIECEWISE_BEZIER_KNOTS.);
#68 = CARTESIAN_POINT('',(-2.11639490282,-3.));
#69 = CARTESIAN_POINT('',(-2.11639490282,0.));
#70 = ( GEOMETRIC_REPRESENTATION_CONTEXT(2) 
PARAMETRIC_REPRESENTATION_CONTEXT() REPRESENTATION_CONTEXT('2D SPACE',''
  ) );
#71 = PCURVE('',#72,#77);
#72 = PLANE('',#73);
#73 = AXIS2_PLACEMENT_3D('',#74,#75,#76);
#74 = CARTESIAN_POINT('',(-85.,63.,-1.5));
#75 = DIRECTION('',(0.,1.,0.));
#76 = DIRECTION('',(0.,0.,1.));
#77 = DEFINITIONAL_REPRESENTATION('',(#78),#81);
#78 = B_SPLINE_CURVE_WITH_KNOTS('',1,(#79,#80),.UNSPECIFIED.,.F.,.F.,(2,
    2),(-3.0000006,6.E-07),.PIECEWISE_BEZIER_KNOTS.);
#79 = CARTESIAN_POINT('',(4.5000006,46.754869591019));
#80 = CARTESIAN_POINT('',(1.4999994,46.754869591019));
#81 = ( GEOMETRIC_REPRESENTATION_CONTEXT(2) 
PARAMETRIC_REPRESENTATION_CONTEXT() REPRESENTATION_CONTEXT('2D SPACE',''
  ) );
#82 = ORIENTED_EDGE('',*,*,#83,.F.);
#83 = EDGE_CURVE('',#84,#58,#86,.T.);
#84 = VERTEX_POINT('',#85);
#85 = CARTESIAN_POINT('',(38.245130408981,63.,3.));
#86 = SURFACE_CURVE('',#87,(#92,#99),.PCURVE_S1.);
#87 = CIRCLE('',#88,73.7);
#88 = AXIS2_PLACEMENT_3D('',#89,#90,#91);
#89 = CARTESIAN_POINT('',(0.,0.,3.));
#90 = DIRECTION('',(0.,0.,-1.));
#91 = DIRECTION('',(0.518929856296,0.854816824966,0.));
#92 = PCURVE('',#33,#93);
#93 = DEFINITIONAL_REPRESENTATION('',(#94),#98);
#94 = LINE('',#95,#96);
#95 = CARTESIAN_POINT('',(-7.30838305795,-3.));
#96 = VECTOR('',#97,1.);
#97 = DIRECTION('',(1.,-0.));
#98 = ( GEOMETRIC_REPRESENTATION_CONTEXT(2) 
PARAMETRIC_REPRESENTATION_CONTEXT() REPRESENTATION_CONTEXT('2D SPACE',''
  ) );
#99 = PCURVE('',#100,#105);
#100 = PLANE('',#101);
#101 = AXIS2_PLACEMENT_3D('',#102,#103,#104);
#102 = CARTESIAN_POINT('',(-4.749859890503E-15,4.11624086585E-15,3.));
#103 = DIRECTION('',(0.,0.,1.));
#104 = DIRECTION('',(1.,0.,-0.));
#105 = DEFINITIONAL_REPRESENTATION('',(#106),#114);
#106 = ( BOUNDED_CURVE() B_SPLINE_CURVE(2,(#107,#108,#109,#110,#111,#112
,#113),.UNSPECIFIED.,.T.,.F.) B_SPLINE_CURVE_WITH_KNOTS((1,2,2,2,2,1),(
    -2.094395102393,0.,2.094395102393,4.188790204786,6.28318530718,
8.377580409573),.UNSPECIFIED.) CURVE() GEOMETRIC_REPRESENTATION_ITEM() 
RATIONAL_B_SPLINE_CURVE((1.,0.5,1.,0.5,1.,0.5,1.)) REPRESENTATION_ITEM(
  '') );
#107 = CARTESIAN_POINT('',(38.245130408981,63.));
#108 = CARTESIAN_POINT('',(147.36433128582,-3.242509010453));
#109 = CARTESIAN_POINT('',(35.437035233929,-64.62125450522));
#110 = CARTESIAN_POINT('',(-76.49026081796,-126.));
#111 = CARTESIAN_POINT('',(-73.68216564291,1.621254505227));
#112 = CARTESIAN_POINT('',(-70.87407046785,129.24250901045));
#113 = CARTESIAN_POINT('',(38.245130408981,63.));
#114 = ( GEOMETRIC_REPRESENTATION_CONTEXT(2) 
PARAMETRIC_REPRESENTATION_CONTEXT() REPRESENTATION_CONTEXT('2D SPACE',''
  ) );
#115 = ORIENTED_EDGE('',*,*,#116,.T.);
#116 = EDGE_CURVE('',#84,#24,#117,.T.);
#117 = SURFACE_CURVE('',#118,(#122,#128),.PCURVE_S1.);
#118 = LINE('',#119,#120);
#119 = CARTESIAN_POINT('',(38.245130408981,63.,0.));
#120 = VECTOR('',#121,1.);
#121 = DIRECTION('',(-0.,-0.,-1.));
#122 = PCURVE('',#33,#123);
#123 = DEFINITIONAL_REPRESENTATION('',(#124),#127);
#124 = B_SPLINE_CURVE_WITH_KNOTS('',1,(#125,#126),.UNSPECIFIED.,.F.,.F.,
  (2,2),(-3.,0.),.PIECEWISE_BEZIER_KNOTS.);
#125 = CARTESIAN_POINT('',(-7.30838305795,-3.));
#126 = CARTESIAN_POINT('',(-7.30838305795,0.));
#127 = ( GEOMETRIC_REPRESENTATION_CONTEXT(2) 
PARAMETRIC_REPRESENTATION_CONTEXT() REPRESENTATION_CONTEXT('2D SPACE',''
  ) );
#128 = PCURVE('',#72,#129);
#129 = DEFINITIONAL_REPRESENTATION('',(#130),#133);
#130 = B_SPLINE_CURVE_WITH_KNOTS('',1,(#131,#132),.UNSPECIFIED.,.F.,.F.,
  (2,2),(-3.0000006,6.E-07),.PIECEWISE_BEZIER_KNOTS.);
#131 = CARTESIAN_POINT('',(4.5000006,123.24513040898));
#132 = CARTESIAN_POINT('',(1.4999994,123.24513040898));
#133 = ( GEOMETRIC_REPRESENTATION_CONTEXT(2) 
PARAMETRIC_REPRESENTATION_CONTEXT() REPRESENTATION_CONTEXT('2D SPACE',''
  ) );
#134 = ADVANCED_FACE('',(#135,#157,#263,#369,#475,#510,#616,#722,#828,
    #934,#969,#1004),#45,.F.);
#135 = FACE_BOUND('',#136,.F.);
#136 = EDGE_LOOP('',(#137,#138));
#137 = ORIENTED_EDGE('',*,*,#21,.T.);
#138 = ORIENTED_EDGE('',*,*,#139,.T.);
#139 = EDGE_CURVE('',#24,#22,#140,.T.);
#140 = SURFACE_CURVE('',#141,(#145,#151),.PCURVE_S1.);
#141 = LINE('',#142,#143);
#142 = CARTESIAN_POINT('',(-42.5,63.,0.));
#143 = VECTOR('',#144,1.);
#144 = DIRECTION('',(-1.,0.,0.));
#145 = PCURVE('',#45,#146);
#146 = DEFINITIONAL_REPRESENTATION('',(#147),#150);
#147 = B_SPLINE_CURVE_WITH_KNOTS('',1,(#148,#149),.UNSPECIFIED.,.F.,.F.,
  (2,2),(-116.2,31.2),.PIECEWISE_BEZIER_KNOTS.);
#148 = CARTESIAN_POINT('',(73.7,63.));
#149 = CARTESIAN_POINT('',(-73.7,63.));
#150 = ( GEOMETRIC_REPRESENTATION_CONTEXT(2) 
PARAMETRIC_REPRESENTATION_CONTEXT() REPRESENTATION_CONTEXT('2D SPACE',''
  ) );
#151 = PCURVE('',#72,#152);
#152 = DEFINITIONAL_REPRESENTATION('',(#153),#156);
#153 = B_SPLINE_CURVE_WITH_KNOTS('',1,(#154,#155),.UNSPECIFIED.,.F.,.F.,
  (2,2),(-116.2,31.2),.PIECEWISE_BEZIER_KNOTS.);
#154 = CARTESIAN_POINT('',(1.5,158.7));
#155 = CARTESIAN_POINT('',(1.5,11.3));
#156 = ( GEOMETRIC_REPRESENTATION_CONTEXT(2) 
PARAMETRIC_REPRESENTATION_CONTEXT() REPRESENTATION_CONTEXT('2D SPACE',''
  ) );
#157 = FACE_BOUND('',#158,.F.);
#158 = EDGE_LOOP('',(#159,#187,#213,#239));
#159 = ORIENTED_EDGE('',*,*,#160,.T.);
#160 = EDGE_CURVE('',#161,#163,#165,.T.);
#161 = VERTEX_POINT('',#162);
#162 = CARTESIAN_POINT('',(-17.,-61.,0.));
#163 = VERTEX_POINT('',#164);
#164 = CARTESIAN_POINT('',(-19.,-61.,0.));
#165 = SURFACE_CURVE('',#166,(#170,#176),.PCURVE_S1.);
#166 = LINE('',#167,#168);
#167 = CARTESIAN_POINT('',(-9.5,-61.,0.));
#168 = VECTOR('',#169,1.);
#169 = DIRECTION('',(-1.,0.,0.));
#170 = PCURVE('',#45,#171);
#171 = DEFINITIONAL_REPRESENTATION('',(#172),#175);
#172 = B_SPLINE_CURVE_WITH_KNOTS('',1,(#173,#174),.UNSPECIFIED.,.F.,.F.,
  (2,2),(7.5,9.5),.PIECEWISE_BEZIER_KNOTS.);
#173 = CARTESIAN_POINT('',(-17.,-61.));
#174 = CARTESIAN_POINT('',(-19.,-61.));
#175 = ( GEOMETRIC_REPRESENTATION_CONTEXT(2) 
PARAMETRIC_REPRESENTATION_CONTEXT() REPRESENTATION_CONTEXT('2D SPACE',''
  ) );
#176 = PCURVE('',#177,#182);
#177 = PLANE('',#178);
#178 = AXIS2_PLACEMENT_3D('',#179,#180,#181);
#179 = CARTESIAN_POINT('',(-19.,-61.,-1.));
#180 = DIRECTION('',(0.,1.,0.));
#181 = DIRECTION('',(0.,0.,1.));
#182 = DEFINITIONAL_REPRESENTATION('',(#183),#186);
#183 = B_SPLINE_CURVE_WITH_KNOTS('',1,(#184,#185),.UNSPECIFIED.,.F.,.F.,
  (2,2),(7.5,9.5),.PIECEWISE_BEZIER_KNOTS.);
#184 = CARTESIAN_POINT('',(1.,2.));
#185 = CARTESIAN_POINT('',(1.,0.));
#186 = ( GEOMETRIC_REPRESENTATION_CONTEXT(2) 
PARAMETRIC_REPRESENTATION_CONTEXT() REPRESENTATION_CONTEXT('2D SPACE',''
  ) );
#187 = ORIENTED_EDGE('',*,*,#188,.T.);
#188 = EDGE_CURVE('',#163,#189,#191,.T.);
#189 = VERTEX_POINT('',#190);
#190 = CARTESIAN_POINT('',(-19.,-41.,0.));
#191 = SURFACE_CURVE('',#192,(#196,#202),.PCURVE_S1.);
#192 = LINE('',#193,#194);
#193 = CARTESIAN_POINT('',(-19.,-30.5,0.));
#194 = VECTOR('',#195,1.);
#195 = DIRECTION('',(0.,1.,0.));
#196 = PCURVE('',#45,#197);
#197 = DEFINITIONAL_REPRESENTATION('',(#198),#201);
#198 = B_SPLINE_CURVE_WITH_KNOTS('',1,(#199,#200),.UNSPECIFIED.,.F.,.F.,
  (2,2),(-30.5,-10.5),.PIECEWISE_BEZIER_KNOTS.);
#199 = CARTESIAN_POINT('',(-19.,-61.));
#200 = CARTESIAN_POINT('',(-19.,-41.));
#201 = ( GEOMETRIC_REPRESENTATION_CONTEXT(2) 
PARAMETRIC_REPRESENTATION_CONTEXT() REPRESENTATION_CONTEXT('2D SPACE',''
  ) );
#202 = PCURVE('',#203,#208);
#203 = PLANE('',#204);
#204 = AXIS2_PLACEMENT_3D('',#205,#206,#207);
#205 = CARTESIAN_POINT('',(-19.,-61.,-1.));
#206 = DIRECTION('',(1.,0.,0.));
#207 = DIRECTION('',(0.,0.,1.));
#208 = DEFINITIONAL_REPRESENTATION('',(#209),#212);
#209 = B_SPLINE_CURVE_WITH_KNOTS('',1,(#210,#211),.UNSPECIFIED.,.F.,.F.,
  (2,2),(-30.5,-10.5),.PIECEWISE_BEZIER_KNOTS.);
#210 = CARTESIAN_POINT('',(1.,0.));
#211 = CARTESIAN_POINT('',(1.,-20.));
#212 = ( GEOMETRIC_REPRESENTATION_CONTEXT(2) 
PARAMETRIC_REPRESENTATION_CONTEXT() REPRESENTATION_CONTEXT('2D SPACE',''
  ) );
#213 = ORIENTED_EDGE('',*,*,#214,.F.);
#214 = EDGE_CURVE('',#215,#189,#217,.T.);
#215 = VERTEX_POINT('',#216);
#216 = CARTESIAN_POINT('',(-17.,-41.,0.));
#217 = SURFACE_CURVE('',#218,(#222,#228),.PCURVE_S1.);
#218 = LINE('',#219,#220);
#219 = CARTESIAN_POINT('',(-9.5,-41.,0.));
#220 = VECTOR('',#221,1.);
#221 = DIRECTION('',(-1.,0.,0.));
#222 = PCURVE('',#45,#223);
#223 = DEFINITIONAL_REPRESENTATION('',(#224),#227);
#224 = B_SPLINE_CURVE_WITH_KNOTS('',1,(#225,#226),.UNSPECIFIED.,.F.,.F.,
  (2,2),(7.5,9.5),.PIECEWISE_BEZIER_KNOTS.);
#225 = CARTESIAN_POINT('',(-17.,-41.));
#226 = CARTESIAN_POINT('',(-19.,-41.));
#227 = ( GEOMETRIC_REPRESENTATION_CONTEXT(2) 
PARAMETRIC_REPRESENTATION_CONTEXT() REPRESENTATION_CONTEXT('2D SPACE',''
  ) );
#228 = PCURVE('',#229,#234);
#229 = PLANE('',#230);
#230 = AXIS2_PLACEMENT_3D('',#231,#232,#233);
#231 = CARTESIAN_POINT('',(-19.,-41.,-1.));
#232 = DIRECTION('',(0.,1.,0.));
#233 = DIRECTION('',(0.,0.,1.));
#234 = DEFINITIONAL_REPRESENTATION('',(#235),#238);
#235 = B_SPLINE_CURVE_WITH_KNOTS('',1,(#236,#237),.UNSPECIFIED.,.F.,.F.,
  (2,2),(7.5,9.5),.PIECEWISE_BEZIER_KNOTS.);
#236 = CARTESIAN_POINT('',(1.,2.));
#237 = CARTESIAN_POINT('',(1.,0.));
#238 = ( GEOMETRIC_REPRESENTATION_CONTEXT(2) 
PARAMETRIC_REPRESENTATION_CONTEXT() REPRESENTATION_CONTEXT('2D SPACE',''
  ) );
#239 = ORIENTED_EDGE('',*,*,#240,.F.);
#240 = EDGE_CURVE('',#161,#215,#241,.T.);
#241 = SURFACE_CURVE('',#242,(#246,#252),.PCURVE_S1.);
#242 = LINE('',#243,#244);
#243 = CARTESIAN_POINT('',(-17.,-30.5,0.));
#244 = VECTOR('',#245,1.);
#245 = DIRECTION('',(0.,1.,0.));
#246 = PCURVE('',#45,#247);
#247 = DEFINITIONAL_REPRESENTATION('',(#248),#251);
#248 = B_SPLINE_CURVE_WITH_KNOTS('',1,(#249,#250),.UNSPECIFIED.,.F.,.F.,
  (2,2),(-30.5,-10.5),.PIECEWISE_BEZIER_KNOTS.);
#249 = CARTESIAN_POINT('',(-17.,-61.));
#250 = CARTESIAN_POINT('',(-17.,-41.));
#251 = ( GEOMETRIC_REPRESENTATION_CONTEXT(2) 
PARAMETRIC_REPRESENTATION_CONTEXT() REPRESENTATION_CONTEXT('2D SPACE',''
  ) );
#252 = PCURVE('',#253,#258);
#253 = PLANE('',#254);
#254 = AXIS2_PLACEMENT_3D('',#255,#256,#257);
#255 = CARTESIAN_POINT('',(-17.,-61.,-1.));
#256 = DIRECTION('',(1.,0.,0.));
#257 = DIRECTION('',(0.,0.,1.));
#258 = DEFINITIONAL_REPRESENTATION('',(#259),#262);
#259 = B_SPLINE_CURVE_WITH_KNOTS('',1,(#260,#261),.UNSPECIFIED.,.F.,.F.,
  (2,2),(-30.5,-10.5),.PIECEWISE_BEZIER_KNOTS.);
#260 = CARTESIAN_POINT('',(1.,0.));
#261 = CARTESIAN_POINT('',(1.,-20.));
#262 = ( GEOMETRIC_REPRESENTATION_CONTEXT(2) 
PARAMETRIC_REPRESENTATION_CONTEXT() REPRESENTATION_CONTEXT('2D SPACE',''
  ) );
#263 = FACE_BOUND('',#264,.F.);
#264 = EDGE_LOOP('',(#265,#293,#319,#345));
#265 = ORIENTED_EDGE('',*,*,#266,.T.);
#266 = EDGE_CURVE('',#267,#269,#271,.T.);
#267 = VERTEX_POINT('',#268);
#268 = CARTESIAN_POINT('',(-11.,-61.,0.));
#269 = VERTEX_POINT('',#270);
#270 = CARTESIAN_POINT('',(-13.,-61.,0.));
#271 = SURFACE_CURVE('',#272,(#276,#282),.PCURVE_S1.);
#272 = LINE('',#273,#274);
#273 = CARTESIAN_POINT('',(-6.5,-61.,0.));
#274 = VECTOR('',#275,1.);
#275 = DIRECTION('',(-1.,0.,0.));
#276 = PCURVE('',#45,#277);
#277 = DEFINITIONAL_REPRESENTATION('',(#278),#281);
#278 = B_SPLINE_CURVE_WITH_KNOTS('',1,(#279,#280),.UNSPECIFIED.,.F.,.F.,
  (2,2),(4.5,6.5),.PIECEWISE_BEZIER_KNOTS.);
#279 = CARTESIAN_POINT('',(-11.,-61.));
#280 = CARTESIAN_POINT('',(-13.,-61.));
#281 = ( GEOMETRIC_REPRESENTATION_CONTEXT(2) 
PARAMETRIC_REPRESENTATION_CONTEXT() REPRESENTATION_CONTEXT('2D SPACE',''
  ) );
#282 = PCURVE('',#283,#288);
#283 = PLANE('',#284);
#284 = AXIS2_PLACEMENT_3D('',#285,#286,#287);
#285 = CARTESIAN_POINT('',(-13.,-61.,-1.));
#286 = DIRECTION('',(0.,1.,0.));
#287 = DIRECTION('',(0.,0.,1.));
#288 = DEFINITIONAL_REPRESENTATION('',(#289),#292);
#289 = B_SPLINE_CURVE_WITH_KNOTS('',1,(#290,#291),.UNSPECIFIED.,.F.,.F.,
  (2,2),(4.5,6.5),.PIECEWISE_BEZIER_KNOTS.);
#290 = CARTESIAN_POINT('',(1.,2.));
#291 = CARTESIAN_POINT('',(1.,0.));
#292 = ( GEOMETRIC_REPRESENTATION_CONTEXT(2) 
PARAMETRIC_REPRESENTATION_CONTEXT() REPRESENTATION_CONTEXT('2D SPACE',''
  ) );
#293 = ORIENTED_EDGE('',*,*,#294,.T.);
#294 = EDGE_CURVE('',#269,#295,#297,.T.);
#295 = VERTEX_POINT('',#296);
#296 = CARTESIAN_POINT('',(-13.,-41.,0.));
#297 = SURFACE_CURVE('',#298,(#302,#308),.PCURVE_S1.);
#298 = LINE('',#299,#300);
#299 = CARTESIAN_POINT('',(-13.,-30.5,0.));
#300 = VECTOR('',#301,1.);
#301 = DIRECTION('',(0.,1.,0.));
#302 = PCURVE('',#45,#303);
#303 = DEFINITIONAL_REPRESENTATION('',(#304),#307);
#304 = B_SPLINE_CURVE_WITH_KNOTS('',1,(#305,#306),.UNSPECIFIED.,.F.,.F.,
  (2,2),(-30.5,-10.5),.PIECEWISE_BEZIER_KNOTS.);
#305 = CARTESIAN_POINT('',(-13.,-61.));
#306 = CARTESIAN_POINT('',(-13.,-41.));
#307 = ( GEOMETRIC_REPRESENTATION_CONTEXT(2) 
PARAMETRIC_REPRESENTATION_CONTEXT() REPRESENTATION_CONTEXT('2D SPACE',''
  ) );
#308 = PCURVE('',#309,#314);
#309 = PLANE('',#310);
#310 = AXIS2_PLACEMENT_3D('',#311,#312,#313);
#311 = CARTESIAN_POINT('',(-13.,-61.,-1.));
#312 = DIRECTION('',(1.,0.,0.));
#313 = DIRECTION('',(0.,0.,1.));
#314 = DEFINITIONAL_REPRESENTATION('',(#315),#318);
#315 = B_SPLINE_CURVE_WITH_KNOTS('',1,(#316,#317),.UNSPECIFIED.,.F.,.F.,
  (2,2),(-30.5,-10.5),.PIECEWISE_BEZIER_KNOTS.);
#316 = CARTESIAN_POINT('',(1.,0.));
#317 = CARTESIAN_POINT('',(1.,-20.));
#318 = ( GEOMETRIC_REPRESENTATION_CONTEXT(2) 
PARAMETRIC_REPRESENTATION_CONTEXT() REPRESENTATION_CONTEXT('2D SPACE',''
  ) );
#319 = ORIENTED_EDGE('',*,*,#320,.F.);
#320 = EDGE_CURVE('',#321,#295,#323,.T.);
#321 = VERTEX_POINT('',#322);
#322 = CARTESIAN_POINT('',(-11.,-41.,0.));
#323 = SURFACE_CURVE('',#324,(#328,#334),.PCURVE_S1.);
#324 = LINE('',#325,#326);
#325 = CARTESIAN_POINT('',(-6.5,-41.,0.));
#326 = VECTOR('',#327,1.);
#327 = DIRECTION('',(-1.,0.,0.));
#328 = PCURVE('',#45,#329);
#329 = DEFINITIONAL_REPRESENTATION('',(#330),#333);
#330 = B_SPLINE_CURVE_WITH_KNOTS('',1,(#331,#332),.UNSPECIFIED.,.F.,.F.,
  (2,2),(4.5,6.5),.PIECEWISE_BEZIER_KNOTS.);
#331 = CARTESIAN_POINT('',(-11.,-41.));
#332 = CARTESIAN_POINT('',(-13.,-41.));
#333 = ( GEOMETRIC_REPRESENTATION_CONTEXT(2) 
PARAMETRIC_REPRESENTATION_CONTEXT() REPRESENTATION_CONTEXT('2D SPACE',''
  ) );
#334 = PCURVE('',#335,#340);
#335 = PLANE('',#336);
#336 = AXIS2_PLACEMENT_3D('',#337,#338,#339);
#337 = CARTESIAN_POINT('',(-13.,-41.,-1.));
#338 = DIRECTION('',(0.,1.,0.));
#339 = DIRECTION('',(0.,0.,1.));
#340 = DEFINITIONAL_REPRESENTATION('',(#341),#344);
#341 = B_SPLINE_CURVE_WITH_KNOTS('',1,(#342,#343),.UNSPECIFIED.,.F.,.F.,
  (2,2),(4.5,6.5),.PIECEWISE_BEZIER_KNOTS.);
#342 = CARTESIAN_POINT('',(1.,2.));
#343 = CARTESIAN_POINT('',(1.,0.));
#344 = ( GEOMETRIC_REPRESENTATION_CONTEXT(2) 
PARAMETRIC_REPRESENTATION_CONTEXT() REPRESENTATION_CONTEXT('2D SPACE',''
  ) );
#345 = ORIENTED_EDGE('',*,*,#346,.F.);
#346 = EDGE_CURVE('',#267,#321,#347,.T.);
#347 = SURFACE_CURVE('',#348,(#352,#358),.PCURVE_S1.);
#348 = LINE('',#349,#350);
#349 = CARTESIAN_POINT('',(-11.,-30.5,0.));
#350 = VECTOR('',#351,1.);
#351 = DIRECTION('',(0.,1.,0.));
#352 = PCURVE('',#45,#353);
#353 = DEFINITIONAL_REPRESENTATION('',(#354),#357);
#354 = B_SPLINE_CURVE_WITH_KNOTS('',1,(#355,#356),.UNSPECIFIED.,.F.,.F.,
  (2,2),(-30.5,-10.5),.PIECEWISE_BEZIER_KNOTS.);
#355 = CARTESIAN_POINT('',(-11.,-61.));
#356 = CARTESIAN_POINT('',(-11.,-41.));
#357 = ( GEOMETRIC_REPRESENTATION_CONTEXT(2) 
PARAMETRIC_REPRESENTATION_CONTEXT() REPRESENTATION_CONTEXT('2D SPACE',''
  ) );
#358 = PCURVE('',#359,#364);
#359 = PLANE('',#360);
#360 = AXIS2_PLACEMENT_3D('',#361,#362,#363);
#361 = CARTESIAN_POINT('',(-11.,-61.,-1.));
#362 = DIRECTION('',(1.,0.,0.));
#363 = DIRECTION('',(0.,0.,1.));
#364 = DEFINITIONAL_REPRESENTATION('',(#365),#368);
#365 = B_SPLINE_CURVE_WITH_KNOTS('',1,(#366,#367),.UNSPECIFIED.,.F.,.F.,
  (2,2),(-30.5,-10.5),.PIECEWISE_BEZIER_KNOTS.);
#366 = CARTESIAN_POINT('',(1.,0.));
#367 = CARTESIAN_POINT('',(1.,-20.));
#368 = ( GEOMETRIC_REPRESENTATION_CONTEXT(2) 
PARAMETRIC_REPRESENTATION_CONTEXT() REPRESENTATION_CONTEXT('2D SPACE',''
  ) );
#369 = FACE_BOUND('',#370,.F.);
#370 = EDGE_LOOP('',(#371,#399,#425,#451));
#371 = ORIENTED_EDGE('',*,*,#372,.T.);
#372 = EDGE_CURVE('',#373,#375,#377,.T.);
#373 = VERTEX_POINT('',#374);
#374 = CARTESIAN_POINT('',(-5.,-61.,0.));
#375 = VERTEX_POINT('',#376);
#376 = CARTESIAN_POINT('',(-7.,-61.,0.));
#377 = SURFACE_CURVE('',#378,(#382,#388),.PCURVE_S1.);
#378 = LINE('',#379,#380);
#379 = CARTESIAN_POINT('',(-3.5,-61.,0.));
#380 = VECTOR('',#381,1.);
#381 = DIRECTION('',(-1.,0.,0.));
#382 = PCURVE('',#45,#383);
#383 = DEFINITIONAL_REPRESENTATION('',(#384),#387);
#384 = B_SPLINE_CURVE_WITH_KNOTS('',1,(#385,#386),.UNSPECIFIED.,.F.,.F.,
  (2,2),(1.5,3.5),.PIECEWISE_BEZIER_KNOTS.);
#385 = CARTESIAN_POINT('',(-5.,-61.));
#386 = CARTESIAN_POINT('',(-7.,-61.));
#387 = ( GEOMETRIC_REPRESENTATION_CONTEXT(2) 
PARAMETRIC_REPRESENTATION_CONTEXT() REPRESENTATION_CONTEXT('2D SPACE',''
  ) );
#388 = PCURVE('',#389,#394);
#389 = PLANE('',#390);
#390 = AXIS2_PLACEMENT_3D('',#391,#392,#393);
#391 = CARTESIAN_POINT('',(-7.,-61.,-1.));
#392 = DIRECTION('',(0.,1.,0.));
#393 = DIRECTION('',(0.,0.,1.));
#394 = DEFINITIONAL_REPRESENTATION('',(#395),#398);
#395 = B_SPLINE_CURVE_WITH_KNOTS('',1,(#396,#397),.UNSPECIFIED.,.F.,.F.,
  (2,2),(1.5,3.5),.PIECEWISE_BEZIER_KNOTS.);
#396 = CARTESIAN_POINT('',(1.,2.));
#397 = CARTESIAN_POINT('',(1.,0.));
#398 = ( GEOMETRIC_REPRESENTATION_CONTEXT(2) 
PARAMETRIC_REPRESENTATION_CONTEXT() REPRESENTATION_CONTEXT('2D SPACE',''
  ) );
#399 = ORIENTED_EDGE('',*,*,#400,.T.);
#400 = EDGE_CURVE('',#375,#401,#403,.T.);
#401 = VERTEX_POINT('',#402);
#402 = CARTESIAN_POINT('',(-7.,-41.,0.));
#403 = SURFACE_CURVE('',#404,(#408,#414),.PCURVE_S1.);
#404 = LINE('',#405,#406);
#405 = CARTESIAN_POINT('',(-7.,-30.5,0.));
#406 = VECTOR('',#407,1.);
#407 = DIRECTION('',(0.,1.,0.));
#408 = PCURVE('',#45,#409);
#409 = DEFINITIONAL_REPRESENTATION('',(#410),#413);
#410 = B_SPLINE_CURVE_WITH_KNOTS('',1,(#411,#412),.UNSPECIFIED.,.F.,.F.,
  (2,2),(-30.5,-10.5),.PIECEWISE_BEZIER_KNOTS.);
#411 = CARTESIAN_POINT('',(-7.,-61.));
#412 = CARTESIAN_POINT('',(-7.,-41.));
#413 = ( GEOMETRIC_REPRESENTATION_CONTEXT(2) 
PARAMETRIC_REPRESENTATION_CONTEXT() REPRESENTATION_CONTEXT('2D SPACE',''
  ) );
#414 = PCURVE('',#415,#420);
#415 = PLANE('',#416);
#416 = AXIS2_PLACEMENT_3D('',#417,#418,#419);
#417 = CARTESIAN_POINT('',(-7.,-61.,-1.));
#418 = DIRECTION('',(1.,0.,0.));
#419 = DIRECTION('',(0.,0.,1.));
#420 = DEFINITIONAL_REPRESENTATION('',(#421),#424);
#421 = B_SPLINE_CURVE_WITH_KNOTS('',1,(#422,#423),.UNSPECIFIED.,.F.,.F.,
  (2,2),(-30.5,-10.5),.PIECEWISE_BEZIER_KNOTS.);
#422 = CARTESIAN_POINT('',(1.,0.));
#423 = CARTESIAN_POINT('',(1.,-20.));
#424 = ( GEOMETRIC_REPRESENTATION_CONTEXT(2) 
PARAMETRIC_REPRESENTATION_CONTEXT() REPRESENTATION_CONTEXT('2D SPACE',''
  ) );
#425 = ORIENTED_EDGE('',*,*,#426,.F.);
#426 = EDGE_CURVE('',#427,#401,#429,.T.);
#427 = VERTEX_POINT('',#428);
#428 = CARTESIAN_POINT('',(-5.,-41.,0.));
#429 = SURFACE_CURVE('',#430,(#434,#440),.PCURVE_S1.);
#430 = LINE('',#431,#432);
#431 = CARTESIAN_POINT('',(-3.5,-41.,0.));
#432 = VECTOR('',#433,1.);
#433 = DIRECTION('',(-1.,0.,0.));
#434 = PCURVE('',#45,#435);
#435 = DEFINITIONAL_REPRESENTATION('',(#436),#439);
#436 = B_SPLINE_CURVE_WITH_KNOTS('',1,(#437,#438),.UNSPECIFIED.,.F.,.F.,
  (2,2),(1.5,3.5),.PIECEWISE_BEZIER_KNOTS.);
#437 = CARTESIAN_POINT('',(-5.,-41.));
#438 = CARTESIAN_POINT('',(-7.,-41.));
#439 = ( GEOMETRIC_REPRESENTATION_CONTEXT(2) 
PARAMETRIC_REPRESENTATION_CONTEXT() REPRESENTATION_CONTEXT('2D SPACE',''
  ) );
#440 = PCURVE('',#441,#446);
#441 = PLANE('',#442);
#442 = AXIS2_PLACEMENT_3D('',#443,#444,#445);
#443 = CARTESIAN_POINT('',(-7.,-41.,-1.));
#444 = DIRECTION('',(0.,1.,0.));
#445 = DIRECTION('',(0.,0.,1.));
#446 = DEFINITIONAL_REPRESENTATION('',(#447),#450);
#447 = B_SPLINE_CURVE_WITH_KNOTS('',1,(#448,#449),.UNSPECIFIED.,.F.,.F.,
  (2,2),(1.5,3.5),.PIECEWISE_BEZIER_KNOTS.);
#448 = CARTESIAN_POINT('',(1.,2.));
#449 = CARTESIAN_POINT('',(1.,0.));
#450 = ( GEOMETRIC_REPRESENTATION_CONTEXT(2) 
PARAMETRIC_REPRESENTATION_CONTEXT() REPRESENTATION_CONTEXT('2D SPACE',''
  ) );
#451 = ORIENTED_EDGE('',*,*,#452,.F.);
#452 = EDGE_CURVE('',#373,#427,#453,.T.);
#453 = SURFACE_CURVE('',#454,(#458,#464),.PCURVE_S1.);
#454 = LINE('',#455,#456);
#455 = CARTESIAN_POINT('',(-5.,-30.5,0.));
#456 = VECTOR('',#457,1.);
#457 = DIRECTION('',(0.,1.,0.));
#458 = PCURVE('',#45,#459);
#459 = DEFINITIONAL_REPRESENTATION('',(#460),#463);
#460 = B_SPLINE_CURVE_WITH_KNOTS('',1,(#461,#462),.UNSPECIFIED.,.F.,.F.,
  (2,2),(-30.5,-10.5),.PIECEWISE_BEZIER_KNOTS.);
#461 = CARTESIAN_POINT('',(-5.,-61.));
#462 = CARTESIAN_POINT('',(-5.,-41.));
#463 = ( GEOMETRIC_REPRESENTATION_CONTEXT(2) 
PARAMETRIC_REPRESENTATION_CONTEXT() REPRESENTATION_CONTEXT('2D SPACE',''
  ) );
#464 = PCURVE('',#465,#470);
#465 = PLANE('',#466);
#466 = AXIS2_PLACEMENT_3D('',#467,#468,#469);
#467 = CARTESIAN_POINT('',(-5.,-61.,-1.));
#468 = DIRECTION('',(1.,0.,0.));
#469 = DIRECTION('',(0.,0.,1.));
#470 = DEFINITIONAL_REPRESENTATION('',(#471),#474);
#471 = B_SPLINE_CURVE_WITH_KNOTS('',1,(#472,#473),.UNSPECIFIED.,.F.,.F.,
  (2,2),(-30.5,-10.5),.PIECEWISE_BEZIER_KNOTS.);
#472 = CARTESIAN_POINT('',(1.,0.));
#473 = CARTESIAN_POINT('',(1.,-20.));
#474 = ( GEOMETRIC_REPRESENTATION_CONTEXT(2) 
PARAMETRIC_REPRESENTATION_CONTEXT() REPRESENTATION_CONTEXT('2D SPACE',''
  ) );
#475 = FACE_BOUND('',#476,.F.);
#476 = EDGE_LOOP('',(#477));
#477 = ORIENTED_EDGE('',*,*,#478,.T.);
#478 = EDGE_CURVE('',#479,#479,#481,.T.);
#479 = VERTEX_POINT('',#480);
#480 = CARTESIAN_POINT('',(-54.77370205355,-33.5,0.));
#481 = SURFACE_CURVE('',#482,(#487,#498),.PCURVE_S1.);
#482 = CIRCLE('',#483,3.25);
#483 = AXIS2_PLACEMENT_3D('',#484,#485,#486);
#484 = CARTESIAN_POINT('',(-58.02370205355,-33.5,0.));
#485 = DIRECTION('',(0.,0.,-1.));
#486 = DIRECTION('',(1.,0.,0.));
#487 = PCURVE('',#45,#488);
#488 = DEFINITIONAL_REPRESENTATION('',(#489),#497);
#489 = ( BOUNDED_CURVE() B_SPLINE_CURVE(2,(#490,#491,#492,#493,#494,#495
,#496),.UNSPECIFIED.,.T.,.F.) B_SPLINE_CURVE_WITH_KNOTS((1,2,2,2,2,1),(
    -2.094395102393,0.,2.094395102393,4.188790204786,6.28318530718,
8.377580409573),.UNSPECIFIED.) CURVE() GEOMETRIC_REPRESENTATION_ITEM() 
RATIONAL_B_SPLINE_CURVE((1.,0.5,1.,0.5,1.,0.5,1.)) REPRESENTATION_ITEM(
  '') );
#490 = CARTESIAN_POINT('',(-54.77370205355,-33.5));
#491 = CARTESIAN_POINT('',(-54.77370205355,-39.12916512459));
#492 = CARTESIAN_POINT('',(-59.64870205355,-36.31458256229));
#493 = CARTESIAN_POINT('',(-64.52370205355,-33.5));
#494 = CARTESIAN_POINT('',(-59.64870205355,-30.6854174377));
#495 = CARTESIAN_POINT('',(-54.77370205355,-27.8708348754));
#496 = CARTESIAN_POINT('',(-54.77370205355,-33.5));
#497 = ( GEOMETRIC_REPRESENTATION_CONTEXT(2) 
PARAMETRIC_REPRESENTATION_CONTEXT() REPRESENTATION_CONTEXT('2D SPACE',''
  ) );
#498 = PCURVE('',#499,#504);
#499 = CYLINDRICAL_SURFACE('',#500,3.25);
#500 = AXIS2_PLACEMENT_3D('',#501,#502,#503);
#501 = CARTESIAN_POINT('',(-58.02370205355,-33.5,-0.1));
#502 = DIRECTION('',(-0.,-0.,-1.));
#503 = DIRECTION('',(1.,0.,0.));
#504 = DEFINITIONAL_REPRESENTATION('',(#505),#509);
#505 = LINE('',#506,#507);
#506 = CARTESIAN_POINT('',(-6.28318530718,-0.1));
#507 = VECTOR('',#508,1.);
#508 = DIRECTION('',(1.,-0.));
#509 = ( GEOMETRIC_REPRESENTATION_CONTEXT(2) 
PARAMETRIC_REPRESENTATION_CONTEXT() REPRESENTATION_CONTEXT('2D SPACE',''
  ) );
#510 = FACE_BOUND('',#511,.F.);
#511 = EDGE_LOOP('',(#512,#540,#566,#592));
#512 = ORIENTED_EDGE('',*,*,#513,.T.);
#513 = EDGE_CURVE('',#514,#516,#518,.T.);
#514 = VERTEX_POINT('',#515);
#515 = CARTESIAN_POINT('',(1.,-61.,0.));
#516 = VERTEX_POINT('',#517);
#517 = CARTESIAN_POINT('',(-1.,-61.,0.));
#518 = SURFACE_CURVE('',#519,(#523,#529),.PCURVE_S1.);
#519 = LINE('',#520,#521);
#520 = CARTESIAN_POINT('',(-0.5,-61.,0.));
#521 = VECTOR('',#522,1.);
#522 = DIRECTION('',(-1.,0.,0.));
#523 = PCURVE('',#45,#524);
#524 = DEFINITIONAL_REPRESENTATION('',(#525),#528);
#525 = B_SPLINE_CURVE_WITH_KNOTS('',1,(#526,#527),.UNSPECIFIED.,.F.,.F.,
  (2,2),(-1.5,0.5),.PIECEWISE_BEZIER_KNOTS.);
#526 = CARTESIAN_POINT('',(1.,-61.));
#527 = CARTESIAN_POINT('',(-1.,-61.));
#528 = ( GEOMETRIC_REPRESENTATION_CONTEXT(2) 
PARAMETRIC_REPRESENTATION_CONTEXT() REPRESENTATION_CONTEXT('2D SPACE',''
  ) );
#529 = PCURVE('',#530,#535);
#530 = PLANE('',#531);
#531 = AXIS2_PLACEMENT_3D('',#532,#533,#534);
#532 = CARTESIAN_POINT('',(-1.,-61.,-1.));
#533 = DIRECTION('',(0.,1.,0.));
#534 = DIRECTION('',(0.,0.,1.));
#535 = DEFINITIONAL_REPRESENTATION('',(#536),#539);
#536 = B_SPLINE_CURVE_WITH_KNOTS('',1,(#537,#538),.UNSPECIFIED.,.F.,.F.,
  (2,2),(-1.5,0.5),.PIECEWISE_BEZIER_KNOTS.);
#537 = CARTESIAN_POINT('',(1.,2.));
#538 = CARTESIAN_POINT('',(1.,0.));
#539 = ( GEOMETRIC_REPRESENTATION_CONTEXT(2) 
PARAMETRIC_REPRESENTATION_CONTEXT() REPRESENTATION_CONTEXT('2D SPACE',''
  ) );
#540 = ORIENTED_EDGE('',*,*,#541,.T.);
#541 = EDGE_CURVE('',#516,#542,#544,.T.);
#542 = VERTEX_POINT('',#543);
#543 = CARTESIAN_POINT('',(-1.,-41.,0.));
#544 = SURFACE_CURVE('',#545,(#549,#555),.PCURVE_S1.);
#545 = LINE('',#546,#547);
#546 = CARTESIAN_POINT('',(-1.,-30.5,0.));
#547 = VECTOR('',#548,1.);
#548 = DIRECTION('',(0.,1.,0.));
#549 = PCURVE('',#45,#550);
#550 = DEFINITIONAL_REPRESENTATION('',(#551),#554);
#551 = B_SPLINE_CURVE_WITH_KNOTS('',1,(#552,#553),.UNSPECIFIED.,.F.,.F.,
  (2,2),(-30.5,-10.5),.PIECEWISE_BEZIER_KNOTS.);
#552 = CARTESIAN_POINT('',(-1.,-61.));
#553 = CARTESIAN_POINT('',(-1.,-41.));
#554 = ( GEOMETRIC_REPRESENTATION_CONTEXT(2) 
PARAMETRIC_REPRESENTATION_CONTEXT() REPRESENTATION_CONTEXT('2D SPACE',''
  ) );
#555 = PCURVE('',#556,#561);
#556 = PLANE('',#557);
#557 = AXIS2_PLACEMENT_3D('',#558,#559,#560);
#558 = CARTESIAN_POINT('',(-1.,-61.,-1.));
#559 = DIRECTION('',(1.,0.,0.));
#560 = DIRECTION('',(0.,0.,1.));
#561 = DEFINITIONAL_REPRESENTATION('',(#562),#565);
#562 = B_SPLINE_CURVE_WITH_KNOTS('',1,(#563,#564),.UNSPECIFIED.,.F.,.F.,
  (2,2),(-30.5,-10.5),.PIECEWISE_BEZIER_KNOTS.);
#563 = CARTESIAN_POINT('',(1.,0.));
#564 = CARTESIAN_POINT('',(1.,-20.));
#565 = ( GEOMETRIC_REPRESENTATION_CONTEXT(2) 
PARAMETRIC_REPRESENTATION_CONTEXT() REPRESENTATION_CONTEXT('2D SPACE',''
  ) );
#566 = ORIENTED_EDGE('',*,*,#567,.F.);
#567 = EDGE_CURVE('',#568,#542,#570,.T.);
#568 = VERTEX_POINT('',#569);
#569 = CARTESIAN_POINT('',(1.,-41.,0.));
#570 = SURFACE_CURVE('',#571,(#575,#581),.PCURVE_S1.);
#571 = LINE('',#572,#573);
#572 = CARTESIAN_POINT('',(-0.5,-41.,0.));
#573 = VECTOR('',#574,1.);
#574 = DIRECTION('',(-1.,0.,0.));
#575 = PCURVE('',#45,#576);
#576 = DEFINITIONAL_REPRESENTATION('',(#577),#580);
#577 = B_SPLINE_CURVE_WITH_KNOTS('',1,(#578,#579),.UNSPECIFIED.,.F.,.F.,
  (2,2),(-1.5,0.5),.PIECEWISE_BEZIER_KNOTS.);
#578 = CARTESIAN_POINT('',(1.,-41.));
#579 = CARTESIAN_POINT('',(-1.,-41.));
#580 = ( GEOMETRIC_REPRESENTATION_CONTEXT(2) 
PARAMETRIC_REPRESENTATION_CONTEXT() REPRESENTATION_CONTEXT('2D SPACE',''
  ) );
#581 = PCURVE('',#582,#587);
#582 = PLANE('',#583);
#583 = AXIS2_PLACEMENT_3D('',#584,#585,#586);
#584 = CARTESIAN_POINT('',(-1.,-41.,-1.));
#585 = DIRECTION('',(0.,1.,0.));
#586 = DIRECTION('',(0.,0.,1.));
#587 = DEFINITIONAL_REPRESENTATION('',(#588),#591);
#588 = B_SPLINE_CURVE_WITH_KNOTS('',1,(#589,#590),.UNSPECIFIED.,.F.,.F.,
  (2,2),(-1.5,0.5),.PIECEWISE_BEZIER_KNOTS.);
#589 = CARTESIAN_POINT('',(1.,2.));
#590 = CARTESIAN_POINT('',(1.,0.));
#591 = ( GEOMETRIC_REPRESENTATION_CONTEXT(2) 
PARAMETRIC_REPRESENTATION_CONTEXT() REPRESENTATION_CONTEXT('2D SPACE',''
  ) );
#592 = ORIENTED_EDGE('',*,*,#593,.F.);
#593 = EDGE_CURVE('',#514,#568,#594,.T.);
#594 = SURFACE_CURVE('',#595,(#599,#605),.PCURVE_S1.);
#595 = LINE('',#596,#597);
#596 = CARTESIAN_POINT('',(1.,-30.5,0.));
#597 = VECTOR('',#598,1.);
#598 = DIRECTION('',(0.,1.,0.));
#599 = PCURVE('',#45,#600);
#600 = DEFINITIONAL_REPRESENTATION('',(#601),#604);
#601 = B_SPLINE_CURVE_WITH_KNOTS('',1,(#602,#603),.UNSPECIFIED.,.F.,.F.,
  (2,2),(-30.5,-10.5),.PIECEWISE_BEZIER_KNOTS.);
#602 = CARTESIAN_POINT('',(1.,-61.));
#603 = CARTESIAN_POINT('',(1.,-41.));
#604 = ( GEOMETRIC_REPRESENTATION_CONTEXT(2) 
PARAMETRIC_REPRESENTATION_CONTEXT() REPRESENTATION_CONTEXT('2D SPACE',''
  ) );
#605 = PCURVE('',#606,#611);
#606 = PLANE('',#607);
#607 = AXIS2_PLACEMENT_3D('',#608,#609,#610);
#608 = CARTESIAN_POINT('',(1.,-61.,-1.));
#609 = DIRECTION('',(1.,0.,0.));
#610 = DIRECTION('',(0.,0.,1.));
#611 = DEFINITIONAL_REPRESENTATION('',(#612),#615);
#612 = B_SPLINE_CURVE_WITH_KNOTS('',1,(#613,#614),.UNSPECIFIED.,.F.,.F.,
  (2,2),(-30.5,-10.5),.PIECEWISE_BEZIER_KNOTS.);
#613 = CARTESIAN_POINT('',(1.,0.));
#614 = CARTESIAN_POINT('',(1.,-20.));
#615 = ( GEOMETRIC_REPRESENTATION_CONTEXT(2) 
PARAMETRIC_REPRESENTATION_CONTEXT() REPRESENTATION_CONTEXT('2D SPACE',''
  ) );
#616 = FACE_BOUND('',#617,.F.);
#617 = EDGE_LOOP('',(#618,#646,#672,#698));
#618 = ORIENTED_EDGE('',*,*,#619,.T.);
#619 = EDGE_CURVE('',#620,#622,#624,.T.);
#620 = VERTEX_POINT('',#621);
#621 = CARTESIAN_POINT('',(7.,-61.,0.));
#622 = VERTEX_POINT('',#623);
#623 = CARTESIAN_POINT('',(5.,-61.,0.));
#624 = SURFACE_CURVE('',#625,(#629,#635),.PCURVE_S1.);
#625 = LINE('',#626,#627);
#626 = CARTESIAN_POINT('',(2.5,-61.,0.));
#627 = VECTOR('',#628,1.);
#628 = DIRECTION('',(-1.,0.,0.));
#629 = PCURVE('',#45,#630);
#630 = DEFINITIONAL_REPRESENTATION('',(#631),#634);
#631 = B_SPLINE_CURVE_WITH_KNOTS('',1,(#632,#633),.UNSPECIFIED.,.F.,.F.,
  (2,2),(-4.5,-2.5),.PIECEWISE_BEZIER_KNOTS.);
#632 = CARTESIAN_POINT('',(7.,-61.));
#633 = CARTESIAN_POINT('',(5.,-61.));
#634 = ( GEOMETRIC_REPRESENTATION_CONTEXT(2) 
PARAMETRIC_REPRESENTATION_CONTEXT() REPRESENTATION_CONTEXT('2D SPACE',''
  ) );
#635 = PCURVE('',#636,#641);
#636 = PLANE('',#637);
#637 = AXIS2_PLACEMENT_3D('',#638,#639,#640);
#638 = CARTESIAN_POINT('',(5.,-61.,-1.));
#639 = DIRECTION('',(0.,1.,0.));
#640 = DIRECTION('',(0.,0.,1.));
#641 = DEFINITIONAL_REPRESENTATION('',(#642),#645);
#642 = B_SPLINE_CURVE_WITH_KNOTS('',1,(#643,#644),.UNSPECIFIED.,.F.,.F.,
  (2,2),(-4.5,-2.5),.PIECEWISE_BEZIER_KNOTS.);
#643 = CARTESIAN_POINT('',(1.,2.));
#644 = CARTESIAN_POINT('',(1.,0.));
#645 = ( GEOMETRIC_REPRESENTATION_CONTEXT(2) 
PARAMETRIC_REPRESENTATION_CONTEXT() REPRESENTATION_CONTEXT('2D SPACE',''
  ) );
#646 = ORIENTED_EDGE('',*,*,#647,.T.);
#647 = EDGE_CURVE('',#622,#648,#650,.T.);
#648 = VERTEX_POINT('',#649);
#649 = CARTESIAN_POINT('',(5.,-41.,0.));
#650 = SURFACE_CURVE('',#651,(#655,#661),.PCURVE_S1.);
#651 = LINE('',#652,#653);
#652 = CARTESIAN_POINT('',(5.,-30.5,0.));
#653 = VECTOR('',#654,1.);
#654 = DIRECTION('',(0.,1.,0.));
#655 = PCURVE('',#45,#656);
#656 = DEFINITIONAL_REPRESENTATION('',(#657),#660);
#657 = B_SPLINE_CURVE_WITH_KNOTS('',1,(#658,#659),.UNSPECIFIED.,.F.,.F.,
  (2,2),(-30.5,-10.5),.PIECEWISE_BEZIER_KNOTS.);
#658 = CARTESIAN_POINT('',(5.,-61.));
#659 = CARTESIAN_POINT('',(5.,-41.));
#660 = ( GEOMETRIC_REPRESENTATION_CONTEXT(2) 
PARAMETRIC_REPRESENTATION_CONTEXT() REPRESENTATION_CONTEXT('2D SPACE',''
  ) );
#661 = PCURVE('',#662,#667);
#662 = PLANE('',#663);
#663 = AXIS2_PLACEMENT_3D('',#664,#665,#666);
#664 = CARTESIAN_POINT('',(5.,-61.,-1.));
#665 = DIRECTION('',(1.,0.,0.));
#666 = DIRECTION('',(0.,0.,1.));
#667 = DEFINITIONAL_REPRESENTATION('',(#668),#671);
#668 = B_SPLINE_CURVE_WITH_KNOTS('',1,(#669,#670),.UNSPECIFIED.,.F.,.F.,
  (2,2),(-30.5,-10.5),.PIECEWISE_BEZIER_KNOTS.);
#669 = CARTESIAN_POINT('',(1.,0.));
#670 = CARTESIAN_POINT('',(1.,-20.));
#671 = ( GEOMETRIC_REPRESENTATION_CONTEXT(2) 
PARAMETRIC_REPRESENTATION_CONTEXT() REPRESENTATION_CONTEXT('2D SPACE',''
  ) );
#672 = ORIENTED_EDGE('',*,*,#673,.F.);
#673 = EDGE_CURVE('',#674,#648,#676,.T.);
#674 = VERTEX_POINT('',#675);
#675 = CARTESIAN_POINT('',(7.,-41.,0.));
#676 = SURFACE_CURVE('',#677,(#681,#687),.PCURVE_S1.);
#677 = LINE('',#678,#679);
#678 = CARTESIAN_POINT('',(2.5,-41.,0.));
#679 = VECTOR('',#680,1.);
#680 = DIRECTION('',(-1.,0.,0.));
#681 = PCURVE('',#45,#682);
#682 = DEFINITIONAL_REPRESENTATION('',(#683),#686);
#683 = B_SPLINE_CURVE_WITH_KNOTS('',1,(#684,#685),.UNSPECIFIED.,.F.,.F.,
  (2,2),(-4.5,-2.5),.PIECEWISE_BEZIER_KNOTS.);
#684 = CARTESIAN_POINT('',(7.,-41.));
#685 = CARTESIAN_POINT('',(5.,-41.));
#686 = ( GEOMETRIC_REPRESENTATION_CONTEXT(2) 
PARAMETRIC_REPRESENTATION_CONTEXT() REPRESENTATION_CONTEXT('2D SPACE',''
  ) );
#687 = PCURVE('',#688,#693);
#688 = PLANE('',#689);
#689 = AXIS2_PLACEMENT_3D('',#690,#691,#692);
#690 = CARTESIAN_POINT('',(5.,-41.,-1.));
#691 = DIRECTION('',(0.,1.,0.));
#692 = DIRECTION('',(0.,0.,1.));
#693 = DEFINITIONAL_REPRESENTATION('',(#694),#697);
#694 = B_SPLINE_CURVE_WITH_KNOTS('',1,(#695,#696),.UNSPECIFIED.,.F.,.F.,
  (2,2),(-4.5,-2.5),.PIECEWISE_BEZIER_KNOTS.);
#695 = CARTESIAN_POINT('',(1.,2.));
#696 = CARTESIAN_POINT('',(1.,0.));
#697 = ( GEOMETRIC_REPRESENTATION_CONTEXT(2) 
PARAMETRIC_REPRESENTATION_CONTEXT() REPRESENTATION_CONTEXT('2D SPACE',''
  ) );
#698 = ORIENTED_EDGE('',*,*,#699,.F.);
#699 = EDGE_CURVE('',#620,#674,#700,.T.);
#700 = SURFACE_CURVE('',#701,(#705,#711),.PCURVE_S1.);
#701 = LINE('',#702,#703);
#702 = CARTESIAN_POINT('',(7.,-30.5,0.));
#703 = VECTOR('',#704,1.);
#704 = DIRECTION('',(0.,1.,0.));
#705 = PCURVE('',#45,#706);
#706 = DEFINITIONAL_REPRESENTATION('',(#707),#710);
#707 = B_SPLINE_CURVE_WITH_KNOTS('',1,(#708,#709),.UNSPECIFIED.,.F.,.F.,
  (2,2),(-30.5,-10.5),.PIECEWISE_BEZIER_KNOTS.);
#708 = CARTESIAN_POINT('',(7.,-61.));
#709 = CARTESIAN_POINT('',(7.,-41.));
#710 = ( GEOMETRIC_REPRESENTATION_CONTEXT(2) 
PARAMETRIC_REPRESENTATION_CONTEXT() REPRESENTATION_CONTEXT('2D SPACE',''
  ) );
#711 = PCURVE('',#712,#717);
#712 = PLANE('',#713);
#713 = AXIS2_PLACEMENT_3D('',#714,#715,#716);
#714 = CARTESIAN_POINT('',(7.,-61.,-1.));
#715 = DIRECTION('',(1.,0.,0.));
#716 = DIRECTION('',(0.,0.,1.));
#717 = DEFINITIONAL_REPRESENTATION('',(#718),#721);
#718 = B_SPLINE_CURVE_WITH_KNOTS('',1,(#719,#720),.UNSPECIFIED.,.F.,.F.,
  (2,2),(-30.5,-10.5),.PIECEWISE_BEZIER_KNOTS.);
#719 = CARTESIAN_POINT('',(1.,0.));
#720 = CARTESIAN_POINT('',(1.,-20.));
#721 = ( GEOMETRIC_REPRESENTATION_CONTEXT(2) 
PARAMETRIC_REPRESENTATION_CONTEXT() REPRESENTATION_CONTEXT('2D SPACE',''
  ) );
#722 = FACE_BOUND('',#723,.F.);
#723 = EDGE_LOOP('',(#724,#752,#778,#804));
#724 = ORIENTED_EDGE('',*,*,#725,.T.);
#725 = EDGE_CURVE('',#726,#728,#730,.T.);
#726 = VERTEX_POINT('',#727);
#727 = CARTESIAN_POINT('',(13.,-61.,0.));
#728 = VERTEX_POINT('',#729);
#729 = CARTESIAN_POINT('',(11.,-61.,0.));
#730 = SURFACE_CURVE('',#731,(#735,#741),.PCURVE_S1.);
#731 = LINE('',#732,#733);
#732 = CARTESIAN_POINT('',(5.5,-61.,0.));
#733 = VECTOR('',#734,1.);
#734 = DIRECTION('',(-1.,0.,0.));
#735 = PCURVE('',#45,#736);
#736 = DEFINITIONAL_REPRESENTATION('',(#737),#740);
#737 = B_SPLINE_CURVE_WITH_KNOTS('',1,(#738,#739),.UNSPECIFIED.,.F.,.F.,
  (2,2),(-7.5,-5.5),.PIECEWISE_BEZIER_KNOTS.);
#738 = CARTESIAN_POINT('',(13.,-61.));
#739 = CARTESIAN_POINT('',(11.,-61.));
#740 = ( GEOMETRIC_REPRESENTATION_CONTEXT(2) 
PARAMETRIC_REPRESENTATION_CONTEXT() REPRESENTATION_CONTEXT('2D SPACE',''
  ) );
#741 = PCURVE('',#742,#747);
#742 = PLANE('',#743);
#743 = AXIS2_PLACEMENT_3D('',#744,#745,#746);
#744 = CARTESIAN_POINT('',(11.,-61.,-1.));
#745 = DIRECTION('',(0.,1.,0.));
#746 = DIRECTION('',(0.,0.,1.));
#747 = DEFINITIONAL_REPRESENTATION('',(#748),#751);
#748 = B_SPLINE_CURVE_WITH_KNOTS('',1,(#749,#750),.UNSPECIFIED.,.F.,.F.,
  (2,2),(-7.5,-5.5),.PIECEWISE_BEZIER_KNOTS.);
#749 = CARTESIAN_POINT('',(1.,2.));
#750 = CARTESIAN_POINT('',(1.,0.));
#751 = ( GEOMETRIC_REPRESENTATION_CONTEXT(2) 
PARAMETRIC_REPRESENTATION_CONTEXT() REPRESENTATION_CONTEXT('2D SPACE',''
  ) );
#752 = ORIENTED_EDGE('',*,*,#753,.T.);
#753 = EDGE_CURVE('',#728,#754,#756,.T.);
#754 = VERTEX_POINT('',#755);
#755 = CARTESIAN_POINT('',(11.,-41.,0.));
#756 = SURFACE_CURVE('',#757,(#761,#767),.PCURVE_S1.);
#757 = LINE('',#758,#759);
#758 = CARTESIAN_POINT('',(11.,-30.5,0.));
#759 = VECTOR('',#760,1.);
#760 = DIRECTION('',(0.,1.,0.));
#761 = PCURVE('',#45,#762);
#762 = DEFINITIONAL_REPRESENTATION('',(#763),#766);
#763 = B_SPLINE_CURVE_WITH_KNOTS('',1,(#764,#765),.UNSPECIFIED.,.F.,.F.,
  (2,2),(-30.5,-10.5),.PIECEWISE_BEZIER_KNOTS.);
#764 = CARTESIAN_POINT('',(11.,-61.));
#765 = CARTESIAN_POINT('',(11.,-41.));
#766 = ( GEOMETRIC_REPRESENTATION_CONTEXT(2) 
PARAMETRIC_REPRESENTATION_CONTEXT() REPRESENTATION_CONTEXT('2D SPACE',''
  ) );
#767 = PCURVE('',#768,#773);
#768 = PLANE('',#769);
#769 = AXIS2_PLACEMENT_3D('',#770,#771,#772);
#770 = CARTESIAN_POINT('',(11.,-61.,-1.));
#771 = DIRECTION('',(1.,0.,0.));
#772 = DIRECTION('',(0.,0.,1.));
#773 = DEFINITIONAL_REPRESENTATION('',(#774),#777);
#774 = B_SPLINE_CURVE_WITH_KNOTS('',1,(#775,#776),.UNSPECIFIED.,.F.,.F.,
  (2,2),(-30.5,-10.5),.PIECEWISE_BEZIER_KNOTS.);
#775 = CARTESIAN_POINT('',(1.,0.));
#776 = CARTESIAN_POINT('',(1.,-20.));
#777 = ( GEOMETRIC_REPRESENTATION_CONTEXT(2) 
PARAMETRIC_REPRESENTATION_CONTEXT() REPRESENTATION_CONTEXT('2D SPACE',''
  ) );
#778 = ORIENTED_EDGE('',*,*,#779,.F.);
#779 = EDGE_CURVE('',#780,#754,#782,.T.);
#780 = VERTEX_POINT('',#781);
#781 = CARTESIAN_POINT('',(13.,-41.,0.));
#782 = SURFACE_CURVE('',#783,(#787,#793),.PCURVE_S1.);
#783 = LINE('',#784,#785);
#784 = CARTESIAN_POINT('',(5.5,-41.,0.));
#785 = VECTOR('',#786,1.);
#786 = DIRECTION('',(-1.,0.,0.));
#787 = PCURVE('',#45,#788);
#788 = DEFINITIONAL_REPRESENTATION('',(#789),#792);
#789 = B_SPLINE_CURVE_WITH_KNOTS('',1,(#790,#791),.UNSPECIFIED.,.F.,.F.,
  (2,2),(-7.5,-5.5),.PIECEWISE_BEZIER_KNOTS.);
#790 = CARTESIAN_POINT('',(13.,-41.));
#791 = CARTESIAN_POINT('',(11.,-41.));
#792 = ( GEOMETRIC_REPRESENTATION_CONTEXT(2) 
PARAMETRIC_REPRESENTATION_CONTEXT() REPRESENTATION_CONTEXT('2D SPACE',''
  ) );
#793 = PCURVE('',#794,#799);
#794 = PLANE('',#795);
#795 = AXIS2_PLACEMENT_3D('',#796,#797,#798);
#796 = CARTESIAN_POINT('',(11.,-41.,-1.));
#797 = DIRECTION('',(0.,1.,0.));
#798 = DIRECTION('',(0.,0.,1.));
#799 = DEFINITIONAL_REPRESENTATION('',(#800),#803);
#800 = B_SPLINE_CURVE_WITH_KNOTS('',1,(#801,#802),.UNSPECIFIED.,.F.,.F.,
  (2,2),(-7.5,-5.5),.PIECEWISE_BEZIER_KNOTS.);
#801 = CARTESIAN_POINT('',(1.,2.));
#802 = CARTESIAN_POINT('',(1.,0.));
#803 = ( GEOMETRIC_REPRESENTATION_CONTEXT(2) 
PARAMETRIC_REPRESENTATION_CONTEXT() REPRESENTATION_CONTEXT('2D SPACE',''
  ) );
#804 = ORIENTED_EDGE('',*,*,#805,.F.);
#805 = EDGE_CURVE('',#726,#780,#806,.T.);
#806 = SURFACE_CURVE('',#807,(#811,#817),.PCURVE_S1.);
#807 = LINE('',#808,#809);
#808 = CARTESIAN_POINT('',(13.,-30.5,0.));
#809 = VECTOR('',#810,1.);
#810 = DIRECTION('',(0.,1.,0.));
#811 = PCURVE('',#45,#812);
#812 = DEFINITIONAL_REPRESENTATION('',(#813),#816);
#813 = B_SPLINE_CURVE_WITH_KNOTS('',1,(#814,#815),.UNSPECIFIED.,.F.,.F.,
  (2,2),(-30.5,-10.5),.PIECEWISE_BEZIER_KNOTS.);
#814 = CARTESIAN_POINT('',(13.,-61.));
#815 = CARTESIAN_POINT('',(13.,-41.));
#816 = ( GEOMETRIC_REPRESENTATION_CONTEXT(2) 
PARAMETRIC_REPRESENTATION_CONTEXT() REPRESENTATION_CONTEXT('2D SPACE',''
  ) );
#817 = PCURVE('',#818,#823);
#818 = PLANE('',#819);
#819 = AXIS2_PLACEMENT_3D('',#820,#821,#822);
#820 = CARTESIAN_POINT('',(13.,-61.,-1.));
#821 = DIRECTION('',(1.,0.,0.));
#822 = DIRECTION('',(0.,0.,1.));
#823 = DEFINITIONAL_REPRESENTATION('',(#824),#827);
#824 = B_SPLINE_CURVE_WITH_KNOTS('',1,(#825,#826),.UNSPECIFIED.,.F.,.F.,
  (2,2),(-30.5,-10.5),.PIECEWISE_BEZIER_KNOTS.);
#825 = CARTESIAN_POINT('',(1.,0.));
#826 = CARTESIAN_POINT('',(1.,-20.));
#827 = ( GEOMETRIC_REPRESENTATION_CONTEXT(2) 
PARAMETRIC_REPRESENTATION_CONTEXT() REPRESENTATION_CONTEXT('2D SPACE',''
  ) );
#828 = FACE_BOUND('',#829,.F.);
#829 = EDGE_LOOP('',(#830,#858,#884,#910));
#830 = ORIENTED_EDGE('',*,*,#831,.T.);
#831 = EDGE_CURVE('',#832,#834,#836,.T.);
#832 = VERTEX_POINT('',#833);
#833 = CARTESIAN_POINT('',(19.,-61.,0.));
#834 = VERTEX_POINT('',#835);
#835 = CARTESIAN_POINT('',(17.,-61.,0.));
#836 = SURFACE_CURVE('',#837,(#841,#847),.PCURVE_S1.);
#837 = LINE('',#838,#839);
#838 = CARTESIAN_POINT('',(8.5,-61.,0.));
#839 = VECTOR('',#840,1.);
#840 = DIRECTION('',(-1.,0.,0.));
#841 = PCURVE('',#45,#842);
#842 = DEFINITIONAL_REPRESENTATION('',(#843),#846);
#843 = B_SPLINE_CURVE_WITH_KNOTS('',1,(#844,#845),.UNSPECIFIED.,.F.,.F.,
  (2,2),(-10.5,-8.5),.PIECEWISE_BEZIER_KNOTS.);
#844 = CARTESIAN_POINT('',(19.,-61.));
#845 = CARTESIAN_POINT('',(17.,-61.));
#846 = ( GEOMETRIC_REPRESENTATION_CONTEXT(2) 
PARAMETRIC_REPRESENTATION_CONTEXT() REPRESENTATION_CONTEXT('2D SPACE',''
  ) );
#847 = PCURVE('',#848,#853);
#848 = PLANE('',#849);
#849 = AXIS2_PLACEMENT_3D('',#850,#851,#852);
#850 = CARTESIAN_POINT('',(17.,-61.,-1.));
#851 = DIRECTION('',(0.,1.,0.));
#852 = DIRECTION('',(0.,0.,1.));
#853 = DEFINITIONAL_REPRESENTATION('',(#854),#857);
#854 = B_SPLINE_CURVE_WITH_KNOTS('',1,(#855,#856),.UNSPECIFIED.,.F.,.F.,
  (2,2),(-10.5,-8.5),.PIECEWISE_BEZIER_KNOTS.);
#855 = CARTESIAN_POINT('',(1.,2.));
#856 = CARTESIAN_POINT('',(1.,0.));
#857 = ( GEOMETRIC_REPRESENTATION_CONTEXT(2) 
PARAMETRIC_REPRESENTATION_CONTEXT() REPRESENTATION_CONTEXT('2D SPACE',''
  ) );
#858 = ORIENTED_EDGE('',*,*,#859,.T.);
#859 = EDGE_CURVE('',#834,#860,#862,.T.);
#860 = VERTEX_POINT('',#861);
#861 = CARTESIAN_POINT('',(17.,-41.,0.));
#862 = SURFACE_CURVE('',#863,(#867,#873),.PCURVE_S1.);
#863 = LINE('',#864,#865);
#864 = CARTESIAN_POINT('',(17.,-30.5,0.));
#865 = VECTOR('',#866,1.);
#866 = DIRECTION('',(0.,1.,0.));
#867 = PCURVE('',#45,#868);
#868 = DEFINITIONAL_REPRESENTATION('',(#869),#872);
#869 = B_SPLINE_CURVE_WITH_KNOTS('',1,(#870,#871),.UNSPECIFIED.,.F.,.F.,
  (2,2),(-30.5,-10.5),.PIECEWISE_BEZIER_KNOTS.);
#870 = CARTESIAN_POINT('',(17.,-61.));
#871 = CARTESIAN_POINT('',(17.,-41.));
#872 = ( GEOMETRIC_REPRESENTATION_CONTEXT(2) 
PARAMETRIC_REPRESENTATION_CONTEXT() REPRESENTATION_CONTEXT('2D SPACE',''
  ) );
#873 = PCURVE('',#874,#879);
#874 = PLANE('',#875);
#875 = AXIS2_PLACEMENT_3D('',#876,#877,#878);
#876 = CARTESIAN_POINT('',(17.,-61.,-1.));
#877 = DIRECTION('',(1.,0.,0.));
#878 = DIRECTION('',(0.,0.,1.));
#879 = DEFINITIONAL_REPRESENTATION('',(#880),#883);
#880 = B_SPLINE_CURVE_WITH_KNOTS('',1,(#881,#882),.UNSPECIFIED.,.F.,.F.,
  (2,2),(-30.5,-10.5),.PIECEWISE_BEZIER_KNOTS.);
#881 = CARTESIAN_POINT('',(1.,0.));
#882 = CARTESIAN_POINT('',(1.,-20.));
#883 = ( GEOMETRIC_REPRESENTATION_CONTEXT(2) 
PARAMETRIC_REPRESENTATION_CONTEXT() REPRESENTATION_CONTEXT('2D SPACE',''
  ) );
#884 = ORIENTED_EDGE('',*,*,#885,.F.);
#885 = EDGE_CURVE('',#886,#860,#888,.T.);
#886 = VERTEX_POINT('',#887);
#887 = CARTESIAN_POINT('',(19.,-41.,0.));
#888 = SURFACE_CURVE('',#889,(#893,#899),.PCURVE_S1.);
#889 = LINE('',#890,#891);
#890 = CARTESIAN_POINT('',(8.5,-41.,0.));
#891 = VECTOR('',#892,1.);
#892 = DIRECTION('',(-1.,0.,0.));
#893 = PCURVE('',#45,#894);
#894 = DEFINITIONAL_REPRESENTATION('',(#895),#898);
#895 = B_SPLINE_CURVE_WITH_KNOTS('',1,(#896,#897),.UNSPECIFIED.,.F.,.F.,
  (2,2),(-10.5,-8.5),.PIECEWISE_BEZIER_KNOTS.);
#896 = CARTESIAN_POINT('',(19.,-41.));
#897 = CARTESIAN_POINT('',(17.,-41.));
#898 = ( GEOMETRIC_REPRESENTATION_CONTEXT(2) 
PARAMETRIC_REPRESENTATION_CONTEXT() REPRESENTATION_CONTEXT('2D SPACE',''
  ) );
#899 = PCURVE('',#900,#905);
#900 = PLANE('',#901);
#901 = AXIS2_PLACEMENT_3D('',#902,#903,#904);
#902 = CARTESIAN_POINT('',(17.,-41.,-1.));
#903 = DIRECTION('',(0.,1.,0.));
#904 = DIRECTION('',(0.,0.,1.));
#905 = DEFINITIONAL_REPRESENTATION('',(#906),#909);
#906 = B_SPLINE_CURVE_WITH_KNOTS('',1,(#907,#908),.UNSPECIFIED.,.F.,.F.,
  (2,2),(-10.5,-8.5),.PIECEWISE_BEZIER_KNOTS.);
#907 = CARTESIAN_POINT('',(1.,2.));
#908 = CARTESIAN_POINT('',(1.,0.));
#909 = ( GEOMETRIC_REPRESENTATION_CONTEXT(2) 
PARAMETRIC_REPRESENTATION_CONTEXT() REPRESENTATION_CONTEXT('2D SPACE',''
  ) );
#910 = ORIENTED_EDGE('',*,*,#911,.F.);
#911 = EDGE_CURVE('',#832,#886,#912,.T.);
#912 = SURFACE_CURVE('',#913,(#917,#923),.PCURVE_S1.);
#913 = LINE('',#914,#915);
#914 = CARTESIAN_POINT('',(19.,-30.5,0.));
#915 = VECTOR('',#916,1.);
#916 = DIRECTION('',(0.,1.,0.));
#917 = PCURVE('',#45,#918);
#918 = DEFINITIONAL_REPRESENTATION('',(#919),#922);
#919 = B_SPLINE_CURVE_WITH_KNOTS('',1,(#920,#921),.UNSPECIFIED.,.F.,.F.,
  (2,2),(-30.5,-10.5),.PIECEWISE_BEZIER_KNOTS.);
#920 = CARTESIAN_POINT('',(19.,-61.));
#921 = CARTESIAN_POINT('',(19.,-41.));
#922 = ( GEOMETRIC_REPRESENTATION_CONTEXT(2) 
PARAMETRIC_REPRESENTATION_CONTEXT() REPRESENTATION_CONTEXT('2D SPACE',''
  ) );
#923 = PCURVE('',#924,#929);
#924 = PLANE('',#925);
#925 = AXIS2_PLACEMENT_3D('',#926,#927,#928);
#926 = CARTESIAN_POINT('',(19.,-61.,-1.));
#927 = DIRECTION('',(1.,0.,0.));
#928 = DIRECTION('',(0.,0.,1.));
#929 = DEFINITIONAL_REPRESENTATION('',(#930),#933);
#930 = B_SPLINE_CURVE_WITH_KNOTS('',1,(#931,#932),.UNSPECIFIED.,.F.,.F.,
  (2,2),(-30.5,-10.5),.PIECEWISE_BEZIER_KNOTS.);
#931 = CARTESIAN_POINT('',(1.,0.));
#932 = CARTESIAN_POINT('',(1.,-20.));
#933 = ( GEOMETRIC_REPRESENTATION_CONTEXT(2) 
PARAMETRIC_REPRESENTATION_CONTEXT() REPRESENTATION_CONTEXT('2D SPACE',''
  ) );
#934 = FACE_BOUND('',#935,.F.);
#935 = EDGE_LOOP('',(#936));
#936 = ORIENTED_EDGE('',*,*,#937,.T.);
#937 = EDGE_CURVE('',#938,#938,#940,.T.);
#938 = VERTEX_POINT('',#939);
#939 = CARTESIAN_POINT('',(61.273702053557,-33.5,0.));
#940 = SURFACE_CURVE('',#941,(#946,#957),.PCURVE_S1.);
#941 = CIRCLE('',#942,3.25);
#942 = AXIS2_PLACEMENT_3D('',#943,#944,#945);
#943 = CARTESIAN_POINT('',(58.023702053557,-33.5,0.));
#944 = DIRECTION('',(0.,0.,-1.));
#945 = DIRECTION('',(1.,0.,0.));
#946 = PCURVE('',#45,#947);
#947 = DEFINITIONAL_REPRESENTATION('',(#948),#956);
#948 = ( BOUNDED_CURVE() B_SPLINE_CURVE(2,(#949,#950,#951,#952,#953,#954
,#955),.UNSPECIFIED.,.T.,.F.) B_SPLINE_CURVE_WITH_KNOTS((1,2,2,2,2,1),(
    -2.094395102393,0.,2.094395102393,4.188790204786,6.28318530718,
8.377580409573),.UNSPECIFIED.) CURVE() GEOMETRIC_REPRESENTATION_ITEM() 
RATIONAL_B_SPLINE_CURVE((1.,0.5,1.,0.5,1.,0.5,1.)) REPRESENTATION_ITEM(
  '') );
#949 = CARTESIAN_POINT('',(61.273702053557,-33.5));
#950 = CARTESIAN_POINT('',(61.273702053557,-39.12916512459));
#951 = CARTESIAN_POINT('',(56.398702053557,-36.31458256229));
#952 = CARTESIAN_POINT('',(51.523702053557,-33.5));
#953 = CARTESIAN_POINT('',(56.398702053557,-30.6854174377));
#954 = CARTESIAN_POINT('',(61.273702053557,-27.8708348754));
#955 = CARTESIAN_POINT('',(61.273702053557,-33.5));
#956 = ( GEOMETRIC_REPRESENTATION_CONTEXT(2) 
PARAMETRIC_REPRESENTATION_CONTEXT() REPRESENTATION_CONTEXT('2D SPACE',''
  ) );
#957 = PCURVE('',#958,#963);
#958 = CYLINDRICAL_SURFACE('',#959,3.25);
#959 = AXIS2_PLACEMENT_3D('',#960,#961,#962);
#960 = CARTESIAN_POINT('',(58.023702053557,-33.5,-0.1));
#961 = DIRECTION('',(-0.,-0.,-1.));
#962 = DIRECTION('',(1.,0.,0.));
#963 = DEFINITIONAL_REPRESENTATION('',(#964),#968);
#964 = LINE('',#965,#966);
#965 = CARTESIAN_POINT('',(-6.28318530718,-0.1));
#966 = VECTOR('',#967,1.);
#967 = DIRECTION('',(1.,-0.));
#968 = ( GEOMETRIC_REPRESENTATION_CONTEXT(2) 
PARAMETRIC_REPRESENTATION_CONTEXT() REPRESENTATION_CONTEXT('2D SPACE',''
  ) );
#969 = FACE_BOUND('',#970,.F.);
#970 = EDGE_LOOP('',(#971));
#971 = ORIENTED_EDGE('',*,*,#972,.T.);
#972 = EDGE_CURVE('',#973,#973,#975,.T.);
#973 = VERTEX_POINT('',#974);
#974 = CARTESIAN_POINT('',(-54.77370205355,33.5,0.));
#975 = SURFACE_CURVE('',#976,(#981,#992),.PCURVE_S1.);
#976 = CIRCLE('',#977,3.25);
#977 = AXIS2_PLACEMENT_3D('',#978,#979,#980);
#978 = CARTESIAN_POINT('',(-58.02370205355,33.5,0.));
#979 = DIRECTION('',(0.,0.,-1.));
#980 = DIRECTION('',(1.,0.,0.));
#981 = PCURVE('',#45,#982);
#982 = DEFINITIONAL_REPRESENTATION('',(#983),#991);
#983 = ( BOUNDED_CURVE() B_SPLINE_CURVE(2,(#984,#985,#986,#987,#988,#989
,#990),.UNSPECIFIED.,.T.,.F.) B_SPLINE_CURVE_WITH_KNOTS((1,2,2,2,2,1),(
    -2.094395102393,0.,2.094395102393,4.188790204786,6.28318530718,
8.377580409573),.UNSPECIFIED.) CURVE() GEOMETRIC_REPRESENTATION_ITEM() 
RATIONAL_B_SPLINE_CURVE((1.,0.5,1.,0.5,1.,0.5,1.)) REPRESENTATION_ITEM(
  '') );
#984 = CARTESIAN_POINT('',(-54.77370205355,33.5));
#985 = CARTESIAN_POINT('',(-54.77370205355,27.870834875401));
#986 = CARTESIAN_POINT('',(-59.64870205355,30.685417437701));
#987 = CARTESIAN_POINT('',(-64.52370205355,33.5));
#988 = CARTESIAN_POINT('',(-59.64870205355,36.314582562299));
#989 = CARTESIAN_POINT('',(-54.77370205355,39.129165124599));
#990 = CARTESIAN_POINT('',(-54.77370205355,33.5));
#991 = ( GEOMETRIC_REPRESENTATION_CONTEXT(2) 
PARAMETRIC_REPRESENTATION_CONTEXT() REPRESENTATION_CONTEXT('2D SPACE',''
  ) );
#992 = PCURVE('',#993,#998);
#993 = CYLINDRICAL_SURFACE('',#994,3.25);
#994 = AXIS2_PLACEMENT_3D('',#995,#996,#997);
#995 = CARTESIAN_POINT('',(-58.02370205355,33.5,-0.1));
#996 = DIRECTION('',(-0.,-0.,-1.));
#997 = DIRECTION('',(1.,0.,0.));
#998 = DEFINITIONAL_REPRESENTATION('',(#999),#1003);
#999 = LINE('',#1000,#1001);
#1000 = CARTESIAN_POINT('',(-6.28318530718,-0.1));
#1001 = VECTOR('',#1002,1.);
#1002 = DIRECTION('',(1.,-0.));
#1003 = ( GEOMETRIC_REPRESENTATION_CONTEXT(2) 
PARAMETRIC_REPRESENTATION_CONTEXT() REPRESENTATION_CONTEXT('2D SPACE',''
  ) );
#1004 = FACE_BOUND('',#1005,.F.);
#1005 = EDGE_LOOP('',(#1006));
#1006 = ORIENTED_EDGE('',*,*,#1007,.T.);
#1007 = EDGE_CURVE('',#1008,#1008,#1010,.T.);
#1008 = VERTEX_POINT('',#1009);
#1009 = CARTESIAN_POINT('',(61.273702053557,33.5,0.));
#1010 = SURFACE_CURVE('',#1011,(#1016,#1027),.PCURVE_S1.);
#1011 = CIRCLE('',#1012,3.25);
#1012 = AXIS2_PLACEMENT_3D('',#1013,#1014,#1015);
#1013 = CARTESIAN_POINT('',(58.023702053557,33.5,0.));
#1014 = DIRECTION('',(0.,0.,-1.));
#1015 = DIRECTION('',(1.,0.,0.));
#1016 = PCURVE('',#45,#1017);
#1017 = DEFINITIONAL_REPRESENTATION('',(#1018),#1026);
#1018 = ( BOUNDED_CURVE() B_SPLINE_CURVE(2,(#1019,#1020,#1021,#1022,
#1023,#1024,#1025),.UNSPECIFIED.,.T.,.F.) B_SPLINE_CURVE_WITH_KNOTS((1,2
    ,2,2,2,1),(-2.094395102393,0.,2.094395102393,4.188790204786,
6.28318530718,8.377580409573),.UNSPECIFIED.) CURVE() 
GEOMETRIC_REPRESENTATION_ITEM() RATIONAL_B_SPLINE_CURVE((1.,0.5,1.,0.5,
1.,0.5,1.)) REPRESENTATION_ITEM('') );
#1019 = CARTESIAN_POINT('',(61.273702053557,33.5));
#1020 = CARTESIAN_POINT('',(61.273702053557,27.870834875401));
#1021 = CARTESIAN_POINT('',(56.398702053557,30.685417437701));
#1022 = CARTESIAN_POINT('',(51.523702053557,33.5));
#1023 = CARTESIAN_POINT('',(56.398702053557,36.314582562299));
#1024 = CARTESIAN_POINT('',(61.273702053557,39.129165124599));
#1025 = CARTESIAN_POINT('',(61.273702053557,33.5));
#1026 = ( GEOMETRIC_REPRESENTATION_CONTEXT(2) 
PARAMETRIC_REPRESENTATION_CONTEXT() REPRESENTATION_CONTEXT('2D SPACE',''
  ) );
#1027 = PCURVE('',#1028,#1033);
#1028 = CYLINDRICAL_SURFACE('',#1029,3.25);
#1029 = AXIS2_PLACEMENT_3D('',#1030,#1031,#1032);
#1030 = CARTESIAN_POINT('',(58.023702053557,33.5,-0.1));
#1031 = DIRECTION('',(-0.,-0.,-1.));
#1032 = DIRECTION('',(1.,0.,0.));
#1033 = DEFINITIONAL_REPRESENTATION('',(#1034),#1038);
#1034 = LINE('',#1035,#1036);
#1035 = CARTESIAN_POINT('',(-6.28318530718,-0.1));
#1036 = VECTOR('',#1037,1.);
#1037 = DIRECTION('',(1.,-0.));
#1038 = ( GEOMETRIC_REPRESENTATION_CONTEXT(2) 
PARAMETRIC_REPRESENTATION_CONTEXT() REPRESENTATION_CONTEXT('2D SPACE',''
  ) );
#1039 = ADVANCED_FACE('',(#1040),#72,.T.);
#1040 = FACE_BOUND('',#1041,.T.);
#1041 = EDGE_LOOP('',(#1042,#1043,#1062,#1063));
#1042 = ORIENTED_EDGE('',*,*,#57,.F.);
#1043 = ORIENTED_EDGE('',*,*,#1044,.F.);
#1044 = EDGE_CURVE('',#84,#58,#1045,.T.);
#1045 = SURFACE_CURVE('',#1046,(#1050,#1056),.PCURVE_S1.);
#1046 = LINE('',#1047,#1048);
#1047 = CARTESIAN_POINT('',(-42.5,63.,3.));
#1048 = VECTOR('',#1049,1.);
#1049 = DIRECTION('',(-1.,0.,0.));
#1050 = PCURVE('',#72,#1051);
#1051 = DEFINITIONAL_REPRESENTATION('',(#1052),#1055);
#1052 = B_SPLINE_CURVE_WITH_KNOTS('',1,(#1053,#1054),.UNSPECIFIED.,.F.,
  .F.,(2,2),(-116.2,31.2),.PIECEWISE_BEZIER_KNOTS.);
#1053 = CARTESIAN_POINT('',(4.5,158.7));
#1054 = CARTESIAN_POINT('',(4.5,11.3));
#1055 = ( GEOMETRIC_REPRESENTATION_CONTEXT(2) 
PARAMETRIC_REPRESENTATION_CONTEXT() REPRESENTATION_CONTEXT('2D SPACE',''
  ) );
#1056 = PCURVE('',#100,#1057);
#1057 = DEFINITIONAL_REPRESENTATION('',(#1058),#1061);
#1058 = B_SPLINE_CURVE_WITH_KNOTS('',1,(#1059,#1060),.UNSPECIFIED.,.F.,
  .F.,(2,2),(-116.2,31.2),.PIECEWISE_BEZIER_KNOTS.);
#1059 = CARTESIAN_POINT('',(73.7,63.));
#1060 = CARTESIAN_POINT('',(-73.7,63.));
#1061 = ( GEOMETRIC_REPRESENTATION_CONTEXT(2) 
PARAMETRIC_REPRESENTATION_CONTEXT() REPRESENTATION_CONTEXT('2D SPACE',''
  ) );
#1062 = ORIENTED_EDGE('',*,*,#116,.T.);
#1063 = ORIENTED_EDGE('',*,*,#139,.T.);
#1064 = ADVANCED_FACE('',(#1065,#1069,#1100,#1186,#1272,#1358,#1393,
    #1519,#1605,#1691,#1777,#1863,#1894,#1929,#2055,#2090,#2121,#2241,
    #2367,#2398,#2433),#100,.T.);
#1065 = FACE_BOUND('',#1066,.T.);
#1066 = EDGE_LOOP('',(#1067,#1068));
#1067 = ORIENTED_EDGE('',*,*,#1044,.T.);
#1068 = ORIENTED_EDGE('',*,*,#83,.F.);
#1069 = FACE_BOUND('',#1070,.T.);
#1070 = EDGE_LOOP('',(#1071));
#1071 = ORIENTED_EDGE('',*,*,#1072,.F.);
#1072 = EDGE_CURVE('',#1073,#1073,#1075,.T.);
#1073 = VERTEX_POINT('',#1074);
#1074 = CARTESIAN_POINT('',(-42.4,-41.,3.));
#1075 = SURFACE_CURVE('',#1076,(#1081,#1088),.PCURVE_S1.);
#1076 = CIRCLE('',#1077,3.6);
#1077 = AXIS2_PLACEMENT_3D('',#1078,#1079,#1080);
#1078 = CARTESIAN_POINT('',(-46.,-41.,3.));
#1079 = DIRECTION('',(0.,0.,1.));
#1080 = DIRECTION('',(1.,0.,0.));
#1081 = PCURVE('',#100,#1082);
#1082 = DEFINITIONAL_REPRESENTATION('',(#1083),#1087);
#1083 = CIRCLE('',#1084,3.6);
#1084 = AXIS2_PLACEMENT_2D('',#1085,#1086);
#1085 = CARTESIAN_POINT('',(-46.,-41.));
#1086 = DIRECTION('',(1.,0.));
#1087 = ( GEOMETRIC_REPRESENTATION_CONTEXT(2) 
PARAMETRIC_REPRESENTATION_CONTEXT() REPRESENTATION_CONTEXT('2D SPACE',''
  ) );
#1088 = PCURVE('',#1089,#1094);
#1089 = CYLINDRICAL_SURFACE('',#1090,3.6);
#1090 = AXIS2_PLACEMENT_3D('',#1091,#1092,#1093);
#1091 = CARTESIAN_POINT('',(-46.,-41.,3.));
#1092 = DIRECTION('',(-0.,-0.,-1.));
#1093 = DIRECTION('',(1.,0.,0.));
#1094 = DEFINITIONAL_REPRESENTATION('',(#1095),#1099);
#1095 = LINE('',#1096,#1097);
#1096 = CARTESIAN_POINT('',(-0.,0.));
#1097 = VECTOR('',#1098,1.);
#1098 = DIRECTION('',(-1.,0.));
#1099 = ( GEOMETRIC_REPRESENTATION_CONTEXT(2) 
PARAMETRIC_REPRESENTATION_CONTEXT() REPRESENTATION_CONTEXT('2D SPACE',''
  ) );
#1100 = FACE_BOUND('',#1101,.T.);
#1101 = EDGE_LOOP('',(#1102,#1125,#1146,#1167));
#1102 = ORIENTED_EDGE('',*,*,#1103,.T.);
#1103 = EDGE_CURVE('',#1104,#1106,#1108,.T.);
#1104 = VERTEX_POINT('',#1105);
#1105 = CARTESIAN_POINT('',(-17.,-61.,3.));
#1106 = VERTEX_POINT('',#1107);
#1107 = CARTESIAN_POINT('',(-19.,-61.,3.));
#1108 = SURFACE_CURVE('',#1109,(#1113,#1119),.PCURVE_S1.);
#1109 = LINE('',#1110,#1111);
#1110 = CARTESIAN_POINT('',(-9.5,-61.,3.));
#1111 = VECTOR('',#1112,1.);
#1112 = DIRECTION('',(-1.,0.,0.));
#1113 = PCURVE('',#100,#1114);
#1114 = DEFINITIONAL_REPRESENTATION('',(#1115),#1118);
#1115 = B_SPLINE_CURVE_WITH_KNOTS('',1,(#1116,#1117),.UNSPECIFIED.,.F.,
  .F.,(2,2),(7.5,9.5),.PIECEWISE_BEZIER_KNOTS.);
#1116 = CARTESIAN_POINT('',(-17.,-61.));
#1117 = CARTESIAN_POINT('',(-19.,-61.));
#1118 = ( GEOMETRIC_REPRESENTATION_CONTEXT(2) 
PARAMETRIC_REPRESENTATION_CONTEXT() REPRESENTATION_CONTEXT('2D SPACE',''
  ) );
#1119 = PCURVE('',#177,#1120);
#1120 = DEFINITIONAL_REPRESENTATION('',(#1121),#1124);
#1121 = B_SPLINE_CURVE_WITH_KNOTS('',1,(#1122,#1123),.UNSPECIFIED.,.F.,
  .F.,(2,2),(7.5,9.5),.PIECEWISE_BEZIER_KNOTS.);
#1122 = CARTESIAN_POINT('',(4.,2.));
#1123 = CARTESIAN_POINT('',(4.,0.));
#1124 = ( GEOMETRIC_REPRESENTATION_CONTEXT(2) 
PARAMETRIC_REPRESENTATION_CONTEXT() REPRESENTATION_CONTEXT('2D SPACE',''
  ) );
#1125 = ORIENTED_EDGE('',*,*,#1126,.T.);
#1126 = EDGE_CURVE('',#1106,#1127,#1129,.T.);
#1127 = VERTEX_POINT('',#1128);
#1128 = CARTESIAN_POINT('',(-19.,-41.,3.));
#1129 = SURFACE_CURVE('',#1130,(#1134,#1140),.PCURVE_S1.);
#1130 = LINE('',#1131,#1132);
#1131 = CARTESIAN_POINT('',(-19.,-30.5,3.));
#1132 = VECTOR('',#1133,1.);
#1133 = DIRECTION('',(0.,1.,0.));
#1134 = PCURVE('',#100,#1135);
#1135 = DEFINITIONAL_REPRESENTATION('',(#1136),#1139);
#1136 = B_SPLINE_CURVE_WITH_KNOTS('',1,(#1137,#1138),.UNSPECIFIED.,.F.,
  .F.,(2,2),(-30.5,-10.5),.PIECEWISE_BEZIER_KNOTS.);
#1137 = CARTESIAN_POINT('',(-19.,-61.));
#1138 = CARTESIAN_POINT('',(-19.,-41.));
#1139 = ( GEOMETRIC_REPRESENTATION_CONTEXT(2) 
PARAMETRIC_REPRESENTATION_CONTEXT() REPRESENTATION_CONTEXT('2D SPACE',''
  ) );
#1140 = PCURVE('',#203,#1141);
#1141 = DEFINITIONAL_REPRESENTATION('',(#1142),#1145);
#1142 = B_SPLINE_CURVE_WITH_KNOTS('',1,(#1143,#1144),.UNSPECIFIED.,.F.,
  .F.,(2,2),(-30.5,-10.5),.PIECEWISE_BEZIER_KNOTS.);
#1143 = CARTESIAN_POINT('',(4.,0.));
#1144 = CARTESIAN_POINT('',(4.,-20.));
#1145 = ( GEOMETRIC_REPRESENTATION_CONTEXT(2) 
PARAMETRIC_REPRESENTATION_CONTEXT() REPRESENTATION_CONTEXT('2D SPACE',''
  ) );
#1146 = ORIENTED_EDGE('',*,*,#1147,.F.);
#1147 = EDGE_CURVE('',#1148,#1127,#1150,.T.);
#1148 = VERTEX_POINT('',#1149);
#1149 = CARTESIAN_POINT('',(-17.,-41.,3.));
#1150 = SURFACE_CURVE('',#1151,(#1155,#1161),.PCURVE_S1.);
#1151 = LINE('',#1152,#1153);
#1152 = CARTESIAN_POINT('',(-9.5,-41.,3.));
#1153 = VECTOR('',#1154,1.);
#1154 = DIRECTION('',(-1.,0.,0.));
#1155 = PCURVE('',#100,#1156);
#1156 = DEFINITIONAL_REPRESENTATION('',(#1157),#1160);
#1157 = B_SPLINE_CURVE_WITH_KNOTS('',1,(#1158,#1159),.UNSPECIFIED.,.F.,
  .F.,(2,2),(7.5,9.5),.PIECEWISE_BEZIER_KNOTS.);
#1158 = CARTESIAN_POINT('',(-17.,-41.));
#1159 = CARTESIAN_POINT('',(-19.,-41.));
#1160 = ( GEOMETRIC_REPRESENTATION_CONTEXT(2) 
PARAMETRIC_REPRESENTATION_CONTEXT() REPRESENTATION_CONTEXT('2D SPACE',''
  ) );
#1161 = PCURVE('',#229,#1162);
#1162 = DEFINITIONAL_REPRESENTATION('',(#1163),#1166);
#1163 = B_SPLINE_CURVE_WITH_KNOTS('',1,(#1164,#1165),.UNSPECIFIED.,.F.,
  .F.,(2,2),(7.5,9.5),.PIECEWISE_BEZIER_KNOTS.);
#1164 = CARTESIAN_POINT('',(4.,2.));
#1165 = CARTESIAN_POINT('',(4.,0.));
#1166 = ( GEOMETRIC_REPRESENTATION_CONTEXT(2) 
PARAMETRIC_REPRESENTATION_CONTEXT() REPRESENTATION_CONTEXT('2D SPACE',''
  ) );
#1167 = ORIENTED_EDGE('',*,*,#1168,.F.);
#1168 = EDGE_CURVE('',#1104,#1148,#1169,.T.);
#1169 = SURFACE_CURVE('',#1170,(#1174,#1180),.PCURVE_S1.);
#1170 = LINE('',#1171,#1172);
#1171 = CARTESIAN_POINT('',(-17.,-30.5,3.));
#1172 = VECTOR('',#1173,1.);
#1173 = DIRECTION('',(0.,1.,0.));
#1174 = PCURVE('',#100,#1175);
#1175 = DEFINITIONAL_REPRESENTATION('',(#1176),#1179);
#1176 = B_SPLINE_CURVE_WITH_KNOTS('',1,(#1177,#1178),.UNSPECIFIED.,.F.,
  .F.,(2,2),(-30.5,-10.5),.PIECEWISE_BEZIER_KNOTS.);
#1177 = CARTESIAN_POINT('',(-17.,-61.));
#1178 = CARTESIAN_POINT('',(-17.,-41.));
#1179 = ( GEOMETRIC_REPRESENTATION_CONTEXT(2) 
PARAMETRIC_REPRESENTATION_CONTEXT() REPRESENTATION_CONTEXT('2D SPACE',''
  ) );
#1180 = PCURVE('',#253,#1181);
#1181 = DEFINITIONAL_REPRESENTATION('',(#1182),#1185);
#1182 = B_SPLINE_CURVE_WITH_KNOTS('',1,(#1183,#1184),.UNSPECIFIED.,.F.,
  .F.,(2,2),(-30.5,-10.5),.PIECEWISE_BEZIER_KNOTS.);
#1183 = CARTESIAN_POINT('',(4.,0.));
#1184 = CARTESIAN_POINT('',(4.,-20.));
#1185 = ( GEOMETRIC_REPRESENTATION_CONTEXT(2) 
PARAMETRIC_REPRESENTATION_CONTEXT() REPRESENTATION_CONTEXT('2D SPACE',''
  ) );
#1186 = FACE_BOUND('',#1187,.T.);
#1187 = EDGE_LOOP('',(#1188,#1211,#1232,#1253));
#1188 = ORIENTED_EDGE('',*,*,#1189,.T.);
#1189 = EDGE_CURVE('',#1190,#1192,#1194,.T.);
#1190 = VERTEX_POINT('',#1191);
#1191 = CARTESIAN_POINT('',(-11.,-61.,3.));
#1192 = VERTEX_POINT('',#1193);
#1193 = CARTESIAN_POINT('',(-13.,-61.,3.));
#1194 = SURFACE_CURVE('',#1195,(#1199,#1205),.PCURVE_S1.);
#1195 = LINE('',#1196,#1197);
#1196 = CARTESIAN_POINT('',(-6.5,-61.,3.));
#1197 = VECTOR('',#1198,1.);
#1198 = DIRECTION('',(-1.,0.,0.));
#1199 = PCURVE('',#100,#1200);
#1200 = DEFINITIONAL_REPRESENTATION('',(#1201),#1204);
#1201 = B_SPLINE_CURVE_WITH_KNOTS('',1,(#1202,#1203),.UNSPECIFIED.,.F.,
  .F.,(2,2),(4.5,6.5),.PIECEWISE_BEZIER_KNOTS.);
#1202 = CARTESIAN_POINT('',(-11.,-61.));
#1203 = CARTESIAN_POINT('',(-13.,-61.));
#1204 = ( GEOMETRIC_REPRESENTATION_CONTEXT(2) 
PARAMETRIC_REPRESENTATION_CONTEXT() REPRESENTATION_CONTEXT('2D SPACE',''
  ) );
#1205 = PCURVE('',#283,#1206);
#1206 = DEFINITIONAL_REPRESENTATION('',(#1207),#1210);
#1207 = B_SPLINE_CURVE_WITH_KNOTS('',1,(#1208,#1209),.UNSPECIFIED.,.F.,
  .F.,(2,2),(4.5,6.5),.PIECEWISE_BEZIER_KNOTS.);
#1208 = CARTESIAN_POINT('',(4.,2.));
#1209 = CARTESIAN_POINT('',(4.,0.));
#1210 = ( GEOMETRIC_REPRESENTATION_CONTEXT(2) 
PARAMETRIC_REPRESENTATION_CONTEXT() REPRESENTATION_CONTEXT('2D SPACE',''
  ) );
#1211 = ORIENTED_EDGE('',*,*,#1212,.T.);
#1212 = EDGE_CURVE('',#1192,#1213,#1215,.T.);
#1213 = VERTEX_POINT('',#1214);
#1214 = CARTESIAN_POINT('',(-13.,-41.,3.));
#1215 = SURFACE_CURVE('',#1216,(#1220,#1226),.PCURVE_S1.);
#1216 = LINE('',#1217,#1218);
#1217 = CARTESIAN_POINT('',(-13.,-30.5,3.));
#1218 = VECTOR('',#1219,1.);
#1219 = DIRECTION('',(0.,1.,0.));
#1220 = PCURVE('',#100,#1221);
#1221 = DEFINITIONAL_REPRESENTATION('',(#1222),#1225);
#1222 = B_SPLINE_CURVE_WITH_KNOTS('',1,(#1223,#1224),.UNSPECIFIED.,.F.,
  .F.,(2,2),(-30.5,-10.5),.PIECEWISE_BEZIER_KNOTS.);
#1223 = CARTESIAN_POINT('',(-13.,-61.));
#1224 = CARTESIAN_POINT('',(-13.,-41.));
#1225 = ( GEOMETRIC_REPRESENTATION_CONTEXT(2) 
PARAMETRIC_REPRESENTATION_CONTEXT() REPRESENTATION_CONTEXT('2D SPACE',''
  ) );
#1226 = PCURVE('',#309,#1227);
#1227 = DEFINITIONAL_REPRESENTATION('',(#1228),#1231);
#1228 = B_SPLINE_CURVE_WITH_KNOTS('',1,(#1229,#1230),.UNSPECIFIED.,.F.,
  .F.,(2,2),(-30.5,-10.5),.PIECEWISE_BEZIER_KNOTS.);
#1229 = CARTESIAN_POINT('',(4.,0.));
#1230 = CARTESIAN_POINT('',(4.,-20.));
#1231 = ( GEOMETRIC_REPRESENTATION_CONTEXT(2) 
PARAMETRIC_REPRESENTATION_CONTEXT() REPRESENTATION_CONTEXT('2D SPACE',''
  ) );
#1232 = ORIENTED_EDGE('',*,*,#1233,.F.);
#1233 = EDGE_CURVE('',#1234,#1213,#1236,.T.);
#1234 = VERTEX_POINT('',#1235);
#1235 = CARTESIAN_POINT('',(-11.,-41.,3.));
#1236 = SURFACE_CURVE('',#1237,(#1241,#1247),.PCURVE_S1.);
#1237 = LINE('',#1238,#1239);
#1238 = CARTESIAN_POINT('',(-6.5,-41.,3.));
#1239 = VECTOR('',#1240,1.);
#1240 = DIRECTION('',(-1.,0.,0.));
#1241 = PCURVE('',#100,#1242);
#1242 = DEFINITIONAL_REPRESENTATION('',(#1243),#1246);
#1243 = B_SPLINE_CURVE_WITH_KNOTS('',1,(#1244,#1245),.UNSPECIFIED.,.F.,
  .F.,(2,2),(4.5,6.5),.PIECEWISE_BEZIER_KNOTS.);
#1244 = CARTESIAN_POINT('',(-11.,-41.));
#1245 = CARTESIAN_POINT('',(-13.,-41.));
#1246 = ( GEOMETRIC_REPRESENTATION_CONTEXT(2) 
PARAMETRIC_REPRESENTATION_CONTEXT() REPRESENTATION_CONTEXT('2D SPACE',''
  ) );
#1247 = PCURVE('',#335,#1248);
#1248 = DEFINITIONAL_REPRESENTATION('',(#1249),#1252);
#1249 = B_SPLINE_CURVE_WITH_KNOTS('',1,(#1250,#1251),.UNSPECIFIED.,.F.,
  .F.,(2,2),(4.5,6.5),.PIECEWISE_BEZIER_KNOTS.);
#1250 = CARTESIAN_POINT('',(4.,2.));
#1251 = CARTESIAN_POINT('',(4.,0.));
#1252 = ( GEOMETRIC_REPRESENTATION_CONTEXT(2) 
PARAMETRIC_REPRESENTATION_CONTEXT() REPRESENTATION_CONTEXT('2D SPACE',''
  ) );
#1253 = ORIENTED_EDGE('',*,*,#1254,.F.);
#1254 = EDGE_CURVE('',#1190,#1234,#1255,.T.);
#1255 = SURFACE_CURVE('',#1256,(#1260,#1266),.PCURVE_S1.);
#1256 = LINE('',#1257,#1258);
#1257 = CARTESIAN_POINT('',(-11.,-30.5,3.));
#1258 = VECTOR('',#1259,1.);
#1259 = DIRECTION('',(0.,1.,0.));
#1260 = PCURVE('',#100,#1261);
#1261 = DEFINITIONAL_REPRESENTATION('',(#1262),#1265);
#1262 = B_SPLINE_CURVE_WITH_KNOTS('',1,(#1263,#1264),.UNSPECIFIED.,.F.,
  .F.,(2,2),(-30.5,-10.5),.PIECEWISE_BEZIER_KNOTS.);
#1263 = CARTESIAN_POINT('',(-11.,-61.));
#1264 = CARTESIAN_POINT('',(-11.,-41.));
#1265 = ( GEOMETRIC_REPRESENTATION_CONTEXT(2) 
PARAMETRIC_REPRESENTATION_CONTEXT() REPRESENTATION_CONTEXT('2D SPACE',''
  ) );
#1266 = PCURVE('',#359,#1267);
#1267 = DEFINITIONAL_REPRESENTATION('',(#1268),#1271);
#1268 = B_SPLINE_CURVE_WITH_KNOTS('',1,(#1269,#1270),.UNSPECIFIED.,.F.,
  .F.,(2,2),(-30.5,-10.5),.PIECEWISE_BEZIER_KNOTS.);
#1269 = CARTESIAN_POINT('',(4.,0.));
#1270 = CARTESIAN_POINT('',(4.,-20.));
#1271 = ( GEOMETRIC_REPRESENTATION_CONTEXT(2) 
PARAMETRIC_REPRESENTATION_CONTEXT() REPRESENTATION_CONTEXT('2D SPACE',''
  ) );
#1272 = FACE_BOUND('',#1273,.T.);
#1273 = EDGE_LOOP('',(#1274,#1297,#1318,#1339));
#1274 = ORIENTED_EDGE('',*,*,#1275,.T.);
#1275 = EDGE_CURVE('',#1276,#1278,#1280,.T.);
#1276 = VERTEX_POINT('',#1277);
#1277 = CARTESIAN_POINT('',(-5.,-61.,3.));
#1278 = VERTEX_POINT('',#1279);
#1279 = CARTESIAN_POINT('',(-7.,-61.,3.));
#1280 = SURFACE_CURVE('',#1281,(#1285,#1291),.PCURVE_S1.);
#1281 = LINE('',#1282,#1283);
#1282 = CARTESIAN_POINT('',(-3.5,-61.,3.));
#1283 = VECTOR('',#1284,1.);
#1284 = DIRECTION('',(-1.,0.,0.));
#1285 = PCURVE('',#100,#1286);
#1286 = DEFINITIONAL_REPRESENTATION('',(#1287),#1290);
#1287 = B_SPLINE_CURVE_WITH_KNOTS('',1,(#1288,#1289),.UNSPECIFIED.,.F.,
  .F.,(2,2),(1.5,3.5),.PIECEWISE_BEZIER_KNOTS.);
#1288 = CARTESIAN_POINT('',(-5.,-61.));
#1289 = CARTESIAN_POINT('',(-7.,-61.));
#1290 = ( GEOMETRIC_REPRESENTATION_CONTEXT(2) 
PARAMETRIC_REPRESENTATION_CONTEXT() REPRESENTATION_CONTEXT('2D SPACE',''
  ) );
#1291 = PCURVE('',#389,#1292);
#1292 = DEFINITIONAL_REPRESENTATION('',(#1293),#1296);
#1293 = B_SPLINE_CURVE_WITH_KNOTS('',1,(#1294,#1295),.UNSPECIFIED.,.F.,
  .F.,(2,2),(1.5,3.5),.PIECEWISE_BEZIER_KNOTS.);
#1294 = CARTESIAN_POINT('',(4.,2.));
#1295 = CARTESIAN_POINT('',(4.,0.));
#1296 = ( GEOMETRIC_REPRESENTATION_CONTEXT(2) 
PARAMETRIC_REPRESENTATION_CONTEXT() REPRESENTATION_CONTEXT('2D SPACE',''
  ) );
#1297 = ORIENTED_EDGE('',*,*,#1298,.T.);
#1298 = EDGE_CURVE('',#1278,#1299,#1301,.T.);
#1299 = VERTEX_POINT('',#1300);
#1300 = CARTESIAN_POINT('',(-7.,-41.,3.));
#1301 = SURFACE_CURVE('',#1302,(#1306,#1312),.PCURVE_S1.);
#1302 = LINE('',#1303,#1304);
#1303 = CARTESIAN_POINT('',(-7.,-30.5,3.));
#1304 = VECTOR('',#1305,1.);
#1305 = DIRECTION('',(0.,1.,0.));
#1306 = PCURVE('',#100,#1307);
#1307 = DEFINITIONAL_REPRESENTATION('',(#1308),#1311);
#1308 = B_SPLINE_CURVE_WITH_KNOTS('',1,(#1309,#1310),.UNSPECIFIED.,.F.,
  .F.,(2,2),(-30.5,-10.5),.PIECEWISE_BEZIER_KNOTS.);
#1309 = CARTESIAN_POINT('',(-7.,-61.));
#1310 = CARTESIAN_POINT('',(-7.,-41.));
#1311 = ( GEOMETRIC_REPRESENTATION_CONTEXT(2) 
PARAMETRIC_REPRESENTATION_CONTEXT() REPRESENTATION_CONTEXT('2D SPACE',''
  ) );
#1312 = PCURVE('',#415,#1313);
#1313 = DEFINITIONAL_REPRESENTATION('',(#1314),#1317);
#1314 = B_SPLINE_CURVE_WITH_KNOTS('',1,(#1315,#1316),.UNSPECIFIED.,.F.,
  .F.,(2,2),(-30.5,-10.5),.PIECEWISE_BEZIER_KNOTS.);
#1315 = CARTESIAN_POINT('',(4.,0.));
#1316 = CARTESIAN_POINT('',(4.,-20.));
#1317 = ( GEOMETRIC_REPRESENTATION_CONTEXT(2) 
PARAMETRIC_REPRESENTATION_CONTEXT() REPRESENTATION_CONTEXT('2D SPACE',''
  ) );
#1318 = ORIENTED_EDGE('',*,*,#1319,.F.);
#1319 = EDGE_CURVE('',#1320,#1299,#1322,.T.);
#1320 = VERTEX_POINT('',#1321);
#1321 = CARTESIAN_POINT('',(-5.,-41.,3.));
#1322 = SURFACE_CURVE('',#1323,(#1327,#1333),.PCURVE_S1.);
#1323 = LINE('',#1324,#1325);
#1324 = CARTESIAN_POINT('',(-3.5,-41.,3.));
#1325 = VECTOR('',#1326,1.);
#1326 = DIRECTION('',(-1.,0.,0.));
#1327 = PCURVE('',#100,#1328);
#1328 = DEFINITIONAL_REPRESENTATION('',(#1329),#1332);
#1329 = B_SPLINE_CURVE_WITH_KNOTS('',1,(#1330,#1331),.UNSPECIFIED.,.F.,
  .F.,(2,2),(1.5,3.5),.PIECEWISE_BEZIER_KNOTS.);
#1330 = CARTESIAN_POINT('',(-5.,-41.));
#1331 = CARTESIAN_POINT('',(-7.,-41.));
#1332 = ( GEOMETRIC_REPRESENTATION_CONTEXT(2) 
PARAMETRIC_REPRESENTATION_CONTEXT() REPRESENTATION_CONTEXT('2D SPACE',''
  ) );
#1333 = PCURVE('',#441,#1334);
#1334 = DEFINITIONAL_REPRESENTATION('',(#1335),#1338);
#1335 = B_SPLINE_CURVE_WITH_KNOTS('',1,(#1336,#1337),.UNSPECIFIED.,.F.,
  .F.,(2,2),(1.5,3.5),.PIECEWISE_BEZIER_KNOTS.);
#1336 = CARTESIAN_POINT('',(4.,2.));
#1337 = CARTESIAN_POINT('',(4.,0.));
#1338 = ( GEOMETRIC_REPRESENTATION_CONTEXT(2) 
PARAMETRIC_REPRESENTATION_CONTEXT() REPRESENTATION_CONTEXT('2D SPACE',''
  ) );
#1339 = ORIENTED_EDGE('',*,*,#1340,.F.);
#1340 = EDGE_CURVE('',#1276,#1320,#1341,.T.);
#1341 = SURFACE_CURVE('',#1342,(#1346,#1352),.PCURVE_S1.);
#1342 = LINE('',#1343,#1344);
#1343 = CARTESIAN_POINT('',(-5.,-30.5,3.));
#1344 = VECTOR('',#1345,1.);
#1345 = DIRECTION('',(0.,1.,0.));
#1346 = PCURVE('',#100,#1347);
#1347 = DEFINITIONAL_REPRESENTATION('',(#1348),#1351);
#1348 = B_SPLINE_CURVE_WITH_KNOTS('',1,(#1349,#1350),.UNSPECIFIED.,.F.,
  .F.,(2,2),(-30.5,-10.5),.PIECEWISE_BEZIER_KNOTS.);
#1349 = CARTESIAN_POINT('',(-5.,-61.));
#1350 = CARTESIAN_POINT('',(-5.,-41.));
#1351 = ( GEOMETRIC_REPRESENTATION_CONTEXT(2) 
PARAMETRIC_REPRESENTATION_CONTEXT() REPRESENTATION_CONTEXT('2D SPACE',''
  ) );
#1352 = PCURVE('',#465,#1353);
#1353 = DEFINITIONAL_REPRESENTATION('',(#1354),#1357);
#1354 = B_SPLINE_CURVE_WITH_KNOTS('',1,(#1355,#1356),.UNSPECIFIED.,.F.,
  .F.,(2,2),(-30.5,-10.5),.PIECEWISE_BEZIER_KNOTS.);
#1355 = CARTESIAN_POINT('',(4.,0.));
#1356 = CARTESIAN_POINT('',(4.,-20.));
#1357 = ( GEOMETRIC_REPRESENTATION_CONTEXT(2) 
PARAMETRIC_REPRESENTATION_CONTEXT() REPRESENTATION_CONTEXT('2D SPACE',''
  ) );
#1358 = FACE_BOUND('',#1359,.T.);
#1359 = EDGE_LOOP('',(#1360));
#1360 = ORIENTED_EDGE('',*,*,#1361,.T.);
#1361 = EDGE_CURVE('',#1362,#1362,#1364,.T.);
#1362 = VERTEX_POINT('',#1363);
#1363 = CARTESIAN_POINT('',(-56.32370205355,-33.5,3.));
#1364 = SURFACE_CURVE('',#1365,(#1370,#1381),.PCURVE_S1.);
#1365 = CIRCLE('',#1366,1.7);
#1366 = AXIS2_PLACEMENT_3D('',#1367,#1368,#1369);
#1367 = CARTESIAN_POINT('',(-58.02370205355,-33.5,3.));
#1368 = DIRECTION('',(0.,0.,-1.));
#1369 = DIRECTION('',(1.,0.,0.));
#1370 = PCURVE('',#100,#1371);
#1371 = DEFINITIONAL_REPRESENTATION('',(#1372),#1380);
#1372 = ( BOUNDED_CURVE() B_SPLINE_CURVE(2,(#1373,#1374,#1375,#1376,
#1377,#1378,#1379),.UNSPECIFIED.,.T.,.F.) B_SPLINE_CURVE_WITH_KNOTS((1,2
    ,2,2,2,1),(-2.094395102393,0.,2.094395102393,4.188790204786,
6.28318530718,8.377580409573),.UNSPECIFIED.) CURVE() 
GEOMETRIC_REPRESENTATION_ITEM() RATIONAL_B_SPLINE_CURVE((1.,0.5,1.,0.5,
1.,0.5,1.)) REPRESENTATION_ITEM('') );
#1373 = CARTESIAN_POINT('',(-56.32370205355,-33.5));
#1374 = CARTESIAN_POINT('',(-56.32370205355,-36.44448637286));
#1375 = CARTESIAN_POINT('',(-58.87370205355,-34.97224318643));
#1376 = CARTESIAN_POINT('',(-61.42370205355,-33.5));
#1377 = CARTESIAN_POINT('',(-58.87370205355,-32.02775681356));
#1378 = CARTESIAN_POINT('',(-56.32370205355,-30.55551362713));
#1379 = CARTESIAN_POINT('',(-56.32370205355,-33.5));
#1380 = ( GEOMETRIC_REPRESENTATION_CONTEXT(2) 
PARAMETRIC_REPRESENTATION_CONTEXT() REPRESENTATION_CONTEXT('2D SPACE',''
  ) );
#1381 = PCURVE('',#1382,#1387);
#1382 = CYLINDRICAL_SURFACE('',#1383,1.7);
#1383 = AXIS2_PLACEMENT_3D('',#1384,#1385,#1386);
#1384 = CARTESIAN_POINT('',(-58.02370205355,-33.5,-1.));
#1385 = DIRECTION('',(-0.,-0.,-1.));
#1386 = DIRECTION('',(1.,0.,0.));
#1387 = DEFINITIONAL_REPRESENTATION('',(#1388),#1392);
#1388 = LINE('',#1389,#1390);
#1389 = CARTESIAN_POINT('',(-6.28318530718,-4.));
#1390 = VECTOR('',#1391,1.);
#1391 = DIRECTION('',(1.,-0.));
#1392 = ( GEOMETRIC_REPRESENTATION_CONTEXT(2) 
PARAMETRIC_REPRESENTATION_CONTEXT() REPRESENTATION_CONTEXT('2D SPACE',''
  ) );
#1393 = FACE_BOUND('',#1394,.T.);
#1394 = EDGE_LOOP('',(#1395,#1426,#1459,#1488));
#1395 = ORIENTED_EDGE('',*,*,#1396,.F.);
#1396 = EDGE_CURVE('',#1397,#1399,#1401,.T.);
#1397 = VERTEX_POINT('',#1398);
#1398 = CARTESIAN_POINT('',(-59.07829748004,-38.74502893094,3.));
#1399 = VERTEX_POINT('',#1400);
#1400 = CARTESIAN_POINT('',(59.078297480042,-38.74502893094,3.));
#1401 = SURFACE_CURVE('',#1402,(#1407,#1414),.PCURVE_S1.);
#1402 = CIRCLE('',#1403,70.65);
#1403 = AXIS2_PLACEMENT_3D('',#1404,#1405,#1406);
#1404 = CARTESIAN_POINT('',(0.,0.,3.));
#1405 = DIRECTION('',(0.,0.,1.));
#1406 = DIRECTION('',(-0.53919685913,0.842179759377,0.));
#1407 = PCURVE('',#100,#1408);
#1408 = DEFINITIONAL_REPRESENTATION('',(#1409),#1413);
#1409 = CIRCLE('',#1410,70.65);
#1410 = AXIS2_PLACEMENT_2D('',#1411,#1412);
#1411 = CARTESIAN_POINT('',(4.749859890503E-15,-4.11624086585E-15));
#1412 = DIRECTION('',(-0.53919685913,0.842179759377));
#1413 = ( GEOMETRIC_REPRESENTATION_CONTEXT(2) 
PARAMETRIC_REPRESENTATION_CONTEXT() REPRESENTATION_CONTEXT('2D SPACE',''
  ) );
#1414 = PCURVE('',#1415,#1420);
#1415 = CYLINDRICAL_SURFACE('',#1416,70.65);
#1416 = AXIS2_PLACEMENT_3D('',#1417,#1418,#1419);
#1417 = CARTESIAN_POINT('',(0.,0.,3.));
#1418 = DIRECTION('',(-0.,-0.,-1.));
#1419 = DIRECTION('',(1.,0.,0.));
#1420 = DEFINITIONAL_REPRESENTATION('',(#1421),#1425);
#1421 = LINE('',#1422,#1423);
#1422 = CARTESIAN_POINT('',(-2.140279499323,0.));
#1423 = VECTOR('',#1424,1.);
#1424 = DIRECTION('',(-1.,0.));
#1425 = ( GEOMETRIC_REPRESENTATION_CONTEXT(2) 
PARAMETRIC_REPRESENTATION_CONTEXT() REPRESENTATION_CONTEXT('2D SPACE',''
  ) );
#1426 = ORIENTED_EDGE('',*,*,#1427,.F.);
#1427 = EDGE_CURVE('',#1428,#1397,#1430,.T.);
#1428 = VERTEX_POINT('',#1429);
#1429 = CARTESIAN_POINT('',(-56.86759529467,-38.72359236178,3.));
#1430 = SURFACE_CURVE('',#1431,(#1436,#1447),.PCURVE_S1.);
#1431 = CIRCLE('',#1432,5.35);
#1432 = AXIS2_PLACEMENT_3D('',#1433,#1434,#1435);
#1433 = CARTESIAN_POINT('',(-58.02370205355,-33.5,3.));
#1434 = DIRECTION('',(0.,0.,-1.));
#1435 = DIRECTION('',(1.,0.,0.));
#1436 = PCURVE('',#100,#1437);
#1437 = DEFINITIONAL_REPRESENTATION('',(#1438),#1446);
#1438 = ( BOUNDED_CURVE() B_SPLINE_CURVE(2,(#1439,#1440,#1441,#1442,
#1443,#1444,#1445),.UNSPECIFIED.,.T.,.F.) B_SPLINE_CURVE_WITH_KNOTS((1,2
    ,2,2,2,1),(-2.094395102393,0.,2.094395102393,4.188790204786,
6.28318530718,8.377580409573),.UNSPECIFIED.) CURVE() 
GEOMETRIC_REPRESENTATION_ITEM() RATIONAL_B_SPLINE_CURVE((1.,0.5,1.,0.5,
1.,0.5,1.)) REPRESENTATION_ITEM('') );
#1439 = CARTESIAN_POINT('',(-52.67370205355,-33.5));
#1440 = CARTESIAN_POINT('',(-52.67370205355,-42.76647182049));
#1441 = CARTESIAN_POINT('',(-60.69870205355,-38.13323591024));
#1442 = CARTESIAN_POINT('',(-68.72370205355,-33.5));
#1443 = CARTESIAN_POINT('',(-60.69870205355,-28.86676408975));
#1444 = CARTESIAN_POINT('',(-52.67370205355,-24.2335281795));
#1445 = CARTESIAN_POINT('',(-52.67370205355,-33.5));
#1446 = ( GEOMETRIC_REPRESENTATION_CONTEXT(2) 
PARAMETRIC_REPRESENTATION_CONTEXT() REPRESENTATION_CONTEXT('2D SPACE',''
  ) );
#1447 = PCURVE('',#1448,#1453);
#1448 = CYLINDRICAL_SURFACE('',#1449,5.35);
#1449 = AXIS2_PLACEMENT_3D('',#1450,#1451,#1452);
#1450 = CARTESIAN_POINT('',(-58.02370205355,-33.5,2.9));
#1451 = DIRECTION('',(-0.,-0.,-1.));
#1452 = DIRECTION('',(1.,0.,0.));
#1453 = DEFINITIONAL_REPRESENTATION('',(#1454),#1458);
#1454 = LINE('',#1455,#1456);
#1455 = CARTESIAN_POINT('',(-6.28318530718,-0.1));
#1456 = VECTOR('',#1457,1.);
#1457 = DIRECTION('',(1.,-0.));
#1458 = ( GEOMETRIC_REPRESENTATION_CONTEXT(2) 
PARAMETRIC_REPRESENTATION_CONTEXT() REPRESENTATION_CONTEXT('2D SPACE',''
  ) );
#1459 = ORIENTED_EDGE('',*,*,#1460,.T.);
#1460 = EDGE_CURVE('',#1428,#1461,#1463,.T.);
#1461 = VERTEX_POINT('',#1462);
#1462 = CARTESIAN_POINT('',(56.867595294672,-38.72359236178,3.));
#1463 = SURFACE_CURVE('',#1464,(#1469,#1476),.PCURVE_S1.);
#1464 = CIRCLE('',#1465,68.8);
#1465 = AXIS2_PLACEMENT_3D('',#1466,#1467,#1468);
#1466 = CARTESIAN_POINT('',(3.330951933245E-13,1.609155523307E-15,3.));
#1467 = DIRECTION('',(0.,0.,1.));
#1468 = DIRECTION('',(-0.502072418844,0.864825581395,0.));
#1469 = PCURVE('',#100,#1470);
#1470 = DEFINITIONAL_REPRESENTATION('',(#1471),#1475);
#1471 = CIRCLE('',#1472,68.8);
#1472 = AXIS2_PLACEMENT_2D('',#1473,#1474);
#1473 = CARTESIAN_POINT('',(3.37845053215E-13,-2.507085342543E-15));
#1474 = DIRECTION('',(-0.502072418844,0.864825581395));
#1475 = ( GEOMETRIC_REPRESENTATION_CONTEXT(2) 
PARAMETRIC_REPRESENTATION_CONTEXT() REPRESENTATION_CONTEXT('2D SPACE',''
  ) );
#1476 = PCURVE('',#1477,#1482);
#1477 = CYLINDRICAL_SURFACE('',#1478,68.8);
#1478 = AXIS2_PLACEMENT_3D('',#1479,#1480,#1481);
#1479 = CARTESIAN_POINT('',(3.330951933245E-13,1.609155523307E-15,3.));
#1480 = DIRECTION('',(-0.,-0.,-1.));
#1481 = DIRECTION('',(1.,0.,0.));
#1482 = DEFINITIONAL_REPRESENTATION('',(#1483),#1487);
#1483 = LINE('',#1484,#1485);
#1484 = CARTESIAN_POINT('',(-2.096789783243,0.));
#1485 = VECTOR('',#1486,1.);
#1486 = DIRECTION('',(-1.,0.));
#1487 = ( GEOMETRIC_REPRESENTATION_CONTEXT(2) 
PARAMETRIC_REPRESENTATION_CONTEXT() REPRESENTATION_CONTEXT('2D SPACE',''
  ) );
#1488 = ORIENTED_EDGE('',*,*,#1489,.F.);
#1489 = EDGE_CURVE('',#1399,#1461,#1490,.T.);
#1490 = SURFACE_CURVE('',#1491,(#1496,#1507),.PCURVE_S1.);
#1491 = CIRCLE('',#1492,5.35);
#1492 = AXIS2_PLACEMENT_3D('',#1493,#1494,#1495);
#1493 = CARTESIAN_POINT('',(58.023702053557,-33.5,3.));
#1494 = DIRECTION('',(0.,0.,-1.));
#1495 = DIRECTION('',(1.,0.,0.));
#1496 = PCURVE('',#100,#1497);
#1497 = DEFINITIONAL_REPRESENTATION('',(#1498),#1506);
#1498 = ( BOUNDED_CURVE() B_SPLINE_CURVE(2,(#1499,#1500,#1501,#1502,
#1503,#1504,#1505),.UNSPECIFIED.,.T.,.F.) B_SPLINE_CURVE_WITH_KNOTS((1,2
    ,2,2,2,1),(-2.094395102393,0.,2.094395102393,4.188790204786,
6.28318530718,8.377580409573),.UNSPECIFIED.) CURVE() 
GEOMETRIC_REPRESENTATION_ITEM() RATIONAL_B_SPLINE_CURVE((1.,0.5,1.,0.5,
1.,0.5,1.)) REPRESENTATION_ITEM('') );
#1499 = CARTESIAN_POINT('',(63.373702053557,-33.5));
#1500 = CARTESIAN_POINT('',(63.373702053557,-42.76647182049));
#1501 = CARTESIAN_POINT('',(55.348702053557,-38.13323591024));
#1502 = CARTESIAN_POINT('',(47.323702053557,-33.5));
#1503 = CARTESIAN_POINT('',(55.348702053557,-28.86676408975));
#1504 = CARTESIAN_POINT('',(63.373702053557,-24.2335281795));
#1505 = CARTESIAN_POINT('',(63.373702053557,-33.5));
#1506 = ( GEOMETRIC_REPRESENTATION_CONTEXT(2) 
PARAMETRIC_REPRESENTATION_CONTEXT() REPRESENTATION_CONTEXT('2D SPACE',''
  ) );
#1507 = PCURVE('',#1508,#1513);
#1508 = CYLINDRICAL_SURFACE('',#1509,5.35);
#1509 = AXIS2_PLACEMENT_3D('',#1510,#1511,#1512);
#1510 = CARTESIAN_POINT('',(58.023702053557,-33.5,2.9));
#1511 = DIRECTION('',(-0.,-0.,-1.));
#1512 = DIRECTION('',(1.,0.,0.));
#1513 = DEFINITIONAL_REPRESENTATION('',(#1514),#1518);
#1514 = LINE('',#1515,#1516);
#1515 = CARTESIAN_POINT('',(-6.28318530718,-0.1));
#1516 = VECTOR('',#1517,1.);
#1517 = DIRECTION('',(1.,-0.));
#1518 = ( GEOMETRIC_REPRESENTATION_CONTEXT(2) 
PARAMETRIC_REPRESENTATION_CONTEXT() REPRESENTATION_CONTEXT('2D SPACE',''
  ) );
#1519 = FACE_BOUND('',#1520,.T.);
#1520 = EDGE_LOOP('',(#1521,#1544,#1565,#1586));
#1521 = ORIENTED_EDGE('',*,*,#1522,.T.);
#1522 = EDGE_CURVE('',#1523,#1525,#1527,.T.);
#1523 = VERTEX_POINT('',#1524);
#1524 = CARTESIAN_POINT('',(1.,-61.,3.));
#1525 = VERTEX_POINT('',#1526);
#1526 = CARTESIAN_POINT('',(-1.,-61.,3.));
#1527 = SURFACE_CURVE('',#1528,(#1532,#1538),.PCURVE_S1.);
#1528 = LINE('',#1529,#1530);
#1529 = CARTESIAN_POINT('',(-0.5,-61.,3.));
#1530 = VECTOR('',#1531,1.);
#1531 = DIRECTION('',(-1.,0.,0.));
#1532 = PCURVE('',#100,#1533);
#1533 = DEFINITIONAL_REPRESENTATION('',(#1534),#1537);
#1534 = B_SPLINE_CURVE_WITH_KNOTS('',1,(#1535,#1536),.UNSPECIFIED.,.F.,
  .F.,(2,2),(-1.5,0.5),.PIECEWISE_BEZIER_KNOTS.);
#1535 = CARTESIAN_POINT('',(1.,-61.));
#1536 = CARTESIAN_POINT('',(-1.,-61.));
#1537 = ( GEOMETRIC_REPRESENTATION_CONTEXT(2) 
PARAMETRIC_REPRESENTATION_CONTEXT() REPRESENTATION_CONTEXT('2D SPACE',''
  ) );
#1538 = PCURVE('',#530,#1539);
#1539 = DEFINITIONAL_REPRESENTATION('',(#1540),#1543);
#1540 = B_SPLINE_CURVE_WITH_KNOTS('',1,(#1541,#1542),.UNSPECIFIED.,.F.,
  .F.,(2,2),(-1.5,0.5),.PIECEWISE_BEZIER_KNOTS.);
#1541 = CARTESIAN_POINT('',(4.,2.));
#1542 = CARTESIAN_POINT('',(4.,0.));
#1543 = ( GEOMETRIC_REPRESENTATION_CONTEXT(2) 
PARAMETRIC_REPRESENTATION_CONTEXT() REPRESENTATION_CONTEXT('2D SPACE',''
  ) );
#1544 = ORIENTED_EDGE('',*,*,#1545,.T.);
#1545 = EDGE_CURVE('',#1525,#1546,#1548,.T.);
#1546 = VERTEX_POINT('',#1547);
#1547 = CARTESIAN_POINT('',(-1.,-41.,3.));
#1548 = SURFACE_CURVE('',#1549,(#1553,#1559),.PCURVE_S1.);
#1549 = LINE('',#1550,#1551);
#1550 = CARTESIAN_POINT('',(-1.,-30.5,3.));
#1551 = VECTOR('',#1552,1.);
#1552 = DIRECTION('',(0.,1.,0.));
#1553 = PCURVE('',#100,#1554);
#1554 = DEFINITIONAL_REPRESENTATION('',(#1555),#1558);
#1555 = B_SPLINE_CURVE_WITH_KNOTS('',1,(#1556,#1557),.UNSPECIFIED.,.F.,
  .F.,(2,2),(-30.5,-10.5),.PIECEWISE_BEZIER_KNOTS.);
#1556 = CARTESIAN_POINT('',(-1.,-61.));
#1557 = CARTESIAN_POINT('',(-1.,-41.));
#1558 = ( GEOMETRIC_REPRESENTATION_CONTEXT(2) 
PARAMETRIC_REPRESENTATION_CONTEXT() REPRESENTATION_CONTEXT('2D SPACE',''
  ) );
#1559 = PCURVE('',#556,#1560);
#1560 = DEFINITIONAL_REPRESENTATION('',(#1561),#1564);
#1561 = B_SPLINE_CURVE_WITH_KNOTS('',1,(#1562,#1563),.UNSPECIFIED.,.F.,
  .F.,(2,2),(-30.5,-10.5),.PIECEWISE_BEZIER_KNOTS.);
#1562 = CARTESIAN_POINT('',(4.,0.));
#1563 = CARTESIAN_POINT('',(4.,-20.));
#1564 = ( GEOMETRIC_REPRESENTATION_CONTEXT(2) 
PARAMETRIC_REPRESENTATION_CONTEXT() REPRESENTATION_CONTEXT('2D SPACE',''
  ) );
#1565 = ORIENTED_EDGE('',*,*,#1566,.F.);
#1566 = EDGE_CURVE('',#1567,#1546,#1569,.T.);
#1567 = VERTEX_POINT('',#1568);
#1568 = CARTESIAN_POINT('',(1.,-41.,3.));
#1569 = SURFACE_CURVE('',#1570,(#1574,#1580),.PCURVE_S1.);
#1570 = LINE('',#1571,#1572);
#1571 = CARTESIAN_POINT('',(-0.5,-41.,3.));
#1572 = VECTOR('',#1573,1.);
#1573 = DIRECTION('',(-1.,0.,0.));
#1574 = PCURVE('',#100,#1575);
#1575 = DEFINITIONAL_REPRESENTATION('',(#1576),#1579);
#1576 = B_SPLINE_CURVE_WITH_KNOTS('',1,(#1577,#1578),.UNSPECIFIED.,.F.,
  .F.,(2,2),(-1.5,0.5),.PIECEWISE_BEZIER_KNOTS.);
#1577 = CARTESIAN_POINT('',(1.,-41.));
#1578 = CARTESIAN_POINT('',(-1.,-41.));
#1579 = ( GEOMETRIC_REPRESENTATION_CONTEXT(2) 
PARAMETRIC_REPRESENTATION_CONTEXT() REPRESENTATION_CONTEXT('2D SPACE',''
  ) );
#1580 = PCURVE('',#582,#1581);
#1581 = DEFINITIONAL_REPRESENTATION('',(#1582),#1585);
#1582 = B_SPLINE_CURVE_WITH_KNOTS('',1,(#1583,#1584),.UNSPECIFIED.,.F.,
  .F.,(2,2),(-1.5,0.5),.PIECEWISE_BEZIER_KNOTS.);
#1583 = CARTESIAN_POINT('',(4.,2.));
#1584 = CARTESIAN_POINT('',(4.,0.));
#1585 = ( GEOMETRIC_REPRESENTATION_CONTEXT(2) 
PARAMETRIC_REPRESENTATION_CONTEXT() REPRESENTATION_CONTEXT('2D SPACE',''
  ) );
#1586 = ORIENTED_EDGE('',*,*,#1587,.F.);
#1587 = EDGE_CURVE('',#1523,#1567,#1588,.T.);
#1588 = SURFACE_CURVE('',#1589,(#1593,#1599),.PCURVE_S1.);
#1589 = LINE('',#1590,#1591);
#1590 = CARTESIAN_POINT('',(1.,-30.5,3.));
#1591 = VECTOR('',#1592,1.);
#1592 = DIRECTION('',(0.,1.,0.));
#1593 = PCURVE('',#100,#1594);
#1594 = DEFINITIONAL_REPRESENTATION('',(#1595),#1598);
#1595 = B_SPLINE_CURVE_WITH_KNOTS('',1,(#1596,#1597),.UNSPECIFIED.,.F.,
  .F.,(2,2),(-30.5,-10.5),.PIECEWISE_BEZIER_KNOTS.);
#1596 = CARTESIAN_POINT('',(1.,-61.));
#1597 = CARTESIAN_POINT('',(1.,-41.));
#1598 = ( GEOMETRIC_REPRESENTATION_CONTEXT(2) 
PARAMETRIC_REPRESENTATION_CONTEXT() REPRESENTATION_CONTEXT('2D SPACE',''
  ) );
#1599 = PCURVE('',#606,#1600);
#1600 = DEFINITIONAL_REPRESENTATION('',(#1601),#1604);
#1601 = B_SPLINE_CURVE_WITH_KNOTS('',1,(#1602,#1603),.UNSPECIFIED.,.F.,
  .F.,(2,2),(-30.5,-10.5),.PIECEWISE_BEZIER_KNOTS.);
#1602 = CARTESIAN_POINT('',(4.,0.));
#1603 = CARTESIAN_POINT('',(4.,-20.));
#1604 = ( GEOMETRIC_REPRESENTATION_CONTEXT(2) 
PARAMETRIC_REPRESENTATION_CONTEXT() REPRESENTATION_CONTEXT('2D SPACE',''
  ) );
#1605 = FACE_BOUND('',#1606,.T.);
#1606 = EDGE_LOOP('',(#1607,#1630,#1651,#1672));
#1607 = ORIENTED_EDGE('',*,*,#1608,.T.);
#1608 = EDGE_CURVE('',#1609,#1611,#1613,.T.);
#1609 = VERTEX_POINT('',#1610);
#1610 = CARTESIAN_POINT('',(7.,-61.,3.));
#1611 = VERTEX_POINT('',#1612);
#1612 = CARTESIAN_POINT('',(5.,-61.,3.));
#1613 = SURFACE_CURVE('',#1614,(#1618,#1624),.PCURVE_S1.);
#1614 = LINE('',#1615,#1616);
#1615 = CARTESIAN_POINT('',(2.5,-61.,3.));
#1616 = VECTOR('',#1617,1.);
#1617 = DIRECTION('',(-1.,0.,0.));
#1618 = PCURVE('',#100,#1619);
#1619 = DEFINITIONAL_REPRESENTATION('',(#1620),#1623);
#1620 = B_SPLINE_CURVE_WITH_KNOTS('',1,(#1621,#1622),.UNSPECIFIED.,.F.,
  .F.,(2,2),(-4.5,-2.5),.PIECEWISE_BEZIER_KNOTS.);
#1621 = CARTESIAN_POINT('',(7.,-61.));
#1622 = CARTESIAN_POINT('',(5.,-61.));
#1623 = ( GEOMETRIC_REPRESENTATION_CONTEXT(2) 
PARAMETRIC_REPRESENTATION_CONTEXT() REPRESENTATION_CONTEXT('2D SPACE',''
  ) );
#1624 = PCURVE('',#636,#1625);
#1625 = DEFINITIONAL_REPRESENTATION('',(#1626),#1629);
#1626 = B_SPLINE_CURVE_WITH_KNOTS('',1,(#1627,#1628),.UNSPECIFIED.,.F.,
  .F.,(2,2),(-4.5,-2.5),.PIECEWISE_BEZIER_KNOTS.);
#1627 = CARTESIAN_POINT('',(4.,2.));
#1628 = CARTESIAN_POINT('',(4.,0.));
#1629 = ( GEOMETRIC_REPRESENTATION_CONTEXT(2) 
PARAMETRIC_REPRESENTATION_CONTEXT() REPRESENTATION_CONTEXT('2D SPACE',''
  ) );
#1630 = ORIENTED_EDGE('',*,*,#1631,.T.);
#1631 = EDGE_CURVE('',#1611,#1632,#1634,.T.);
#1632 = VERTEX_POINT('',#1633);
#1633 = CARTESIAN_POINT('',(5.,-41.,3.));
#1634 = SURFACE_CURVE('',#1635,(#1639,#1645),.PCURVE_S1.);
#1635 = LINE('',#1636,#1637);
#1636 = CARTESIAN_POINT('',(5.,-30.5,3.));
#1637 = VECTOR('',#1638,1.);
#1638 = DIRECTION('',(0.,1.,0.));
#1639 = PCURVE('',#100,#1640);
#1640 = DEFINITIONAL_REPRESENTATION('',(#1641),#1644);
#1641 = B_SPLINE_CURVE_WITH_KNOTS('',1,(#1642,#1643),.UNSPECIFIED.,.F.,
  .F.,(2,2),(-30.5,-10.5),.PIECEWISE_BEZIER_KNOTS.);
#1642 = CARTESIAN_POINT('',(5.,-61.));
#1643 = CARTESIAN_POINT('',(5.,-41.));
#1644 = ( GEOMETRIC_REPRESENTATION_CONTEXT(2) 
PARAMETRIC_REPRESENTATION_CONTEXT() REPRESENTATION_CONTEXT('2D SPACE',''
  ) );
#1645 = PCURVE('',#662,#1646);
#1646 = DEFINITIONAL_REPRESENTATION('',(#1647),#1650);
#1647 = B_SPLINE_CURVE_WITH_KNOTS('',1,(#1648,#1649),.UNSPECIFIED.,.F.,
  .F.,(2,2),(-30.5,-10.5),.PIECEWISE_BEZIER_KNOTS.);
#1648 = CARTESIAN_POINT('',(4.,0.));
#1649 = CARTESIAN_POINT('',(4.,-20.));
#1650 = ( GEOMETRIC_REPRESENTATION_CONTEXT(2) 
PARAMETRIC_REPRESENTATION_CONTEXT() REPRESENTATION_CONTEXT('2D SPACE',''
  ) );
#1651 = ORIENTED_EDGE('',*,*,#1652,.F.);
#1652 = EDGE_CURVE('',#1653,#1632,#1655,.T.);
#1653 = VERTEX_POINT('',#1654);
#1654 = CARTESIAN_POINT('',(7.,-41.,3.));
#1655 = SURFACE_CURVE('',#1656,(#1660,#1666),.PCURVE_S1.);
#1656 = LINE('',#1657,#1658);
#1657 = CARTESIAN_POINT('',(2.5,-41.,3.));
#1658 = VECTOR('',#1659,1.);
#1659 = DIRECTION('',(-1.,0.,0.));
#1660 = PCURVE('',#100,#1661);
#1661 = DEFINITIONAL_REPRESENTATION('',(#1662),#1665);
#1662 = B_SPLINE_CURVE_WITH_KNOTS('',1,(#1663,#1664),.UNSPECIFIED.,.F.,
  .F.,(2,2),(-4.5,-2.5),.PIECEWISE_BEZIER_KNOTS.);
#1663 = CARTESIAN_POINT('',(7.,-41.));
#1664 = CARTESIAN_POINT('',(5.,-41.));
#1665 = ( GEOMETRIC_REPRESENTATION_CONTEXT(2) 
PARAMETRIC_REPRESENTATION_CONTEXT() REPRESENTATION_CONTEXT('2D SPACE',''
  ) );
#1666 = PCURVE('',#688,#1667);
#1667 = DEFINITIONAL_REPRESENTATION('',(#1668),#1671);
#1668 = B_SPLINE_CURVE_WITH_KNOTS('',1,(#1669,#1670),.UNSPECIFIED.,.F.,
  .F.,(2,2),(-4.5,-2.5),.PIECEWISE_BEZIER_KNOTS.);
#1669 = CARTESIAN_POINT('',(4.,2.));
#1670 = CARTESIAN_POINT('',(4.,0.));
#1671 = ( GEOMETRIC_REPRESENTATION_CONTEXT(2) 
PARAMETRIC_REPRESENTATION_CONTEXT() REPRESENTATION_CONTEXT('2D SPACE',''
  ) );
#1672 = ORIENTED_EDGE('',*,*,#1673,.F.);
#1673 = EDGE_CURVE('',#1609,#1653,#1674,.T.);
#1674 = SURFACE_CURVE('',#1675,(#1679,#1685),.PCURVE_S1.);
#1675 = LINE('',#1676,#1677);
#1676 = CARTESIAN_POINT('',(7.,-30.5,3.));
#1677 = VECTOR('',#1678,1.);
#1678 = DIRECTION('',(0.,1.,0.));
#1679 = PCURVE('',#100,#1680);
#1680 = DEFINITIONAL_REPRESENTATION('',(#1681),#1684);
#1681 = B_SPLINE_CURVE_WITH_KNOTS('',1,(#1682,#1683),.UNSPECIFIED.,.F.,
  .F.,(2,2),(-30.5,-10.5),.PIECEWISE_BEZIER_KNOTS.);
#1682 = CARTESIAN_POINT('',(7.,-61.));
#1683 = CARTESIAN_POINT('',(7.,-41.));
#1684 = ( GEOMETRIC_REPRESENTATION_CONTEXT(2) 
PARAMETRIC_REPRESENTATION_CONTEXT() REPRESENTATION_CONTEXT('2D SPACE',''
  ) );
#1685 = PCURVE('',#712,#1686);
#1686 = DEFINITIONAL_REPRESENTATION('',(#1687),#1690);
#1687 = B_SPLINE_CURVE_WITH_KNOTS('',1,(#1688,#1689),.UNSPECIFIED.,.F.,
  .F.,(2,2),(-30.5,-10.5),.PIECEWISE_BEZIER_KNOTS.);
#1688 = CARTESIAN_POINT('',(4.,0.));
#1689 = CARTESIAN_POINT('',(4.,-20.));
#1690 = ( GEOMETRIC_REPRESENTATION_CONTEXT(2) 
PARAMETRIC_REPRESENTATION_CONTEXT() REPRESENTATION_CONTEXT('2D SPACE',''
  ) );
#1691 = FACE_BOUND('',#1692,.T.);
#1692 = EDGE_LOOP('',(#1693,#1716,#1737,#1758));
#1693 = ORIENTED_EDGE('',*,*,#1694,.T.);
#1694 = EDGE_CURVE('',#1695,#1697,#1699,.T.);
#1695 = VERTEX_POINT('',#1696);
#1696 = CARTESIAN_POINT('',(13.,-61.,3.));
#1697 = VERTEX_POINT('',#1698);
#1698 = CARTESIAN_POINT('',(11.,-61.,3.));
#1699 = SURFACE_CURVE('',#1700,(#1704,#1710),.PCURVE_S1.);
#1700 = LINE('',#1701,#1702);
#1701 = CARTESIAN_POINT('',(5.5,-61.,3.));
#1702 = VECTOR('',#1703,1.);
#1703 = DIRECTION('',(-1.,0.,0.));
#1704 = PCURVE('',#100,#1705);
#1705 = DEFINITIONAL_REPRESENTATION('',(#1706),#1709);
#1706 = B_SPLINE_CURVE_WITH_KNOTS('',1,(#1707,#1708),.UNSPECIFIED.,.F.,
  .F.,(2,2),(-7.5,-5.5),.PIECEWISE_BEZIER_KNOTS.);
#1707 = CARTESIAN_POINT('',(13.,-61.));
#1708 = CARTESIAN_POINT('',(11.,-61.));
#1709 = ( GEOMETRIC_REPRESENTATION_CONTEXT(2) 
PARAMETRIC_REPRESENTATION_CONTEXT() REPRESENTATION_CONTEXT('2D SPACE',''
  ) );
#1710 = PCURVE('',#742,#1711);
#1711 = DEFINITIONAL_REPRESENTATION('',(#1712),#1715);
#1712 = B_SPLINE_CURVE_WITH_KNOTS('',1,(#1713,#1714),.UNSPECIFIED.,.F.,
  .F.,(2,2),(-7.5,-5.5),.PIECEWISE_BEZIER_KNOTS.);
#1713 = CARTESIAN_POINT('',(4.,2.));
#1714 = CARTESIAN_POINT('',(4.,0.));
#1715 = ( GEOMETRIC_REPRESENTATION_CONTEXT(2) 
PARAMETRIC_REPRESENTATION_CONTEXT() REPRESENTATION_CONTEXT('2D SPACE',''
  ) );
#1716 = ORIENTED_EDGE('',*,*,#1717,.T.);
#1717 = EDGE_CURVE('',#1697,#1718,#1720,.T.);
#1718 = VERTEX_POINT('',#1719);
#1719 = CARTESIAN_POINT('',(11.,-41.,3.));
#1720 = SURFACE_CURVE('',#1721,(#1725,#1731),.PCURVE_S1.);
#1721 = LINE('',#1722,#1723);
#1722 = CARTESIAN_POINT('',(11.,-30.5,3.));
#1723 = VECTOR('',#1724,1.);
#1724 = DIRECTION('',(0.,1.,0.));
#1725 = PCURVE('',#100,#1726);
#1726 = DEFINITIONAL_REPRESENTATION('',(#1727),#1730);
#1727 = B_SPLINE_CURVE_WITH_KNOTS('',1,(#1728,#1729),.UNSPECIFIED.,.F.,
  .F.,(2,2),(-30.5,-10.5),.PIECEWISE_BEZIER_KNOTS.);
#1728 = CARTESIAN_POINT('',(11.,-61.));
#1729 = CARTESIAN_POINT('',(11.,-41.));
#1730 = ( GEOMETRIC_REPRESENTATION_CONTEXT(2) 
PARAMETRIC_REPRESENTATION_CONTEXT() REPRESENTATION_CONTEXT('2D SPACE',''
  ) );
#1731 = PCURVE('',#768,#1732);
#1732 = DEFINITIONAL_REPRESENTATION('',(#1733),#1736);
#1733 = B_SPLINE_CURVE_WITH_KNOTS('',1,(#1734,#1735),.UNSPECIFIED.,.F.,
  .F.,(2,2),(-30.5,-10.5),.PIECEWISE_BEZIER_KNOTS.);
#1734 = CARTESIAN_POINT('',(4.,0.));
#1735 = CARTESIAN_POINT('',(4.,-20.));
#1736 = ( GEOMETRIC_REPRESENTATION_CONTEXT(2) 
PARAMETRIC_REPRESENTATION_CONTEXT() REPRESENTATION_CONTEXT('2D SPACE',''
  ) );
#1737 = ORIENTED_EDGE('',*,*,#1738,.F.);
#1738 = EDGE_CURVE('',#1739,#1718,#1741,.T.);
#1739 = VERTEX_POINT('',#1740);
#1740 = CARTESIAN_POINT('',(13.,-41.,3.));
#1741 = SURFACE_CURVE('',#1742,(#1746,#1752),.PCURVE_S1.);
#1742 = LINE('',#1743,#1744);
#1743 = CARTESIAN_POINT('',(5.5,-41.,3.));
#1744 = VECTOR('',#1745,1.);
#1745 = DIRECTION('',(-1.,0.,0.));
#1746 = PCURVE('',#100,#1747);
#1747 = DEFINITIONAL_REPRESENTATION('',(#1748),#1751);
#1748 = B_SPLINE_CURVE_WITH_KNOTS('',1,(#1749,#1750),.UNSPECIFIED.,.F.,
  .F.,(2,2),(-7.5,-5.5),.PIECEWISE_BEZIER_KNOTS.);
#1749 = CARTESIAN_POINT('',(13.,-41.));
#1750 = CARTESIAN_POINT('',(11.,-41.));
#1751 = ( GEOMETRIC_REPRESENTATION_CONTEXT(2) 
PARAMETRIC_REPRESENTATION_CONTEXT() REPRESENTATION_CONTEXT('2D SPACE',''
  ) );
#1752 = PCURVE('',#794,#1753);
#1753 = DEFINITIONAL_REPRESENTATION('',(#1754),#1757);
#1754 = B_SPLINE_CURVE_WITH_KNOTS('',1,(#1755,#1756),.UNSPECIFIED.,.F.,
  .F.,(2,2),(-7.5,-5.5),.PIECEWISE_BEZIER_KNOTS.);
#1755 = CARTESIAN_POINT('',(4.,2.));
#1756 = CARTESIAN_POINT('',(4.,0.));
#1757 = ( GEOMETRIC_REPRESENTATION_CONTEXT(2) 
PARAMETRIC_REPRESENTATION_CONTEXT() REPRESENTATION_CONTEXT('2D SPACE',''
  ) );
#1758 = ORIENTED_EDGE('',*,*,#1759,.F.);
#1759 = EDGE_CURVE('',#1695,#1739,#1760,.T.);
#1760 = SURFACE_CURVE('',#1761,(#1765,#1771),.PCURVE_S1.);
#1761 = LINE('',#1762,#1763);
#1762 = CARTESIAN_POINT('',(13.,-30.5,3.));
#1763 = VECTOR('',#1764,1.);
#1764 = DIRECTION('',(0.,1.,0.));
#1765 = PCURVE('',#100,#1766);
#1766 = DEFINITIONAL_REPRESENTATION('',(#1767),#1770);
#1767 = B_SPLINE_CURVE_WITH_KNOTS('',1,(#1768,#1769),.UNSPECIFIED.,.F.,
  .F.,(2,2),(-30.5,-10.5),.PIECEWISE_BEZIER_KNOTS.);
#1768 = CARTESIAN_POINT('',(13.,-61.));
#1769 = CARTESIAN_POINT('',(13.,-41.));
#1770 = ( GEOMETRIC_REPRESENTATION_CONTEXT(2) 
PARAMETRIC_REPRESENTATION_CONTEXT() REPRESENTATION_CONTEXT('2D SPACE',''
  ) );
#1771 = PCURVE('',#818,#1772);
#1772 = DEFINITIONAL_REPRESENTATION('',(#1773),#1776);
#1773 = B_SPLINE_CURVE_WITH_KNOTS('',1,(#1774,#1775),.UNSPECIFIED.,.F.,
  .F.,(2,2),(-30.5,-10.5),.PIECEWISE_BEZIER_KNOTS.);
#1774 = CARTESIAN_POINT('',(4.,0.));
#1775 = CARTESIAN_POINT('',(4.,-20.));
#1776 = ( GEOMETRIC_REPRESENTATION_CONTEXT(2) 
PARAMETRIC_REPRESENTATION_CONTEXT() REPRESENTATION_CONTEXT('2D SPACE',''
  ) );
#1777 = FACE_BOUND('',#1778,.T.);
#1778 = EDGE_LOOP('',(#1779,#1802,#1823,#1844));
#1779 = ORIENTED_EDGE('',*,*,#1780,.T.);
#1780 = EDGE_CURVE('',#1781,#1783,#1785,.T.);
#1781 = VERTEX_POINT('',#1782);
#1782 = CARTESIAN_POINT('',(19.,-61.,3.));
#1783 = VERTEX_POINT('',#1784);
#1784 = CARTESIAN_POINT('',(17.,-61.,3.));
#1785 = SURFACE_CURVE('',#1786,(#1790,#1796),.PCURVE_S1.);
#1786 = LINE('',#1787,#1788);
#1787 = CARTESIAN_POINT('',(8.5,-61.,3.));
#1788 = VECTOR('',#1789,1.);
#1789 = DIRECTION('',(-1.,0.,0.));
#1790 = PCURVE('',#100,#1791);
#1791 = DEFINITIONAL_REPRESENTATION('',(#1792),#1795);
#1792 = B_SPLINE_CURVE_WITH_KNOTS('',1,(#1793,#1794),.UNSPECIFIED.,.F.,
  .F.,(2,2),(-10.5,-8.5),.PIECEWISE_BEZIER_KNOTS.);
#1793 = CARTESIAN_POINT('',(19.,-61.));
#1794 = CARTESIAN_POINT('',(17.,-61.));
#1795 = ( GEOMETRIC_REPRESENTATION_CONTEXT(2) 
PARAMETRIC_REPRESENTATION_CONTEXT() REPRESENTATION_CONTEXT('2D SPACE',''
  ) );
#1796 = PCURVE('',#848,#1797);
#1797 = DEFINITIONAL_REPRESENTATION('',(#1798),#1801);
#1798 = B_SPLINE_CURVE_WITH_KNOTS('',1,(#1799,#1800),.UNSPECIFIED.,.F.,
  .F.,(2,2),(-10.5,-8.5),.PIECEWISE_BEZIER_KNOTS.);
#1799 = CARTESIAN_POINT('',(4.,2.));
#1800 = CARTESIAN_POINT('',(4.,0.));
#1801 = ( GEOMETRIC_REPRESENTATION_CONTEXT(2) 
PARAMETRIC_REPRESENTATION_CONTEXT() REPRESENTATION_CONTEXT('2D SPACE',''
  ) );
#1802 = ORIENTED_EDGE('',*,*,#1803,.T.);
#1803 = EDGE_CURVE('',#1783,#1804,#1806,.T.);
#1804 = VERTEX_POINT('',#1805);
#1805 = CARTESIAN_POINT('',(17.,-41.,3.));
#1806 = SURFACE_CURVE('',#1807,(#1811,#1817),.PCURVE_S1.);
#1807 = LINE('',#1808,#1809);
#1808 = CARTESIAN_POINT('',(17.,-30.5,3.));
#1809 = VECTOR('',#1810,1.);
#1810 = DIRECTION('',(0.,1.,0.));
#1811 = PCURVE('',#100,#1812);
#1812 = DEFINITIONAL_REPRESENTATION('',(#1813),#1816);
#1813 = B_SPLINE_CURVE_WITH_KNOTS('',1,(#1814,#1815),.UNSPECIFIED.,.F.,
  .F.,(2,2),(-30.5,-10.5),.PIECEWISE_BEZIER_KNOTS.);
#1814 = CARTESIAN_POINT('',(17.,-61.));
#1815 = CARTESIAN_POINT('',(17.,-41.));
#1816 = ( GEOMETRIC_REPRESENTATION_CONTEXT(2) 
PARAMETRIC_REPRESENTATION_CONTEXT() REPRESENTATION_CONTEXT('2D SPACE',''
  ) );
#1817 = PCURVE('',#874,#1818);
#1818 = DEFINITIONAL_REPRESENTATION('',(#1819),#1822);
#1819 = B_SPLINE_CURVE_WITH_KNOTS('',1,(#1820,#1821),.UNSPECIFIED.,.F.,
  .F.,(2,2),(-30.5,-10.5),.PIECEWISE_BEZIER_KNOTS.);
#1820 = CARTESIAN_POINT('',(4.,0.));
#1821 = CARTESIAN_POINT('',(4.,-20.));
#1822 = ( GEOMETRIC_REPRESENTATION_CONTEXT(2) 
PARAMETRIC_REPRESENTATION_CONTEXT() REPRESENTATION_CONTEXT('2D SPACE',''
  ) );
#1823 = ORIENTED_EDGE('',*,*,#1824,.F.);
#1824 = EDGE_CURVE('',#1825,#1804,#1827,.T.);
#1825 = VERTEX_POINT('',#1826);
#1826 = CARTESIAN_POINT('',(19.,-41.,3.));
#1827 = SURFACE_CURVE('',#1828,(#1832,#1838),.PCURVE_S1.);
#1828 = LINE('',#1829,#1830);
#1829 = CARTESIAN_POINT('',(8.5,-41.,3.));
#1830 = VECTOR('',#1831,1.);
#1831 = DIRECTION('',(-1.,0.,0.));
#1832 = PCURVE('',#100,#1833);
#1833 = DEFINITIONAL_REPRESENTATION('',(#1834),#1837);
#1834 = B_SPLINE_CURVE_WITH_KNOTS('',1,(#1835,#1836),.UNSPECIFIED.,.F.,
  .F.,(2,2),(-10.5,-8.5),.PIECEWISE_BEZIER_KNOTS.);
#1835 = CARTESIAN_POINT('',(19.,-41.));
#1836 = CARTESIAN_POINT('',(17.,-41.));
#1837 = ( GEOMETRIC_REPRESENTATION_CONTEXT(2) 
PARAMETRIC_REPRESENTATION_CONTEXT() REPRESENTATION_CONTEXT('2D SPACE',''
  ) );
#1838 = PCURVE('',#900,#1839);
#1839 = DEFINITIONAL_REPRESENTATION('',(#1840),#1843);
#1840 = B_SPLINE_CURVE_WITH_KNOTS('',1,(#1841,#1842),.UNSPECIFIED.,.F.,
  .F.,(2,2),(-10.5,-8.5),.PIECEWISE_BEZIER_KNOTS.);
#1841 = CARTESIAN_POINT('',(4.,2.));
#1842 = CARTESIAN_POINT('',(4.,0.));
#1843 = ( GEOMETRIC_REPRESENTATION_CONTEXT(2) 
PARAMETRIC_REPRESENTATION_CONTEXT() REPRESENTATION_CONTEXT('2D SPACE',''
  ) );
#1844 = ORIENTED_EDGE('',*,*,#1845,.F.);
#1845 = EDGE_CURVE('',#1781,#1825,#1846,.T.);
#1846 = SURFACE_CURVE('',#1847,(#1851,#1857),.PCURVE_S1.);
#1847 = LINE('',#1848,#1849);
#1848 = CARTESIAN_POINT('',(19.,-30.5,3.));
#1849 = VECTOR('',#1850,1.);
#1850 = DIRECTION('',(0.,1.,0.));
#1851 = PCURVE('',#100,#1852);
#1852 = DEFINITIONAL_REPRESENTATION('',(#1853),#1856);
#1853 = B_SPLINE_CURVE_WITH_KNOTS('',1,(#1854,#1855),.UNSPECIFIED.,.F.,
  .F.,(2,2),(-30.5,-10.5),.PIECEWISE_BEZIER_KNOTS.);
#1854 = CARTESIAN_POINT('',(19.,-61.));
#1855 = CARTESIAN_POINT('',(19.,-41.));
#1856 = ( GEOMETRIC_REPRESENTATION_CONTEXT(2) 
PARAMETRIC_REPRESENTATION_CONTEXT() REPRESENTATION_CONTEXT('2D SPACE',''
  ) );
#1857 = PCURVE('',#924,#1858);
#1858 = DEFINITIONAL_REPRESENTATION('',(#1859),#1862);
#1859 = B_SPLINE_CURVE_WITH_KNOTS('',1,(#1860,#1861),.UNSPECIFIED.,.F.,
  .F.,(2,2),(-30.5,-10.5),.PIECEWISE_BEZIER_KNOTS.);
#1860 = CARTESIAN_POINT('',(4.,0.));
#1861 = CARTESIAN_POINT('',(4.,-20.));
#1862 = ( GEOMETRIC_REPRESENTATION_CONTEXT(2) 
PARAMETRIC_REPRESENTATION_CONTEXT() REPRESENTATION_CONTEXT('2D SPACE',''
  ) );
#1863 = FACE_BOUND('',#1864,.T.);
#1864 = EDGE_LOOP('',(#1865));
#1865 = ORIENTED_EDGE('',*,*,#1866,.F.);
#1866 = EDGE_CURVE('',#1867,#1867,#1869,.T.);
#1867 = VERTEX_POINT('',#1868);
#1868 = CARTESIAN_POINT('',(49.6,-41.,3.));
#1869 = SURFACE_CURVE('',#1870,(#1875,#1882),.PCURVE_S1.);
#1870 = CIRCLE('',#1871,3.6);
#1871 = AXIS2_PLACEMENT_3D('',#1872,#1873,#1874);
#1872 = CARTESIAN_POINT('',(46.,-41.,3.));
#1873 = DIRECTION('',(0.,0.,1.));
#1874 = DIRECTION('',(1.,0.,0.));
#1875 = PCURVE('',#100,#1876);
#1876 = DEFINITIONAL_REPRESENTATION('',(#1877),#1881);
#1877 = CIRCLE('',#1878,3.6);
#1878 = AXIS2_PLACEMENT_2D('',#1879,#1880);
#1879 = CARTESIAN_POINT('',(46.,-41.));
#1880 = DIRECTION('',(1.,0.));
#1881 = ( GEOMETRIC_REPRESENTATION_CONTEXT(2) 
PARAMETRIC_REPRESENTATION_CONTEXT() REPRESENTATION_CONTEXT('2D SPACE',''
  ) );
#1882 = PCURVE('',#1883,#1888);
#1883 = CYLINDRICAL_SURFACE('',#1884,3.6);
#1884 = AXIS2_PLACEMENT_3D('',#1885,#1886,#1887);
#1885 = CARTESIAN_POINT('',(46.,-41.,3.));
#1886 = DIRECTION('',(-0.,-0.,-1.));
#1887 = DIRECTION('',(1.,0.,0.));
#1888 = DEFINITIONAL_REPRESENTATION('',(#1889),#1893);
#1889 = LINE('',#1890,#1891);
#1890 = CARTESIAN_POINT('',(-0.,0.));
#1891 = VECTOR('',#1892,1.);
#1892 = DIRECTION('',(-1.,0.));
#1893 = ( GEOMETRIC_REPRESENTATION_CONTEXT(2) 
PARAMETRIC_REPRESENTATION_CONTEXT() REPRESENTATION_CONTEXT('2D SPACE',''
  ) );
#1894 = FACE_BOUND('',#1895,.T.);
#1895 = EDGE_LOOP('',(#1896));
#1896 = ORIENTED_EDGE('',*,*,#1897,.T.);
#1897 = EDGE_CURVE('',#1898,#1898,#1900,.T.);
#1898 = VERTEX_POINT('',#1899);
#1899 = CARTESIAN_POINT('',(59.723702053557,-33.5,3.));
#1900 = SURFACE_CURVE('',#1901,(#1906,#1917),.PCURVE_S1.);
#1901 = CIRCLE('',#1902,1.7);
#1902 = AXIS2_PLACEMENT_3D('',#1903,#1904,#1905);
#1903 = CARTESIAN_POINT('',(58.023702053557,-33.5,3.));
#1904 = DIRECTION('',(0.,0.,-1.));
#1905 = DIRECTION('',(1.,0.,0.));
#1906 = PCURVE('',#100,#1907);
#1907 = DEFINITIONAL_REPRESENTATION('',(#1908),#1916);
#1908 = ( BOUNDED_CURVE() B_SPLINE_CURVE(2,(#1909,#1910,#1911,#1912,
#1913,#1914,#1915),.UNSPECIFIED.,.T.,.F.) B_SPLINE_CURVE_WITH_KNOTS((1,2
    ,2,2,2,1),(-2.094395102393,0.,2.094395102393,4.188790204786,
6.28318530718,8.377580409573),.UNSPECIFIED.) CURVE() 
GEOMETRIC_REPRESENTATION_ITEM() RATIONAL_B_SPLINE_CURVE((1.,0.5,1.,0.5,
1.,0.5,1.)) REPRESENTATION_ITEM('') );
#1909 = CARTESIAN_POINT('',(59.723702053557,-33.5));
#1910 = CARTESIAN_POINT('',(59.723702053557,-36.44448637286));
#1911 = CARTESIAN_POINT('',(57.173702053557,-34.97224318643));
#1912 = CARTESIAN_POINT('',(54.623702053557,-33.5));
#1913 = CARTESIAN_POINT('',(57.173702053557,-32.02775681356));
#1914 = CARTESIAN_POINT('',(59.723702053557,-30.55551362713));
#1915 = CARTESIAN_POINT('',(59.723702053557,-33.5));
#1916 = ( GEOMETRIC_REPRESENTATION_CONTEXT(2) 
PARAMETRIC_REPRESENTATION_CONTEXT() REPRESENTATION_CONTEXT('2D SPACE',''
  ) );
#1917 = PCURVE('',#1918,#1923);
#1918 = CYLINDRICAL_SURFACE('',#1919,1.7);
#1919 = AXIS2_PLACEMENT_3D('',#1920,#1921,#1922);
#1920 = CARTESIAN_POINT('',(58.023702053557,-33.5,-1.));
#1921 = DIRECTION('',(-0.,-0.,-1.));
#1922 = DIRECTION('',(1.,0.,0.));
#1923 = DEFINITIONAL_REPRESENTATION('',(#1924),#1928);
#1924 = LINE('',#1925,#1926);
#1925 = CARTESIAN_POINT('',(-6.28318530718,-4.));
#1926 = VECTOR('',#1927,1.);
#1927 = DIRECTION('',(1.,-0.));
#1928 = ( GEOMETRIC_REPRESENTATION_CONTEXT(2) 
PARAMETRIC_REPRESENTATION_CONTEXT() REPRESENTATION_CONTEXT('2D SPACE',''
  ) );
#1929 = FACE_BOUND('',#1930,.T.);
#1930 = EDGE_LOOP('',(#1931,#1962,#1995,#2024));
#1931 = ORIENTED_EDGE('',*,*,#1932,.F.);
#1932 = EDGE_CURVE('',#1933,#1935,#1937,.T.);
#1933 = VERTEX_POINT('',#1934);
#1934 = CARTESIAN_POINT('',(-63.09332806458,31.790791964578,3.));
#1935 = VERTEX_POINT('',#1936);
#1936 = CARTESIAN_POINT('',(-63.09332806458,-31.79079196457,3.));
#1937 = SURFACE_CURVE('',#1938,(#1943,#1950),.PCURVE_S1.);
#1938 = CIRCLE('',#1939,70.65);
#1939 = AXIS2_PLACEMENT_3D('',#1940,#1941,#1942);
#1940 = CARTESIAN_POINT('',(0.,0.,3.));
#1941 = DIRECTION('',(0.,0.,1.));
#1942 = DIRECTION('',(-0.53919685913,0.842179759377,0.));
#1943 = PCURVE('',#100,#1944);
#1944 = DEFINITIONAL_REPRESENTATION('',(#1945),#1949);
#1945 = CIRCLE('',#1946,70.65);
#1946 = AXIS2_PLACEMENT_2D('',#1947,#1948);
#1947 = CARTESIAN_POINT('',(4.749859890503E-15,-4.11624086585E-15));
#1948 = DIRECTION('',(-0.53919685913,0.842179759377));
#1949 = ( GEOMETRIC_REPRESENTATION_CONTEXT(2) 
PARAMETRIC_REPRESENTATION_CONTEXT() REPRESENTATION_CONTEXT('2D SPACE',''
  ) );
#1950 = PCURVE('',#1951,#1956);
#1951 = CYLINDRICAL_SURFACE('',#1952,70.65);
#1952 = AXIS2_PLACEMENT_3D('',#1953,#1954,#1955);
#1953 = CARTESIAN_POINT('',(0.,0.,3.));
#1954 = DIRECTION('',(-0.,-0.,-1.));
#1955 = DIRECTION('',(1.,0.,0.));
#1956 = DEFINITIONAL_REPRESENTATION('',(#1957),#1961);
#1957 = LINE('',#1958,#1959);
#1958 = CARTESIAN_POINT('',(-2.140279499323,0.));
#1959 = VECTOR('',#1960,1.);
#1960 = DIRECTION('',(-1.,0.));
#1961 = ( GEOMETRIC_REPRESENTATION_CONTEXT(2) 
PARAMETRIC_REPRESENTATION_CONTEXT() REPRESENTATION_CONTEXT('2D SPACE',''
  ) );
#1962 = ORIENTED_EDGE('',*,*,#1963,.F.);
#1963 = EDGE_CURVE('',#1964,#1933,#1966,.T.);
#1964 = VERTEX_POINT('',#1965);
#1965 = CARTESIAN_POINT('',(-61.96941235843,29.886985996427,3.));
#1966 = SURFACE_CURVE('',#1967,(#1972,#1983),.PCURVE_S1.);
#1967 = CIRCLE('',#1968,5.35);
#1968 = AXIS2_PLACEMENT_3D('',#1969,#1970,#1971);
#1969 = CARTESIAN_POINT('',(-58.02370205355,33.5,3.));
#1970 = DIRECTION('',(0.,0.,-1.));
#1971 = DIRECTION('',(1.,0.,0.));
#1972 = PCURVE('',#100,#1973);
#1973 = DEFINITIONAL_REPRESENTATION('',(#1974),#1982);
#1974 = ( BOUNDED_CURVE() B_SPLINE_CURVE(2,(#1975,#1976,#1977,#1978,
#1979,#1980,#1981),.UNSPECIFIED.,.T.,.F.) B_SPLINE_CURVE_WITH_KNOTS((1,2
    ,2,2,2,1),(-2.094395102393,0.,2.094395102393,4.188790204786,
6.28318530718,8.377580409573),.UNSPECIFIED.) CURVE() 
GEOMETRIC_REPRESENTATION_ITEM() RATIONAL_B_SPLINE_CURVE((1.,0.5,1.,0.5,
1.,0.5,1.)) REPRESENTATION_ITEM('') );
#1975 = CARTESIAN_POINT('',(-52.67370205355,33.5));
#1976 = CARTESIAN_POINT('',(-52.67370205355,24.233528179506));
#1977 = CARTESIAN_POINT('',(-60.69870205355,28.866764089753));
#1978 = CARTESIAN_POINT('',(-68.72370205355,33.5));
#1979 = CARTESIAN_POINT('',(-60.69870205355,38.133235910247));
#1980 = CARTESIAN_POINT('',(-52.67370205355,42.766471820493));
#1981 = CARTESIAN_POINT('',(-52.67370205355,33.5));
#1982 = ( GEOMETRIC_REPRESENTATION_CONTEXT(2) 
PARAMETRIC_REPRESENTATION_CONTEXT() REPRESENTATION_CONTEXT('2D SPACE',''
  ) );
#1983 = PCURVE('',#1984,#1989);
#1984 = CYLINDRICAL_SURFACE('',#1985,5.35);
#1985 = AXIS2_PLACEMENT_3D('',#1986,#1987,#1988);
#1986 = CARTESIAN_POINT('',(-58.02370205355,33.5,2.9));
#1987 = DIRECTION('',(-0.,-0.,-1.));
#1988 = DIRECTION('',(1.,0.,0.));
#1989 = DEFINITIONAL_REPRESENTATION('',(#1990),#1994);
#1990 = LINE('',#1991,#1992);
#1991 = CARTESIAN_POINT('',(-6.28318530718,-0.1));
#1992 = VECTOR('',#1993,1.);
#1993 = DIRECTION('',(1.,-0.));
#1994 = ( GEOMETRIC_REPRESENTATION_CONTEXT(2) 
PARAMETRIC_REPRESENTATION_CONTEXT() REPRESENTATION_CONTEXT('2D SPACE',''
  ) );
#1995 = ORIENTED_EDGE('',*,*,#1996,.T.);
#1996 = EDGE_CURVE('',#1964,#1997,#1999,.T.);
#1997 = VERTEX_POINT('',#1998);
#1998 = CARTESIAN_POINT('',(-61.96941235843,-29.88698599642,3.));
#1999 = SURFACE_CURVE('',#2000,(#2005,#2012),.PCURVE_S1.);
#2000 = CIRCLE('',#2001,68.8);
#2001 = AXIS2_PLACEMENT_3D('',#2002,#2003,#2004);
#2002 = CARTESIAN_POINT('',(3.330951933245E-13,1.609155523307E-15,3.));
#2003 = DIRECTION('',(0.,0.,1.));
#2004 = DIRECTION('',(-0.502072418844,0.864825581395,0.));
#2005 = PCURVE('',#100,#2006);
#2006 = DEFINITIONAL_REPRESENTATION('',(#2007),#2011);
#2007 = CIRCLE('',#2008,68.8);
#2008 = AXIS2_PLACEMENT_2D('',#2009,#2010);
#2009 = CARTESIAN_POINT('',(3.37845053215E-13,-2.507085342543E-15));
#2010 = DIRECTION('',(-0.502072418844,0.864825581395));
#2011 = ( GEOMETRIC_REPRESENTATION_CONTEXT(2) 
PARAMETRIC_REPRESENTATION_CONTEXT() REPRESENTATION_CONTEXT('2D SPACE',''
  ) );
#2012 = PCURVE('',#2013,#2018);
#2013 = CYLINDRICAL_SURFACE('',#2014,68.8);
#2014 = AXIS2_PLACEMENT_3D('',#2015,#2016,#2017);
#2015 = CARTESIAN_POINT('',(3.330951933245E-13,1.609155523307E-15,3.));
#2016 = DIRECTION('',(-0.,-0.,-1.));
#2017 = DIRECTION('',(1.,0.,0.));
#2018 = DEFINITIONAL_REPRESENTATION('',(#2019),#2023);
#2019 = LINE('',#2020,#2021);
#2020 = CARTESIAN_POINT('',(-2.096789783243,0.));
#2021 = VECTOR('',#2022,1.);
#2022 = DIRECTION('',(-1.,0.));
#2023 = ( GEOMETRIC_REPRESENTATION_CONTEXT(2) 
PARAMETRIC_REPRESENTATION_CONTEXT() REPRESENTATION_CONTEXT('2D SPACE',''
  ) );
#2024 = ORIENTED_EDGE('',*,*,#2025,.F.);
#2025 = EDGE_CURVE('',#1935,#1997,#2026,.T.);
#2026 = SURFACE_CURVE('',#2027,(#2032,#2043),.PCURVE_S1.);
#2027 = CIRCLE('',#2028,5.35);
#2028 = AXIS2_PLACEMENT_3D('',#2029,#2030,#2031);
#2029 = CARTESIAN_POINT('',(-58.02370205355,-33.5,3.));
#2030 = DIRECTION('',(0.,0.,-1.));
#2031 = DIRECTION('',(1.,0.,0.));
#2032 = PCURVE('',#100,#2033);
#2033 = DEFINITIONAL_REPRESENTATION('',(#2034),#2042);
#2034 = ( BOUNDED_CURVE() B_SPLINE_CURVE(2,(#2035,#2036,#2037,#2038,
#2039,#2040,#2041),.UNSPECIFIED.,.T.,.F.) B_SPLINE_CURVE_WITH_KNOTS((1,2
    ,2,2,2,1),(-2.094395102393,0.,2.094395102393,4.188790204786,
6.28318530718,8.377580409573),.UNSPECIFIED.) CURVE() 
GEOMETRIC_REPRESENTATION_ITEM() RATIONAL_B_SPLINE_CURVE((1.,0.5,1.,0.5,
1.,0.5,1.)) REPRESENTATION_ITEM('') );
#2035 = CARTESIAN_POINT('',(-52.67370205355,-33.5));
#2036 = CARTESIAN_POINT('',(-52.67370205355,-42.76647182049));
#2037 = CARTESIAN_POINT('',(-60.69870205355,-38.13323591024));
#2038 = CARTESIAN_POINT('',(-68.72370205355,-33.5));
#2039 = CARTESIAN_POINT('',(-60.69870205355,-28.86676408975));
#2040 = CARTESIAN_POINT('',(-52.67370205355,-24.2335281795));
#2041 = CARTESIAN_POINT('',(-52.67370205355,-33.5));
#2042 = ( GEOMETRIC_REPRESENTATION_CONTEXT(2) 
PARAMETRIC_REPRESENTATION_CONTEXT() REPRESENTATION_CONTEXT('2D SPACE',''
  ) );
#2043 = PCURVE('',#2044,#2049);
#2044 = CYLINDRICAL_SURFACE('',#2045,5.35);
#2045 = AXIS2_PLACEMENT_3D('',#2046,#2047,#2048);
#2046 = CARTESIAN_POINT('',(-58.02370205355,-33.5,2.9));
#2047 = DIRECTION('',(-0.,-0.,-1.));
#2048 = DIRECTION('',(1.,0.,0.));
#2049 = DEFINITIONAL_REPRESENTATION('',(#2050),#2054);
#2050 = LINE('',#2051,#2052);
#2051 = CARTESIAN_POINT('',(-6.28318530718,-0.1));
#2052 = VECTOR('',#2053,1.);
#2053 = DIRECTION('',(1.,-0.));
#2054 = ( GEOMETRIC_REPRESENTATION_CONTEXT(2) 
PARAMETRIC_REPRESENTATION_CONTEXT() REPRESENTATION_CONTEXT('2D SPACE',''
  ) );
#2055 = FACE_BOUND('',#2056,.T.);
#2056 = EDGE_LOOP('',(#2057));
#2057 = ORIENTED_EDGE('',*,*,#2058,.T.);
#2058 = EDGE_CURVE('',#2059,#2059,#2061,.T.);
#2059 = VERTEX_POINT('',#2060);
#2060 = CARTESIAN_POINT('',(-56.32370205355,33.5,3.));
#2061 = SURFACE_CURVE('',#2062,(#2067,#2078),.PCURVE_S1.);
#2062 = CIRCLE('',#2063,1.7);
#2063 = AXIS2_PLACEMENT_3D('',#2064,#2065,#2066);
#2064 = CARTESIAN_POINT('',(-58.02370205355,33.5,3.));
#2065 = DIRECTION('',(0.,0.,-1.));
#2066 = DIRECTION('',(1.,0.,0.));
#2067 = PCURVE('',#100,#2068);
#2068 = DEFINITIONAL_REPRESENTATION('',(#2069),#2077);
#2069 = ( BOUNDED_CURVE() B_SPLINE_CURVE(2,(#2070,#2071,#2072,#2073,
#2074,#2075,#2076),.UNSPECIFIED.,.T.,.F.) B_SPLINE_CURVE_WITH_KNOTS((1,2
    ,2,2,2,1),(-2.094395102393,0.,2.094395102393,4.188790204786,
6.28318530718,8.377580409573),.UNSPECIFIED.) CURVE() 
GEOMETRIC_REPRESENTATION_ITEM() RATIONAL_B_SPLINE_CURVE((1.,0.5,1.,0.5,
1.,0.5,1.)) REPRESENTATION_ITEM('') );
#2070 = CARTESIAN_POINT('',(-56.32370205355,33.5));
#2071 = CARTESIAN_POINT('',(-56.32370205355,30.555513627133));
#2072 = CARTESIAN_POINT('',(-58.87370205355,32.027756813566));
#2073 = CARTESIAN_POINT('',(-61.42370205355,33.5));
#2074 = CARTESIAN_POINT('',(-58.87370205355,34.972243186434));
#2075 = CARTESIAN_POINT('',(-56.32370205355,36.444486372867));
#2076 = CARTESIAN_POINT('',(-56.32370205355,33.5));
#2077 = ( GEOMETRIC_REPRESENTATION_CONTEXT(2) 
PARAMETRIC_REPRESENTATION_CONTEXT() REPRESENTATION_CONTEXT('2D SPACE',''
  ) );
#2078 = PCURVE('',#2079,#2084);
#2079 = CYLINDRICAL_SURFACE('',#2080,1.7);
#2080 = AXIS2_PLACEMENT_3D('',#2081,#2082,#2083);
#2081 = CARTESIAN_POINT('',(-58.02370205355,33.5,-1.));
#2082 = DIRECTION('',(-0.,-0.,-1.));
#2083 = DIRECTION('',(1.,0.,0.));
#2084 = DEFINITIONAL_REPRESENTATION('',(#2085),#2089);
#2085 = LINE('',#2086,#2087);
#2086 = CARTESIAN_POINT('',(-6.28318530718,-4.));
#2087 = VECTOR('',#2088,1.);
#2088 = DIRECTION('',(1.,-0.));
#2089 = ( GEOMETRIC_REPRESENTATION_CONTEXT(2) 
PARAMETRIC_REPRESENTATION_CONTEXT() REPRESENTATION_CONTEXT('2D SPACE',''
  ) );
#2090 = FACE_BOUND('',#2091,.T.);
#2091 = EDGE_LOOP('',(#2092));
#2092 = ORIENTED_EDGE('',*,*,#2093,.F.);
#2093 = EDGE_CURVE('',#2094,#2094,#2096,.T.);
#2094 = VERTEX_POINT('',#2095);
#2095 = CARTESIAN_POINT('',(-42.4,41.,3.));
#2096 = SURFACE_CURVE('',#2097,(#2102,#2109),.PCURVE_S1.);
#2097 = CIRCLE('',#2098,3.6);
#2098 = AXIS2_PLACEMENT_3D('',#2099,#2100,#2101);
#2099 = CARTESIAN_POINT('',(-46.,41.,3.));
#2100 = DIRECTION('',(0.,0.,1.));
#2101 = DIRECTION('',(1.,0.,0.));
#2102 = PCURVE('',#100,#2103);
#2103 = DEFINITIONAL_REPRESENTATION('',(#2104),#2108);
#2104 = CIRCLE('',#2105,3.6);
#2105 = AXIS2_PLACEMENT_2D('',#2106,#2107);
#2106 = CARTESIAN_POINT('',(-46.,41.));
#2107 = DIRECTION('',(1.,0.));
#2108 = ( GEOMETRIC_REPRESENTATION_CONTEXT(2) 
PARAMETRIC_REPRESENTATION_CONTEXT() REPRESENTATION_CONTEXT('2D SPACE',''
  ) );
#2109 = PCURVE('',#2110,#2115);
#2110 = CYLINDRICAL_SURFACE('',#2111,3.6);
#2111 = AXIS2_PLACEMENT_3D('',#2112,#2113,#2114);
#2112 = CARTESIAN_POINT('',(-46.,41.,3.));
#2113 = DIRECTION('',(-0.,-0.,-1.));
#2114 = DIRECTION('',(1.,0.,0.));
#2115 = DEFINITIONAL_REPRESENTATION('',(#2116),#2120);
#2116 = LINE('',#2117,#2118);
#2117 = CARTESIAN_POINT('',(-0.,0.));
#2118 = VECTOR('',#2119,1.);
#2119 = DIRECTION('',(-1.,0.));
#2120 = ( GEOMETRIC_REPRESENTATION_CONTEXT(2) 
PARAMETRIC_REPRESENTATION_CONTEXT() REPRESENTATION_CONTEXT('2D SPACE',''
  ) );
#2121 = FACE_BOUND('',#2122,.T.);
#2122 = EDGE_LOOP('',(#2123,#2154,#2181,#2210));
#2123 = ORIENTED_EDGE('',*,*,#2124,.F.);
#2124 = EDGE_CURVE('',#2125,#2127,#2129,.T.);
#2125 = VERTEX_POINT('',#2126);
#2126 = CARTESIAN_POINT('',(-38.09425809751,59.5,3.));
#2127 = VERTEX_POINT('',#2128);
#2128 = CARTESIAN_POINT('',(-59.07829748004,38.745028930944,3.));
#2129 = SURFACE_CURVE('',#2130,(#2135,#2142),.PCURVE_S1.);
#2130 = CIRCLE('',#2131,70.65);
#2131 = AXIS2_PLACEMENT_3D('',#2132,#2133,#2134);
#2132 = CARTESIAN_POINT('',(0.,0.,3.));
#2133 = DIRECTION('',(0.,0.,1.));
#2134 = DIRECTION('',(-0.53919685913,0.842179759377,0.));
#2135 = PCURVE('',#100,#2136);
#2136 = DEFINITIONAL_REPRESENTATION('',(#2137),#2141);
#2137 = CIRCLE('',#2138,70.65);
#2138 = AXIS2_PLACEMENT_2D('',#2139,#2140);
#2139 = CARTESIAN_POINT('',(4.749859890503E-15,-4.11624086585E-15));
#2140 = DIRECTION('',(-0.53919685913,0.842179759377));
#2141 = ( GEOMETRIC_REPRESENTATION_CONTEXT(2) 
PARAMETRIC_REPRESENTATION_CONTEXT() REPRESENTATION_CONTEXT('2D SPACE',''
  ) );
#2142 = PCURVE('',#2143,#2148);
#2143 = CYLINDRICAL_SURFACE('',#2144,70.65);
#2144 = AXIS2_PLACEMENT_3D('',#2145,#2146,#2147);
#2145 = CARTESIAN_POINT('',(0.,0.,3.));
#2146 = DIRECTION('',(-0.,-0.,-1.));
#2147 = DIRECTION('',(1.,0.,0.));
#2148 = DEFINITIONAL_REPRESENTATION('',(#2149),#2153);
#2149 = LINE('',#2150,#2151);
#2150 = CARTESIAN_POINT('',(-2.140279499323,0.));
#2151 = VECTOR('',#2152,1.);
#2152 = DIRECTION('',(-1.,0.));
#2153 = ( GEOMETRIC_REPRESENTATION_CONTEXT(2) 
PARAMETRIC_REPRESENTATION_CONTEXT() REPRESENTATION_CONTEXT('2D SPACE',''
  ) );
#2154 = ORIENTED_EDGE('',*,*,#2155,.F.);
#2155 = EDGE_CURVE('',#2156,#2125,#2158,.T.);
#2156 = VERTEX_POINT('',#2157);
#2157 = CARTESIAN_POINT('',(-34.54258241649,59.5,3.));
#2158 = SURFACE_CURVE('',#2159,(#2163,#2170),.PCURVE_S1.);
#2159 = LINE('',#2160,#2161);
#2160 = CARTESIAN_POINT('',(-41.25,59.5,3.));
#2161 = VECTOR('',#2162,1.);
#2162 = DIRECTION('',(-1.,0.,0.));
#2163 = PCURVE('',#100,#2164);
#2164 = DEFINITIONAL_REPRESENTATION('',(#2165),#2169);
#2165 = LINE('',#2166,#2167);
#2166 = CARTESIAN_POINT('',(-41.25,59.5));
#2167 = VECTOR('',#2168,1.);
#2168 = DIRECTION('',(-1.,0.));
#2169 = ( GEOMETRIC_REPRESENTATION_CONTEXT(2) 
PARAMETRIC_REPRESENTATION_CONTEXT() REPRESENTATION_CONTEXT('2D SPACE',''
  ) );
#2170 = PCURVE('',#2171,#2176);
#2171 = PLANE('',#2172);
#2172 = AXIS2_PLACEMENT_3D('',#2173,#2174,#2175);
#2173 = CARTESIAN_POINT('',(-82.5,59.5,-1.));
#2174 = DIRECTION('',(0.,1.,0.));
#2175 = DIRECTION('',(0.,0.,1.));
#2176 = DEFINITIONAL_REPRESENTATION('',(#2177),#2180);
#2177 = B_SPLINE_CURVE_WITH_KNOTS('',1,(#2178,#2179),.UNSPECIFIED.,.F.,
  .F.,(2,2),(-111.9,29.4),.PIECEWISE_BEZIER_KNOTS.);
#2178 = CARTESIAN_POINT('',(4.,153.15));
#2179 = CARTESIAN_POINT('',(4.,11.85));
#2180 = ( GEOMETRIC_REPRESENTATION_CONTEXT(2) 
PARAMETRIC_REPRESENTATION_CONTEXT() REPRESENTATION_CONTEXT('2D SPACE',''
  ) );
#2181 = ORIENTED_EDGE('',*,*,#2182,.T.);
#2182 = EDGE_CURVE('',#2156,#2183,#2185,.T.);
#2183 = VERTEX_POINT('',#2184);
#2184 = CARTESIAN_POINT('',(-56.86759529467,38.723592361781,3.));
#2185 = SURFACE_CURVE('',#2186,(#2191,#2198),.PCURVE_S1.);
#2186 = CIRCLE('',#2187,68.8);
#2187 = AXIS2_PLACEMENT_3D('',#2188,#2189,#2190);
#2188 = CARTESIAN_POINT('',(3.330951933245E-13,1.609155523307E-15,3.));
#2189 = DIRECTION('',(0.,0.,1.));
#2190 = DIRECTION('',(-0.502072418844,0.864825581395,0.));
#2191 = PCURVE('',#100,#2192);
#2192 = DEFINITIONAL_REPRESENTATION('',(#2193),#2197);
#2193 = CIRCLE('',#2194,68.8);
#2194 = AXIS2_PLACEMENT_2D('',#2195,#2196);
#2195 = CARTESIAN_POINT('',(3.37845053215E-13,-2.507085342543E-15));
#2196 = DIRECTION('',(-0.502072418844,0.864825581395));
#2197 = ( GEOMETRIC_REPRESENTATION_CONTEXT(2) 
PARAMETRIC_REPRESENTATION_CONTEXT() REPRESENTATION_CONTEXT('2D SPACE',''
  ) );
#2198 = PCURVE('',#2199,#2204);
#2199 = CYLINDRICAL_SURFACE('',#2200,68.8);
#2200 = AXIS2_PLACEMENT_3D('',#2201,#2202,#2203);
#2201 = CARTESIAN_POINT('',(3.330951933245E-13,1.609155523307E-15,3.));
#2202 = DIRECTION('',(-0.,-0.,-1.));
#2203 = DIRECTION('',(1.,0.,0.));
#2204 = DEFINITIONAL_REPRESENTATION('',(#2205),#2209);
#2205 = LINE('',#2206,#2207);
#2206 = CARTESIAN_POINT('',(-2.096789783243,0.));
#2207 = VECTOR('',#2208,1.);
#2208 = DIRECTION('',(-1.,0.));
#2209 = ( GEOMETRIC_REPRESENTATION_CONTEXT(2) 
PARAMETRIC_REPRESENTATION_CONTEXT() REPRESENTATION_CONTEXT('2D SPACE',''
  ) );
#2210 = ORIENTED_EDGE('',*,*,#2211,.F.);
#2211 = EDGE_CURVE('',#2127,#2183,#2212,.T.);
#2212 = SURFACE_CURVE('',#2213,(#2218,#2229),.PCURVE_S1.);
#2213 = CIRCLE('',#2214,5.35);
#2214 = AXIS2_PLACEMENT_3D('',#2215,#2216,#2217);
#2215 = CARTESIAN_POINT('',(-58.02370205355,33.5,3.));
#2216 = DIRECTION('',(0.,0.,-1.));
#2217 = DIRECTION('',(1.,0.,0.));
#2218 = PCURVE('',#100,#2219);
#2219 = DEFINITIONAL_REPRESENTATION('',(#2220),#2228);
#2220 = ( BOUNDED_CURVE() B_SPLINE_CURVE(2,(#2221,#2222,#2223,#2224,
#2225,#2226,#2227),.UNSPECIFIED.,.T.,.F.) B_SPLINE_CURVE_WITH_KNOTS((1,2
    ,2,2,2,1),(-2.094395102393,0.,2.094395102393,4.188790204786,
6.28318530718,8.377580409573),.UNSPECIFIED.) CURVE() 
GEOMETRIC_REPRESENTATION_ITEM() RATIONAL_B_SPLINE_CURVE((1.,0.5,1.,0.5,
1.,0.5,1.)) REPRESENTATION_ITEM('') );
#2221 = CARTESIAN_POINT('',(-52.67370205355,33.5));
#2222 = CARTESIAN_POINT('',(-52.67370205355,24.233528179506));
#2223 = CARTESIAN_POINT('',(-60.69870205355,28.866764089753));
#2224 = CARTESIAN_POINT('',(-68.72370205355,33.5));
#2225 = CARTESIAN_POINT('',(-60.69870205355,38.133235910247));
#2226 = CARTESIAN_POINT('',(-52.67370205355,42.766471820493));
#2227 = CARTESIAN_POINT('',(-52.67370205355,33.5));
#2228 = ( GEOMETRIC_REPRESENTATION_CONTEXT(2) 
PARAMETRIC_REPRESENTATION_CONTEXT() REPRESENTATION_CONTEXT('2D SPACE',''
  ) );
#2229 = PCURVE('',#2230,#2235);
#2230 = CYLINDRICAL_SURFACE('',#2231,5.35);
#2231 = AXIS2_PLACEMENT_3D('',#2232,#2233,#2234);
#2232 = CARTESIAN_POINT('',(-58.02370205355,33.5,2.9));
#2233 = DIRECTION('',(-0.,-0.,-1.));
#2234 = DIRECTION('',(1.,0.,0.));
#2235 = DEFINITIONAL_REPRESENTATION('',(#2236),#2240);
#2236 = LINE('',#2237,#2238);
#2237 = CARTESIAN_POINT('',(-6.28318530718,-0.1));
#2238 = VECTOR('',#2239,1.);
#2239 = DIRECTION('',(1.,-0.));
#2240 = ( GEOMETRIC_REPRESENTATION_CONTEXT(2) 
PARAMETRIC_REPRESENTATION_CONTEXT() REPRESENTATION_CONTEXT('2D SPACE',''
  ) );
#2241 = FACE_BOUND('',#2242,.T.);
#2242 = EDGE_LOOP('',(#2243,#2274,#2307,#2336));
#2243 = ORIENTED_EDGE('',*,*,#2244,.F.);
#2244 = EDGE_CURVE('',#2245,#2247,#2249,.T.);
#2245 = VERTEX_POINT('',#2246);
#2246 = CARTESIAN_POINT('',(63.093328064581,-31.79079196457,3.));
#2247 = VERTEX_POINT('',#2248);
#2248 = CARTESIAN_POINT('',(63.093328064581,31.790791964578,3.));
#2249 = SURFACE_CURVE('',#2250,(#2255,#2262),.PCURVE_S1.);
#2250 = CIRCLE('',#2251,70.65);
#2251 = AXIS2_PLACEMENT_3D('',#2252,#2253,#2254);
#2252 = CARTESIAN_POINT('',(0.,0.,3.));
#2253 = DIRECTION('',(0.,0.,1.));
#2254 = DIRECTION('',(-0.53919685913,0.842179759377,0.));
#2255 = PCURVE('',#100,#2256);
#2256 = DEFINITIONAL_REPRESENTATION('',(#2257),#2261);
#2257 = CIRCLE('',#2258,70.65);
#2258 = AXIS2_PLACEMENT_2D('',#2259,#2260);
#2259 = CARTESIAN_POINT('',(4.749859890503E-15,-4.11624086585E-15));
#2260 = DIRECTION('',(-0.53919685913,0.842179759377));
#2261 = ( GEOMETRIC_REPRESENTATION_CONTEXT(2) 
PARAMETRIC_REPRESENTATION_CONTEXT() REPRESENTATION_CONTEXT('2D SPACE',''
  ) );
#2262 = PCURVE('',#2263,#2268);
#2263 = CYLINDRICAL_SURFACE('',#2264,70.65);
#2264 = AXIS2_PLACEMENT_3D('',#2265,#2266,#2267);
#2265 = CARTESIAN_POINT('',(0.,0.,3.));
#2266 = DIRECTION('',(-0.,-0.,-1.));
#2267 = DIRECTION('',(1.,0.,0.));
#2268 = DEFINITIONAL_REPRESENTATION('',(#2269),#2273);
#2269 = LINE('',#2270,#2271);
#2270 = CARTESIAN_POINT('',(-2.140279499323,0.));
#2271 = VECTOR('',#2272,1.);
#2272 = DIRECTION('',(-1.,0.));
#2273 = ( GEOMETRIC_REPRESENTATION_CONTEXT(2) 
PARAMETRIC_REPRESENTATION_CONTEXT() REPRESENTATION_CONTEXT('2D SPACE',''
  ) );
#2274 = ORIENTED_EDGE('',*,*,#2275,.F.);
#2275 = EDGE_CURVE('',#2276,#2245,#2278,.T.);
#2276 = VERTEX_POINT('',#2277);
#2277 = CARTESIAN_POINT('',(61.969412358432,-29.88698599642,3.));
#2278 = SURFACE_CURVE('',#2279,(#2284,#2295),.PCURVE_S1.);
#2279 = CIRCLE('',#2280,5.35);
#2280 = AXIS2_PLACEMENT_3D('',#2281,#2282,#2283);
#2281 = CARTESIAN_POINT('',(58.023702053557,-33.5,3.));
#2282 = DIRECTION('',(0.,0.,-1.));
#2283 = DIRECTION('',(1.,0.,0.));
#2284 = PCURVE('',#100,#2285);
#2285 = DEFINITIONAL_REPRESENTATION('',(#2286),#2294);
#2286 = ( BOUNDED_CURVE() B_SPLINE_CURVE(2,(#2287,#2288,#2289,#2290,
#2291,#2292,#2293),.UNSPECIFIED.,.T.,.F.) B_SPLINE_CURVE_WITH_KNOTS((1,2
    ,2,2,2,1),(-2.094395102393,0.,2.094395102393,4.188790204786,
6.28318530718,8.377580409573),.UNSPECIFIED.) CURVE() 
GEOMETRIC_REPRESENTATION_ITEM() RATIONAL_B_SPLINE_CURVE((1.,0.5,1.,0.5,
1.,0.5,1.)) REPRESENTATION_ITEM('') );
#2287 = CARTESIAN_POINT('',(63.373702053557,-33.5));
#2288 = CARTESIAN_POINT('',(63.373702053557,-42.76647182049));
#2289 = CARTESIAN_POINT('',(55.348702053557,-38.13323591024));
#2290 = CARTESIAN_POINT('',(47.323702053557,-33.5));
#2291 = CARTESIAN_POINT('',(55.348702053557,-28.86676408975));
#2292 = CARTESIAN_POINT('',(63.373702053557,-24.2335281795));
#2293 = CARTESIAN_POINT('',(63.373702053557,-33.5));
#2294 = ( GEOMETRIC_REPRESENTATION_CONTEXT(2) 
PARAMETRIC_REPRESENTATION_CONTEXT() REPRESENTATION_CONTEXT('2D SPACE',''
  ) );
#2295 = PCURVE('',#2296,#2301);
#2296 = CYLINDRICAL_SURFACE('',#2297,5.35);
#2297 = AXIS2_PLACEMENT_3D('',#2298,#2299,#2300);
#2298 = CARTESIAN_POINT('',(58.023702053557,-33.5,2.9));
#2299 = DIRECTION('',(-0.,-0.,-1.));
#2300 = DIRECTION('',(1.,0.,0.));
#2301 = DEFINITIONAL_REPRESENTATION('',(#2302),#2306);
#2302 = LINE('',#2303,#2304);
#2303 = CARTESIAN_POINT('',(-6.28318530718,-0.1));
#2304 = VECTOR('',#2305,1.);
#2305 = DIRECTION('',(1.,-0.));
#2306 = ( GEOMETRIC_REPRESENTATION_CONTEXT(2) 
PARAMETRIC_REPRESENTATION_CONTEXT() REPRESENTATION_CONTEXT('2D SPACE',''
  ) );
#2307 = ORIENTED_EDGE('',*,*,#2308,.T.);
#2308 = EDGE_CURVE('',#2276,#2309,#2311,.T.);
#2309 = VERTEX_POINT('',#2310);
#2310 = CARTESIAN_POINT('',(61.969412358432,29.886985996428,3.));
#2311 = SURFACE_CURVE('',#2312,(#2317,#2324),.PCURVE_S1.);
#2312 = CIRCLE('',#2313,68.8);
#2313 = AXIS2_PLACEMENT_3D('',#2314,#2315,#2316);
#2314 = CARTESIAN_POINT('',(3.330951933245E-13,1.609155523307E-15,3.));
#2315 = DIRECTION('',(0.,0.,1.));
#2316 = DIRECTION('',(-0.502072418844,0.864825581395,0.));
#2317 = PCURVE('',#100,#2318);
#2318 = DEFINITIONAL_REPRESENTATION('',(#2319),#2323);
#2319 = CIRCLE('',#2320,68.8);
#2320 = AXIS2_PLACEMENT_2D('',#2321,#2322);
#2321 = CARTESIAN_POINT('',(3.37845053215E-13,-2.507085342543E-15));
#2322 = DIRECTION('',(-0.502072418844,0.864825581395));
#2323 = ( GEOMETRIC_REPRESENTATION_CONTEXT(2) 
PARAMETRIC_REPRESENTATION_CONTEXT() REPRESENTATION_CONTEXT('2D SPACE',''
  ) );
#2324 = PCURVE('',#2325,#2330);
#2325 = CYLINDRICAL_SURFACE('',#2326,68.8);
#2326 = AXIS2_PLACEMENT_3D('',#2327,#2328,#2329);
#2327 = CARTESIAN_POINT('',(3.330951933245E-13,1.609155523307E-15,3.));
#2328 = DIRECTION('',(-0.,-0.,-1.));
#2329 = DIRECTION('',(1.,0.,0.));
#2330 = DEFINITIONAL_REPRESENTATION('',(#2331),#2335);
#2331 = LINE('',#2332,#2333);
#2332 = CARTESIAN_POINT('',(-2.096789783243,0.));
#2333 = VECTOR('',#2334,1.);
#2334 = DIRECTION('',(-1.,0.));
#2335 = ( GEOMETRIC_REPRESENTATION_CONTEXT(2) 
PARAMETRIC_REPRESENTATION_CONTEXT() REPRESENTATION_CONTEXT('2D SPACE',''
  ) );
#2336 = ORIENTED_EDGE('',*,*,#2337,.F.);
#2337 = EDGE_CURVE('',#2247,#2309,#2338,.T.);
#2338 = SURFACE_CURVE('',#2339,(#2344,#2355),.PCURVE_S1.);
#2339 = CIRCLE('',#2340,5.35);
#2340 = AXIS2_PLACEMENT_3D('',#2341,#2342,#2343);
#2341 = CARTESIAN_POINT('',(58.023702053557,33.5,3.));
#2342 = DIRECTION('',(0.,0.,-1.));
#2343 = DIRECTION('',(1.,0.,0.));
#2344 = PCURVE('',#100,#2345);
#2345 = DEFINITIONAL_REPRESENTATION('',(#2346),#2354);
#2346 = ( BOUNDED_CURVE() B_SPLINE_CURVE(2,(#2347,#2348,#2349,#2350,
#2351,#2352,#2353),.UNSPECIFIED.,.T.,.F.) B_SPLINE_CURVE_WITH_KNOTS((1,2
    ,2,2,2,1),(-2.094395102393,0.,2.094395102393,4.188790204786,
6.28318530718,8.377580409573),.UNSPECIFIED.) CURVE() 
GEOMETRIC_REPRESENTATION_ITEM() RATIONAL_B_SPLINE_CURVE((1.,0.5,1.,0.5,
1.,0.5,1.)) REPRESENTATION_ITEM('') );
#2347 = CARTESIAN_POINT('',(63.373702053557,33.5));
#2348 = CARTESIAN_POINT('',(63.373702053557,24.233528179506));
#2349 = CARTESIAN_POINT('',(55.348702053557,28.866764089753));
#2350 = CARTESIAN_POINT('',(47.323702053557,33.5));
#2351 = CARTESIAN_POINT('',(55.348702053557,38.133235910247));
#2352 = CARTESIAN_POINT('',(63.373702053557,42.766471820493));
#2353 = CARTESIAN_POINT('',(63.373702053557,33.5));
#2354 = ( GEOMETRIC_REPRESENTATION_CONTEXT(2) 
PARAMETRIC_REPRESENTATION_CONTEXT() REPRESENTATION_CONTEXT('2D SPACE',''
  ) );
#2355 = PCURVE('',#2356,#2361);
#2356 = CYLINDRICAL_SURFACE('',#2357,5.35);
#2357 = AXIS2_PLACEMENT_3D('',#2358,#2359,#2360);
#2358 = CARTESIAN_POINT('',(58.023702053557,33.5,2.9));
#2359 = DIRECTION('',(-0.,-0.,-1.));
#2360 = DIRECTION('',(1.,0.,0.));
#2361 = DEFINITIONAL_REPRESENTATION('',(#2362),#2366);
#2362 = LINE('',#2363,#2364);
#2363 = CARTESIAN_POINT('',(-6.28318530718,-0.1));
#2364 = VECTOR('',#2365,1.);
#2365 = DIRECTION('',(1.,-0.));
#2366 = ( GEOMETRIC_REPRESENTATION_CONTEXT(2) 
PARAMETRIC_REPRESENTATION_CONTEXT() REPRESENTATION_CONTEXT('2D SPACE',''
  ) );
#2367 = FACE_BOUND('',#2368,.T.);
#2368 = EDGE_LOOP('',(#2369));
#2369 = ORIENTED_EDGE('',*,*,#2370,.F.);
#2370 = EDGE_CURVE('',#2371,#2371,#2373,.T.);
#2371 = VERTEX_POINT('',#2372);
#2372 = CARTESIAN_POINT('',(49.6,41.,3.));
#2373 = SURFACE_CURVE('',#2374,(#2379,#2386),.PCURVE_S1.);
#2374 = CIRCLE('',#2375,3.6);
#2375 = AXIS2_PLACEMENT_3D('',#2376,#2377,#2378);
#2376 = CARTESIAN_POINT('',(46.,41.,3.));
#2377 = DIRECTION('',(0.,0.,1.));
#2378 = DIRECTION('',(1.,0.,0.));
#2379 = PCURVE('',#100,#2380);
#2380 = DEFINITIONAL_REPRESENTATION('',(#2381),#2385);
#2381 = CIRCLE('',#2382,3.6);
#2382 = AXIS2_PLACEMENT_2D('',#2383,#2384);
#2383 = CARTESIAN_POINT('',(46.,41.));
#2384 = DIRECTION('',(1.,0.));
#2385 = ( GEOMETRIC_REPRESENTATION_CONTEXT(2) 
PARAMETRIC_REPRESENTATION_CONTEXT() REPRESENTATION_CONTEXT('2D SPACE',''
  ) );
#2386 = PCURVE('',#2387,#2392);
#2387 = CYLINDRICAL_SURFACE('',#2388,3.6);
#2388 = AXIS2_PLACEMENT_3D('',#2389,#2390,#2391);
#2389 = CARTESIAN_POINT('',(46.,41.,3.));
#2390 = DIRECTION('',(-0.,-0.,-1.));
#2391 = DIRECTION('',(1.,0.,0.));
#2392 = DEFINITIONAL_REPRESENTATION('',(#2393),#2397);
#2393 = LINE('',#2394,#2395);
#2394 = CARTESIAN_POINT('',(-0.,0.));
#2395 = VECTOR('',#2396,1.);
#2396 = DIRECTION('',(-1.,0.));
#2397 = ( GEOMETRIC_REPRESENTATION_CONTEXT(2) 
PARAMETRIC_REPRESENTATION_CONTEXT() REPRESENTATION_CONTEXT('2D SPACE',''
  ) );
#2398 = FACE_BOUND('',#2399,.T.);
#2399 = EDGE_LOOP('',(#2400));
#2400 = ORIENTED_EDGE('',*,*,#2401,.T.);
#2401 = EDGE_CURVE('',#2402,#2402,#2404,.T.);
#2402 = VERTEX_POINT('',#2403);
#2403 = CARTESIAN_POINT('',(59.723702053557,33.5,3.));
#2404 = SURFACE_CURVE('',#2405,(#2410,#2421),.PCURVE_S1.);
#2405 = CIRCLE('',#2406,1.7);
#2406 = AXIS2_PLACEMENT_3D('',#2407,#2408,#2409);
#2407 = CARTESIAN_POINT('',(58.023702053557,33.5,3.));
#2408 = DIRECTION('',(0.,0.,-1.));
#2409 = DIRECTION('',(1.,0.,0.));
#2410 = PCURVE('',#100,#2411);
#2411 = DEFINITIONAL_REPRESENTATION('',(#2412),#2420);
#2412 = ( BOUNDED_CURVE() B_SPLINE_CURVE(2,(#2413,#2414,#2415,#2416,
#2417,#2418,#2419),.UNSPECIFIED.,.T.,.F.) B_SPLINE_CURVE_WITH_KNOTS((1,2
    ,2,2,2,1),(-2.094395102393,0.,2.094395102393,4.188790204786,
6.28318530718,8.377580409573),.UNSPECIFIED.) CURVE() 
GEOMETRIC_REPRESENTATION_ITEM() RATIONAL_B_SPLINE_CURVE((1.,0.5,1.,0.5,
1.,0.5,1.)) REPRESENTATION_ITEM('') );
#2413 = CARTESIAN_POINT('',(59.723702053557,33.5));
#2414 = CARTESIAN_POINT('',(59.723702053557,30.555513627133));
#2415 = CARTESIAN_POINT('',(57.173702053557,32.027756813566));
#2416 = CARTESIAN_POINT('',(54.623702053557,33.5));
#2417 = CARTESIAN_POINT('',(57.173702053557,34.972243186434));
#2418 = CARTESIAN_POINT('',(59.723702053557,36.444486372867));
#2419 = CARTESIAN_POINT('',(59.723702053557,33.5));
#2420 = ( GEOMETRIC_REPRESENTATION_CONTEXT(2) 
PARAMETRIC_REPRESENTATION_CONTEXT() REPRESENTATION_CONTEXT('2D SPACE',''
  ) );
#2421 = PCURVE('',#2422,#2427);
#2422 = CYLINDRICAL_SURFACE('',#2423,1.7);
#2423 = AXIS2_PLACEMENT_3D('',#2424,#2425,#2426);
#2424 = CARTESIAN_POINT('',(58.023702053557,33.5,-1.));
#2425 = DIRECTION('',(-0.,-0.,-1.));
#2426 = DIRECTION('',(1.,0.,0.));
#2427 = DEFINITIONAL_REPRESENTATION('',(#2428),#2432);
#2428 = LINE('',#2429,#2430);
#2429 = CARTESIAN_POINT('',(-6.28318530718,-4.));
#2430 = VECTOR('',#2431,1.);
#2431 = DIRECTION('',(1.,-0.));
#2432 = ( GEOMETRIC_REPRESENTATION_CONTEXT(2) 
PARAMETRIC_REPRESENTATION_CONTEXT() REPRESENTATION_CONTEXT('2D SPACE',''
  ) );
#2433 = FACE_BOUND('',#2434,.T.);
#2434 = EDGE_LOOP('',(#2435,#2466,#2499,#2528));
#2435 = ORIENTED_EDGE('',*,*,#2436,.F.);
#2436 = EDGE_CURVE('',#2437,#2439,#2441,.T.);
#2437 = VERTEX_POINT('',#2438);
#2438 = CARTESIAN_POINT('',(59.078297480042,38.745028930944,3.));
#2439 = VERTEX_POINT('',#2440);
#2440 = CARTESIAN_POINT('',(38.094258097514,59.5,3.));
#2441 = SURFACE_CURVE('',#2442,(#2447,#2454),.PCURVE_S1.);
#2442 = CIRCLE('',#2443,70.65);
#2443 = AXIS2_PLACEMENT_3D('',#2444,#2445,#2446);
#2444 = CARTESIAN_POINT('',(0.,0.,3.));
#2445 = DIRECTION('',(0.,0.,1.));
#2446 = DIRECTION('',(-0.53919685913,0.842179759377,0.));
#2447 = PCURVE('',#100,#2448);
#2448 = DEFINITIONAL_REPRESENTATION('',(#2449),#2453);
#2449 = CIRCLE('',#2450,70.65);
#2450 = AXIS2_PLACEMENT_2D('',#2451,#2452);
#2451 = CARTESIAN_POINT('',(4.749859890503E-15,-4.11624086585E-15));
#2452 = DIRECTION('',(-0.53919685913,0.842179759377));
#2453 = ( GEOMETRIC_REPRESENTATION_CONTEXT(2) 
PARAMETRIC_REPRESENTATION_CONTEXT() REPRESENTATION_CONTEXT('2D SPACE',''
  ) );
#2454 = PCURVE('',#2455,#2460);
#2455 = CYLINDRICAL_SURFACE('',#2456,70.65);
#2456 = AXIS2_PLACEMENT_3D('',#2457,#2458,#2459);
#2457 = CARTESIAN_POINT('',(0.,0.,3.));
#2458 = DIRECTION('',(-0.,-0.,-1.));
#2459 = DIRECTION('',(1.,0.,0.));
#2460 = DEFINITIONAL_REPRESENTATION('',(#2461),#2465);
#2461 = LINE('',#2462,#2463);
#2462 = CARTESIAN_POINT('',(-2.140279499323,0.));
#2463 = VECTOR('',#2464,1.);
#2464 = DIRECTION('',(-1.,0.));
#2465 = ( GEOMETRIC_REPRESENTATION_CONTEXT(2) 
PARAMETRIC_REPRESENTATION_CONTEXT() REPRESENTATION_CONTEXT('2D SPACE',''
  ) );
#2466 = ORIENTED_EDGE('',*,*,#2467,.F.);
#2467 = EDGE_CURVE('',#2468,#2437,#2470,.T.);
#2468 = VERTEX_POINT('',#2469);
#2469 = CARTESIAN_POINT('',(56.867595294672,38.723592361781,3.));
#2470 = SURFACE_CURVE('',#2471,(#2476,#2487),.PCURVE_S1.);
#2471 = CIRCLE('',#2472,5.35);
#2472 = AXIS2_PLACEMENT_3D('',#2473,#2474,#2475);
#2473 = CARTESIAN_POINT('',(58.023702053557,33.5,3.));
#2474 = DIRECTION('',(0.,0.,-1.));
#2475 = DIRECTION('',(1.,0.,0.));
#2476 = PCURVE('',#100,#2477);
#2477 = DEFINITIONAL_REPRESENTATION('',(#2478),#2486);
#2478 = ( BOUNDED_CURVE() B_SPLINE_CURVE(2,(#2479,#2480,#2481,#2482,
#2483,#2484,#2485),.UNSPECIFIED.,.T.,.F.) B_SPLINE_CURVE_WITH_KNOTS((1,2
    ,2,2,2,1),(-2.094395102393,0.,2.094395102393,4.188790204786,
6.28318530718,8.377580409573),.UNSPECIFIED.) CURVE() 
GEOMETRIC_REPRESENTATION_ITEM() RATIONAL_B_SPLINE_CURVE((1.,0.5,1.,0.5,
1.,0.5,1.)) REPRESENTATION_ITEM('') );
#2479 = CARTESIAN_POINT('',(63.373702053557,33.5));
#2480 = CARTESIAN_POINT('',(63.373702053557,24.233528179506));
#2481 = CARTESIAN_POINT('',(55.348702053557,28.866764089753));
#2482 = CARTESIAN_POINT('',(47.323702053557,33.5));
#2483 = CARTESIAN_POINT('',(55.348702053557,38.133235910247));
#2484 = CARTESIAN_POINT('',(63.373702053557,42.766471820493));
#2485 = CARTESIAN_POINT('',(63.373702053557,33.5));
#2486 = ( GEOMETRIC_REPRESENTATION_CONTEXT(2) 
PARAMETRIC_REPRESENTATION_CONTEXT() REPRESENTATION_CONTEXT('2D SPACE',''
  ) );
#2487 = PCURVE('',#2488,#2493);
#2488 = CYLINDRICAL_SURFACE('',#2489,5.35);
#2489 = AXIS2_PLACEMENT_3D('',#2490,#2491,#2492);
#2490 = CARTESIAN_POINT('',(58.023702053557,33.5,2.9));
#2491 = DIRECTION('',(-0.,-0.,-1.));
#2492 = DIRECTION('',(1.,0.,0.));
#2493 = DEFINITIONAL_REPRESENTATION('',(#2494),#2498);
#2494 = LINE('',#2495,#2496);
#2495 = CARTESIAN_POINT('',(-6.28318530718,-0.1));
#2496 = VECTOR('',#2497,1.);
#2497 = DIRECTION('',(1.,-0.));
#2498 = ( GEOMETRIC_REPRESENTATION_CONTEXT(2) 
PARAMETRIC_REPRESENTATION_CONTEXT() REPRESENTATION_CONTEXT('2D SPACE',''
  ) );
#2499 = ORIENTED_EDGE('',*,*,#2500,.T.);
#2500 = EDGE_CURVE('',#2468,#2501,#2503,.T.);
#2501 = VERTEX_POINT('',#2502);
#2502 = CARTESIAN_POINT('',(34.54258241649,59.5,3.));
#2503 = SURFACE_CURVE('',#2504,(#2509,#2516),.PCURVE_S1.);
#2504 = CIRCLE('',#2505,68.8);
#2505 = AXIS2_PLACEMENT_3D('',#2506,#2507,#2508);
#2506 = CARTESIAN_POINT('',(3.330951933245E-13,1.609155523307E-15,3.));
#2507 = DIRECTION('',(0.,0.,1.));
#2508 = DIRECTION('',(-0.502072418844,0.864825581395,0.));
#2509 = PCURVE('',#100,#2510);
#2510 = DEFINITIONAL_REPRESENTATION('',(#2511),#2515);
#2511 = CIRCLE('',#2512,68.8);
#2512 = AXIS2_PLACEMENT_2D('',#2513,#2514);
#2513 = CARTESIAN_POINT('',(3.37845053215E-13,-2.507085342543E-15));
#2514 = DIRECTION('',(-0.502072418844,0.864825581395));
#2515 = ( GEOMETRIC_REPRESENTATION_CONTEXT(2) 
PARAMETRIC_REPRESENTATION_CONTEXT() REPRESENTATION_CONTEXT('2D SPACE',''
  ) );
#2516 = PCURVE('',#2517,#2522);
#2517 = CYLINDRICAL_SURFACE('',#2518,68.8);
#2518 = AXIS2_PLACEMENT_3D('',#2519,#2520,#2521);
#2519 = CARTESIAN_POINT('',(3.330951933245E-13,1.609155523307E-15,3.));
#2520 = DIRECTION('',(-0.,-0.,-1.));
#2521 = DIRECTION('',(1.,0.,0.));
#2522 = DEFINITIONAL_REPRESENTATION('',(#2523),#2527);
#2523 = LINE('',#2524,#2525);
#2524 = CARTESIAN_POINT('',(-2.096789783243,0.));
#2525 = VECTOR('',#2526,1.);
#2526 = DIRECTION('',(-1.,0.));
#2527 = ( GEOMETRIC_REPRESENTATION_CONTEXT(2) 
PARAMETRIC_REPRESENTATION_CONTEXT() REPRESENTATION_CONTEXT('2D SPACE',''
  ) );
#2528 = ORIENTED_EDGE('',*,*,#2529,.F.);
#2529 = EDGE_CURVE('',#2439,#2501,#2530,.T.);
#2530 = SURFACE_CURVE('',#2531,(#2535,#2542),.PCURVE_S1.);
#2531 = LINE('',#2532,#2533);
#2532 = CARTESIAN_POINT('',(-41.25,59.5,3.));
#2533 = VECTOR('',#2534,1.);
#2534 = DIRECTION('',(-1.,0.,0.));
#2535 = PCURVE('',#100,#2536);
#2536 = DEFINITIONAL_REPRESENTATION('',(#2537),#2541);
#2537 = LINE('',#2538,#2539);
#2538 = CARTESIAN_POINT('',(-41.25,59.5));
#2539 = VECTOR('',#2540,1.);
#2540 = DIRECTION('',(-1.,0.));
#2541 = ( GEOMETRIC_REPRESENTATION_CONTEXT(2) 
PARAMETRIC_REPRESENTATION_CONTEXT() REPRESENTATION_CONTEXT('2D SPACE',''
  ) );
#2542 = PCURVE('',#2543,#2548);
#2543 = PLANE('',#2544);
#2544 = AXIS2_PLACEMENT_3D('',#2545,#2546,#2547);
#2545 = CARTESIAN_POINT('',(-82.5,59.5,-1.));
#2546 = DIRECTION('',(0.,1.,0.));
#2547 = DIRECTION('',(0.,0.,1.));
#2548 = DEFINITIONAL_REPRESENTATION('',(#2549),#2552);
#2549 = B_SPLINE_CURVE_WITH_KNOTS('',1,(#2550,#2551),.UNSPECIFIED.,.F.,
  .F.,(2,2),(-111.9,29.4),.PIECEWISE_BEZIER_KNOTS.);
#2550 = CARTESIAN_POINT('',(4.,153.15));
#2551 = CARTESIAN_POINT('',(4.,11.85));
#2552 = ( GEOMETRIC_REPRESENTATION_CONTEXT(2) 
PARAMETRIC_REPRESENTATION_CONTEXT() REPRESENTATION_CONTEXT('2D SPACE',''
  ) );
#2553 = ADVANCED_FACE('',(#2554),#177,.T.);
#2554 = FACE_BOUND('',#2555,.T.);
#2555 = EDGE_LOOP('',(#2556,#2577,#2578,#2599));
#2556 = ORIENTED_EDGE('',*,*,#2557,.F.);
#2557 = EDGE_CURVE('',#161,#1104,#2558,.T.);
#2558 = SURFACE_CURVE('',#2559,(#2563,#2570),.PCURVE_S1.);
#2559 = LINE('',#2560,#2561);
#2560 = CARTESIAN_POINT('',(-17.,-61.,-1.));
#2561 = VECTOR('',#2562,1.);
#2562 = DIRECTION('',(0.,0.,1.));
#2563 = PCURVE('',#177,#2564);
#2564 = DEFINITIONAL_REPRESENTATION('',(#2565),#2569);
#2565 = LINE('',#2566,#2567);
#2566 = CARTESIAN_POINT('',(0.,2.));
#2567 = VECTOR('',#2568,1.);
#2568 = DIRECTION('',(1.,0.));
#2569 = ( GEOMETRIC_REPRESENTATION_CONTEXT(2) 
PARAMETRIC_REPRESENTATION_CONTEXT() REPRESENTATION_CONTEXT('2D SPACE',''
  ) );
#2570 = PCURVE('',#253,#2571);
#2571 = DEFINITIONAL_REPRESENTATION('',(#2572),#2576);
#2572 = LINE('',#2573,#2574);
#2573 = CARTESIAN_POINT('',(0.,0.));
#2574 = VECTOR('',#2575,1.);
#2575 = DIRECTION('',(1.,0.));
#2576 = ( GEOMETRIC_REPRESENTATION_CONTEXT(2) 
PARAMETRIC_REPRESENTATION_CONTEXT() REPRESENTATION_CONTEXT('2D SPACE',''
  ) );
#2577 = ORIENTED_EDGE('',*,*,#160,.T.);
#2578 = ORIENTED_EDGE('',*,*,#2579,.T.);
#2579 = EDGE_CURVE('',#163,#1106,#2580,.T.);
#2580 = SURFACE_CURVE('',#2581,(#2585,#2592),.PCURVE_S1.);
#2581 = LINE('',#2582,#2583);
#2582 = CARTESIAN_POINT('',(-19.,-61.,-1.));
#2583 = VECTOR('',#2584,1.);
#2584 = DIRECTION('',(0.,0.,1.));
#2585 = PCURVE('',#177,#2586);
#2586 = DEFINITIONAL_REPRESENTATION('',(#2587),#2591);
#2587 = LINE('',#2588,#2589);
#2588 = CARTESIAN_POINT('',(0.,0.));
#2589 = VECTOR('',#2590,1.);
#2590 = DIRECTION('',(1.,0.));
#2591 = ( GEOMETRIC_REPRESENTATION_CONTEXT(2) 
PARAMETRIC_REPRESENTATION_CONTEXT() REPRESENTATION_CONTEXT('2D SPACE',''
  ) );
#2592 = PCURVE('',#203,#2593);
#2593 = DEFINITIONAL_REPRESENTATION('',(#2594),#2598);
#2594 = LINE('',#2595,#2596);
#2595 = CARTESIAN_POINT('',(0.,0.));
#2596 = VECTOR('',#2597,1.);
#2597 = DIRECTION('',(1.,0.));
#2598 = ( GEOMETRIC_REPRESENTATION_CONTEXT(2) 
PARAMETRIC_REPRESENTATION_CONTEXT() REPRESENTATION_CONTEXT('2D SPACE',''
  ) );
#2599 = ORIENTED_EDGE('',*,*,#1103,.F.);
#2600 = ADVANCED_FACE('',(#2601),#253,.F.);
#2601 = FACE_BOUND('',#2602,.F.);
#2602 = EDGE_LOOP('',(#2603,#2604,#2605,#2626));
#2603 = ORIENTED_EDGE('',*,*,#2557,.F.);
#2604 = ORIENTED_EDGE('',*,*,#240,.T.);
#2605 = ORIENTED_EDGE('',*,*,#2606,.T.);
#2606 = EDGE_CURVE('',#215,#1148,#2607,.T.);
#2607 = SURFACE_CURVE('',#2608,(#2612,#2619),.PCURVE_S1.);
#2608 = LINE('',#2609,#2610);
#2609 = CARTESIAN_POINT('',(-17.,-41.,-1.));
#2610 = VECTOR('',#2611,1.);
#2611 = DIRECTION('',(0.,0.,1.));
#2612 = PCURVE('',#253,#2613);
#2613 = DEFINITIONAL_REPRESENTATION('',(#2614),#2618);
#2614 = LINE('',#2615,#2616);
#2615 = CARTESIAN_POINT('',(0.,-20.));
#2616 = VECTOR('',#2617,1.);
#2617 = DIRECTION('',(1.,0.));
#2618 = ( GEOMETRIC_REPRESENTATION_CONTEXT(2) 
PARAMETRIC_REPRESENTATION_CONTEXT() REPRESENTATION_CONTEXT('2D SPACE',''
  ) );
#2619 = PCURVE('',#229,#2620);
#2620 = DEFINITIONAL_REPRESENTATION('',(#2621),#2625);
#2621 = LINE('',#2622,#2623);
#2622 = CARTESIAN_POINT('',(0.,2.));
#2623 = VECTOR('',#2624,1.);
#2624 = DIRECTION('',(1.,0.));
#2625 = ( GEOMETRIC_REPRESENTATION_CONTEXT(2) 
PARAMETRIC_REPRESENTATION_CONTEXT() REPRESENTATION_CONTEXT('2D SPACE',''
  ) );
#2626 = ORIENTED_EDGE('',*,*,#1168,.F.);
#2627 = ADVANCED_FACE('',(#2628),#203,.T.);
#2628 = FACE_BOUND('',#2629,.T.);
#2629 = EDGE_LOOP('',(#2630,#2631,#2632,#2653));
#2630 = ORIENTED_EDGE('',*,*,#2579,.F.);
#2631 = ORIENTED_EDGE('',*,*,#188,.T.);
#2632 = ORIENTED_EDGE('',*,*,#2633,.T.);
#2633 = EDGE_CURVE('',#189,#1127,#2634,.T.);
#2634 = SURFACE_CURVE('',#2635,(#2639,#2646),.PCURVE_S1.);
#2635 = LINE('',#2636,#2637);
#2636 = CARTESIAN_POINT('',(-19.,-41.,-1.));
#2637 = VECTOR('',#2638,1.);
#2638 = DIRECTION('',(0.,0.,1.));
#2639 = PCURVE('',#203,#2640);
#2640 = DEFINITIONAL_REPRESENTATION('',(#2641),#2645);
#2641 = LINE('',#2642,#2643);
#2642 = CARTESIAN_POINT('',(0.,-20.));
#2643 = VECTOR('',#2644,1.);
#2644 = DIRECTION('',(1.,0.));
#2645 = ( GEOMETRIC_REPRESENTATION_CONTEXT(2) 
PARAMETRIC_REPRESENTATION_CONTEXT() REPRESENTATION_CONTEXT('2D SPACE',''
  ) );
#2646 = PCURVE('',#229,#2647);
#2647 = DEFINITIONAL_REPRESENTATION('',(#2648),#2652);
#2648 = LINE('',#2649,#2650);
#2649 = CARTESIAN_POINT('',(0.,0.));
#2650 = VECTOR('',#2651,1.);
#2651 = DIRECTION('',(1.,0.));
#2652 = ( GEOMETRIC_REPRESENTATION_CONTEXT(2) 
PARAMETRIC_REPRESENTATION_CONTEXT() REPRESENTATION_CONTEXT('2D SPACE',''
  ) );
#2653 = ORIENTED_EDGE('',*,*,#1126,.F.);
#2654 = ADVANCED_FACE('',(#2655),#229,.F.);
#2655 = FACE_BOUND('',#2656,.F.);
#2656 = EDGE_LOOP('',(#2657,#2658,#2659,#2660));
#2657 = ORIENTED_EDGE('',*,*,#2606,.F.);
#2658 = ORIENTED_EDGE('',*,*,#214,.T.);
#2659 = ORIENTED_EDGE('',*,*,#2633,.T.);
#2660 = ORIENTED_EDGE('',*,*,#1147,.F.);
#2661 = ADVANCED_FACE('',(#2662),#283,.T.);
#2662 = FACE_BOUND('',#2663,.T.);
#2663 = EDGE_LOOP('',(#2664,#2685,#2686,#2707));
#2664 = ORIENTED_EDGE('',*,*,#2665,.F.);
#2665 = EDGE_CURVE('',#267,#1190,#2666,.T.);
#2666 = SURFACE_CURVE('',#2667,(#2671,#2678),.PCURVE_S1.);
#2667 = LINE('',#2668,#2669);
#2668 = CARTESIAN_POINT('',(-11.,-61.,-1.));
#2669 = VECTOR('',#2670,1.);
#2670 = DIRECTION('',(0.,0.,1.));
#2671 = PCURVE('',#283,#2672);
#2672 = DEFINITIONAL_REPRESENTATION('',(#2673),#2677);
#2673 = LINE('',#2674,#2675);
#2674 = CARTESIAN_POINT('',(0.,2.));
#2675 = VECTOR('',#2676,1.);
#2676 = DIRECTION('',(1.,0.));
#2677 = ( GEOMETRIC_REPRESENTATION_CONTEXT(2) 
PARAMETRIC_REPRESENTATION_CONTEXT() REPRESENTATION_CONTEXT('2D SPACE',''
  ) );
#2678 = PCURVE('',#359,#2679);
#2679 = DEFINITIONAL_REPRESENTATION('',(#2680),#2684);
#2680 = LINE('',#2681,#2682);
#2681 = CARTESIAN_POINT('',(0.,0.));
#2682 = VECTOR('',#2683,1.);
#2683 = DIRECTION('',(1.,0.));
#2684 = ( GEOMETRIC_REPRESENTATION_CONTEXT(2) 
PARAMETRIC_REPRESENTATION_CONTEXT() REPRESENTATION_CONTEXT('2D SPACE',''
  ) );
#2685 = ORIENTED_EDGE('',*,*,#266,.T.);
#2686 = ORIENTED_EDGE('',*,*,#2687,.T.);
#2687 = EDGE_CURVE('',#269,#1192,#2688,.T.);
#2688 = SURFACE_CURVE('',#2689,(#2693,#2700),.PCURVE_S1.);
#2689 = LINE('',#2690,#2691);
#2690 = CARTESIAN_POINT('',(-13.,-61.,-1.));
#2691 = VECTOR('',#2692,1.);
#2692 = DIRECTION('',(0.,0.,1.));
#2693 = PCURVE('',#283,#2694);
#2694 = DEFINITIONAL_REPRESENTATION('',(#2695),#2699);
#2695 = LINE('',#2696,#2697);
#2696 = CARTESIAN_POINT('',(0.,0.));
#2697 = VECTOR('',#2698,1.);
#2698 = DIRECTION('',(1.,0.));
#2699 = ( GEOMETRIC_REPRESENTATION_CONTEXT(2) 
PARAMETRIC_REPRESENTATION_CONTEXT() REPRESENTATION_CONTEXT('2D SPACE',''
  ) );
#2700 = PCURVE('',#309,#2701);
#2701 = DEFINITIONAL_REPRESENTATION('',(#2702),#2706);
#2702 = LINE('',#2703,#2704);
#2703 = CARTESIAN_POINT('',(0.,0.));
#2704 = VECTOR('',#2705,1.);
#2705 = DIRECTION('',(1.,0.));
#2706 = ( GEOMETRIC_REPRESENTATION_CONTEXT(2) 
PARAMETRIC_REPRESENTATION_CONTEXT() REPRESENTATION_CONTEXT('2D SPACE',''
  ) );
#2707 = ORIENTED_EDGE('',*,*,#1189,.F.);
#2708 = ADVANCED_FACE('',(#2709),#359,.F.);
#2709 = FACE_BOUND('',#2710,.F.);
#2710 = EDGE_LOOP('',(#2711,#2712,#2713,#2734));
#2711 = ORIENTED_EDGE('',*,*,#2665,.F.);
#2712 = ORIENTED_EDGE('',*,*,#346,.T.);
#2713 = ORIENTED_EDGE('',*,*,#2714,.T.);
#2714 = EDGE_CURVE('',#321,#1234,#2715,.T.);
#2715 = SURFACE_CURVE('',#2716,(#2720,#2727),.PCURVE_S1.);
#2716 = LINE('',#2717,#2718);
#2717 = CARTESIAN_POINT('',(-11.,-41.,-1.));
#2718 = VECTOR('',#2719,1.);
#2719 = DIRECTION('',(0.,0.,1.));
#2720 = PCURVE('',#359,#2721);
#2721 = DEFINITIONAL_REPRESENTATION('',(#2722),#2726);
#2722 = LINE('',#2723,#2724);
#2723 = CARTESIAN_POINT('',(0.,-20.));
#2724 = VECTOR('',#2725,1.);
#2725 = DIRECTION('',(1.,0.));
#2726 = ( GEOMETRIC_REPRESENTATION_CONTEXT(2) 
PARAMETRIC_REPRESENTATION_CONTEXT() REPRESENTATION_CONTEXT('2D SPACE',''
  ) );
#2727 = PCURVE('',#335,#2728);
#2728 = DEFINITIONAL_REPRESENTATION('',(#2729),#2733);
#2729 = LINE('',#2730,#2731);
#2730 = CARTESIAN_POINT('',(0.,2.));
#2731 = VECTOR('',#2732,1.);
#2732 = DIRECTION('',(1.,0.));
#2733 = ( GEOMETRIC_REPRESENTATION_CONTEXT(2) 
PARAMETRIC_REPRESENTATION_CONTEXT() REPRESENTATION_CONTEXT('2D SPACE',''
  ) );
#2734 = ORIENTED_EDGE('',*,*,#1254,.F.);
#2735 = ADVANCED_FACE('',(#2736),#309,.T.);
#2736 = FACE_BOUND('',#2737,.T.);
#2737 = EDGE_LOOP('',(#2738,#2739,#2740,#2761));
#2738 = ORIENTED_EDGE('',*,*,#2687,.F.);
#2739 = ORIENTED_EDGE('',*,*,#294,.T.);
#2740 = ORIENTED_EDGE('',*,*,#2741,.T.);
#2741 = EDGE_CURVE('',#295,#1213,#2742,.T.);
#2742 = SURFACE_CURVE('',#2743,(#2747,#2754),.PCURVE_S1.);
#2743 = LINE('',#2744,#2745);
#2744 = CARTESIAN_POINT('',(-13.,-41.,-1.));
#2745 = VECTOR('',#2746,1.);
#2746 = DIRECTION('',(0.,0.,1.));
#2747 = PCURVE('',#309,#2748);
#2748 = DEFINITIONAL_REPRESENTATION('',(#2749),#2753);
#2749 = LINE('',#2750,#2751);
#2750 = CARTESIAN_POINT('',(0.,-20.));
#2751 = VECTOR('',#2752,1.);
#2752 = DIRECTION('',(1.,0.));
#2753 = ( GEOMETRIC_REPRESENTATION_CONTEXT(2) 
PARAMETRIC_REPRESENTATION_CONTEXT() REPRESENTATION_CONTEXT('2D SPACE',''
  ) );
#2754 = PCURVE('',#335,#2755);
#2755 = DEFINITIONAL_REPRESENTATION('',(#2756),#2760);
#2756 = LINE('',#2757,#2758);
#2757 = CARTESIAN_POINT('',(0.,0.));
#2758 = VECTOR('',#2759,1.);
#2759 = DIRECTION('',(1.,0.));
#2760 = ( GEOMETRIC_REPRESENTATION_CONTEXT(2) 
PARAMETRIC_REPRESENTATION_CONTEXT() REPRESENTATION_CONTEXT('2D SPACE',''
  ) );
#2761 = ORIENTED_EDGE('',*,*,#1212,.F.);
#2762 = ADVANCED_FACE('',(#2763),#335,.F.);
#2763 = FACE_BOUND('',#2764,.F.);
#2764 = EDGE_LOOP('',(#2765,#2766,#2767,#2768));
#2765 = ORIENTED_EDGE('',*,*,#2714,.F.);
#2766 = ORIENTED_EDGE('',*,*,#320,.T.);
#2767 = ORIENTED_EDGE('',*,*,#2741,.T.);
#2768 = ORIENTED_EDGE('',*,*,#1233,.F.);
#2769 = ADVANCED_FACE('',(#2770),#389,.T.);
#2770 = FACE_BOUND('',#2771,.T.);
#2771 = EDGE_LOOP('',(#2772,#2793,#2794,#2815));
#2772 = ORIENTED_EDGE('',*,*,#2773,.F.);
#2773 = EDGE_CURVE('',#373,#1276,#2774,.T.);
#2774 = SURFACE_CURVE('',#2775,(#2779,#2786),.PCURVE_S1.);
#2775 = LINE('',#2776,#2777);
#2776 = CARTESIAN_POINT('',(-5.,-61.,-1.));
#2777 = VECTOR('',#2778,1.);
#2778 = DIRECTION('',(0.,0.,1.));
#2779 = PCURVE('',#389,#2780);
#2780 = DEFINITIONAL_REPRESENTATION('',(#2781),#2785);
#2781 = LINE('',#2782,#2783);
#2782 = CARTESIAN_POINT('',(0.,2.));
#2783 = VECTOR('',#2784,1.);
#2784 = DIRECTION('',(1.,0.));
#2785 = ( GEOMETRIC_REPRESENTATION_CONTEXT(2) 
PARAMETRIC_REPRESENTATION_CONTEXT() REPRESENTATION_CONTEXT('2D SPACE',''
  ) );
#2786 = PCURVE('',#465,#2787);
#2787 = DEFINITIONAL_REPRESENTATION('',(#2788),#2792);
#2788 = LINE('',#2789,#2790);
#2789 = CARTESIAN_POINT('',(0.,0.));
#2790 = VECTOR('',#2791,1.);
#2791 = DIRECTION('',(1.,0.));
#2792 = ( GEOMETRIC_REPRESENTATION_CONTEXT(2) 
PARAMETRIC_REPRESENTATION_CONTEXT() REPRESENTATION_CONTEXT('2D SPACE',''
  ) );
#2793 = ORIENTED_EDGE('',*,*,#372,.T.);
#2794 = ORIENTED_EDGE('',*,*,#2795,.T.);
#2795 = EDGE_CURVE('',#375,#1278,#2796,.T.);
#2796 = SURFACE_CURVE('',#2797,(#2801,#2808),.PCURVE_S1.);
#2797 = LINE('',#2798,#2799);
#2798 = CARTESIAN_POINT('',(-7.,-61.,-1.));
#2799 = VECTOR('',#2800,1.);
#2800 = DIRECTION('',(0.,0.,1.));
#2801 = PCURVE('',#389,#2802);
#2802 = DEFINITIONAL_REPRESENTATION('',(#2803),#2807);
#2803 = LINE('',#2804,#2805);
#2804 = CARTESIAN_POINT('',(0.,0.));
#2805 = VECTOR('',#2806,1.);
#2806 = DIRECTION('',(1.,0.));
#2807 = ( GEOMETRIC_REPRESENTATION_CONTEXT(2) 
PARAMETRIC_REPRESENTATION_CONTEXT() REPRESENTATION_CONTEXT('2D SPACE',''
  ) );
#2808 = PCURVE('',#415,#2809);
#2809 = DEFINITIONAL_REPRESENTATION('',(#2810),#2814);
#2810 = LINE('',#2811,#2812);
#2811 = CARTESIAN_POINT('',(0.,0.));
#2812 = VECTOR('',#2813,1.);
#2813 = DIRECTION('',(1.,0.));
#2814 = ( GEOMETRIC_REPRESENTATION_CONTEXT(2) 
PARAMETRIC_REPRESENTATION_CONTEXT() REPRESENTATION_CONTEXT('2D SPACE',''
  ) );
#2815 = ORIENTED_EDGE('',*,*,#1275,.F.);
#2816 = ADVANCED_FACE('',(#2817),#465,.F.);
#2817 = FACE_BOUND('',#2818,.F.);
#2818 = EDGE_LOOP('',(#2819,#2820,#2821,#2842));
#2819 = ORIENTED_EDGE('',*,*,#2773,.F.);
#2820 = ORIENTED_EDGE('',*,*,#452,.T.);
#2821 = ORIENTED_EDGE('',*,*,#2822,.T.);
#2822 = EDGE_CURVE('',#427,#1320,#2823,.T.);
#2823 = SURFACE_CURVE('',#2824,(#2828,#2835),.PCURVE_S1.);
#2824 = LINE('',#2825,#2826);
#2825 = CARTESIAN_POINT('',(-5.,-41.,-1.));
#2826 = VECTOR('',#2827,1.);
#2827 = DIRECTION('',(0.,0.,1.));
#2828 = PCURVE('',#465,#2829);
#2829 = DEFINITIONAL_REPRESENTATION('',(#2830),#2834);
#2830 = LINE('',#2831,#2832);
#2831 = CARTESIAN_POINT('',(0.,-20.));
#2832 = VECTOR('',#2833,1.);
#2833 = DIRECTION('',(1.,0.));
#2834 = ( GEOMETRIC_REPRESENTATION_CONTEXT(2) 
PARAMETRIC_REPRESENTATION_CONTEXT() REPRESENTATION_CONTEXT('2D SPACE',''
  ) );
#2835 = PCURVE('',#441,#2836);
#2836 = DEFINITIONAL_REPRESENTATION('',(#2837),#2841);
#2837 = LINE('',#2838,#2839);
#2838 = CARTESIAN_POINT('',(0.,2.));
#2839 = VECTOR('',#2840,1.);
#2840 = DIRECTION('',(1.,0.));
#2841 = ( GEOMETRIC_REPRESENTATION_CONTEXT(2) 
PARAMETRIC_REPRESENTATION_CONTEXT() REPRESENTATION_CONTEXT('2D SPACE',''
  ) );
#2842 = ORIENTED_EDGE('',*,*,#1340,.F.);
#2843 = ADVANCED_FACE('',(#2844),#415,.T.);
#2844 = FACE_BOUND('',#2845,.T.);
#2845 = EDGE_LOOP('',(#2846,#2847,#2848,#2869));
#2846 = ORIENTED_EDGE('',*,*,#2795,.F.);
#2847 = ORIENTED_EDGE('',*,*,#400,.T.);
#2848 = ORIENTED_EDGE('',*,*,#2849,.T.);
#2849 = EDGE_CURVE('',#401,#1299,#2850,.T.);
#2850 = SURFACE_CURVE('',#2851,(#2855,#2862),.PCURVE_S1.);
#2851 = LINE('',#2852,#2853);
#2852 = CARTESIAN_POINT('',(-7.,-41.,-1.));
#2853 = VECTOR('',#2854,1.);
#2854 = DIRECTION('',(0.,0.,1.));
#2855 = PCURVE('',#415,#2856);
#2856 = DEFINITIONAL_REPRESENTATION('',(#2857),#2861);
#2857 = LINE('',#2858,#2859);
#2858 = CARTESIAN_POINT('',(0.,-20.));
#2859 = VECTOR('',#2860,1.);
#2860 = DIRECTION('',(1.,0.));
#2861 = ( GEOMETRIC_REPRESENTATION_CONTEXT(2) 
PARAMETRIC_REPRESENTATION_CONTEXT() REPRESENTATION_CONTEXT('2D SPACE',''
  ) );
#2862 = PCURVE('',#441,#2863);
#2863 = DEFINITIONAL_REPRESENTATION('',(#2864),#2868);
#2864 = LINE('',#2865,#2866);
#2865 = CARTESIAN_POINT('',(0.,0.));
#2866 = VECTOR('',#2867,1.);
#2867 = DIRECTION('',(1.,0.));
#2868 = ( GEOMETRIC_REPRESENTATION_CONTEXT(2) 
PARAMETRIC_REPRESENTATION_CONTEXT() REPRESENTATION_CONTEXT('2D SPACE',''
  ) );
#2869 = ORIENTED_EDGE('',*,*,#1298,.F.);
#2870 = ADVANCED_FACE('',(#2871),#441,.F.);
#2871 = FACE_BOUND('',#2872,.F.);
#2872 = EDGE_LOOP('',(#2873,#2874,#2875,#2876));
#2873 = ORIENTED_EDGE('',*,*,#2822,.F.);
#2874 = ORIENTED_EDGE('',*,*,#426,.T.);
#2875 = ORIENTED_EDGE('',*,*,#2849,.T.);
#2876 = ORIENTED_EDGE('',*,*,#1319,.F.);
#2877 = ADVANCED_FACE('',(#2878),#499,.F.);
#2878 = FACE_BOUND('',#2879,.T.);
#2879 = EDGE_LOOP('',(#2880,#2881,#2904,#2931));
#2880 = ORIENTED_EDGE('',*,*,#478,.T.);
#2881 = ORIENTED_EDGE('',*,*,#2882,.T.);
#2882 = EDGE_CURVE('',#479,#2883,#2885,.T.);
#2883 = VERTEX_POINT('',#2884);
#2884 = CARTESIAN_POINT('',(-54.77370205355,-33.5,1.5));
#2885 = SEAM_CURVE('',#2886,(#2890,#2897),.PCURVE_S1.);
#2886 = LINE('',#2887,#2888);
#2887 = CARTESIAN_POINT('',(-54.77370205355,-33.5,-0.1));
#2888 = VECTOR('',#2889,1.);
#2889 = DIRECTION('',(0.,0.,1.));
#2890 = PCURVE('',#499,#2891);
#2891 = DEFINITIONAL_REPRESENTATION('',(#2892),#2896);
#2892 = LINE('',#2893,#2894);
#2893 = CARTESIAN_POINT('',(-6.28318530718,0.));
#2894 = VECTOR('',#2895,1.);
#2895 = DIRECTION('',(-0.,-1.));
#2896 = ( GEOMETRIC_REPRESENTATION_CONTEXT(2) 
PARAMETRIC_REPRESENTATION_CONTEXT() REPRESENTATION_CONTEXT('2D SPACE',''
  ) );
#2897 = PCURVE('',#499,#2898);
#2898 = DEFINITIONAL_REPRESENTATION('',(#2899),#2903);
#2899 = LINE('',#2900,#2901);
#2900 = CARTESIAN_POINT('',(-0.,0.));
#2901 = VECTOR('',#2902,1.);
#2902 = DIRECTION('',(-0.,-1.));
#2903 = ( GEOMETRIC_REPRESENTATION_CONTEXT(2) 
PARAMETRIC_REPRESENTATION_CONTEXT() REPRESENTATION_CONTEXT('2D SPACE',''
  ) );
#2904 = ORIENTED_EDGE('',*,*,#2905,.T.);
#2905 = EDGE_CURVE('',#2883,#2883,#2906,.T.);
#2906 = SURFACE_CURVE('',#2907,(#2912,#2919),.PCURVE_S1.);
#2907 = CIRCLE('',#2908,3.25);
#2908 = AXIS2_PLACEMENT_3D('',#2909,#2910,#2911);
#2909 = CARTESIAN_POINT('',(-58.02370205355,-33.5,1.5));
#2910 = DIRECTION('',(0.,0.,1.));
#2911 = DIRECTION('',(1.,0.,0.));
#2912 = PCURVE('',#499,#2913);
#2913 = DEFINITIONAL_REPRESENTATION('',(#2914),#2918);
#2914 = LINE('',#2915,#2916);
#2915 = CARTESIAN_POINT('',(-0.,-1.6));
#2916 = VECTOR('',#2917,1.);
#2917 = DIRECTION('',(-1.,0.));
#2918 = ( GEOMETRIC_REPRESENTATION_CONTEXT(2) 
PARAMETRIC_REPRESENTATION_CONTEXT() REPRESENTATION_CONTEXT('2D SPACE',''
  ) );
#2919 = PCURVE('',#2920,#2925);
#2920 = PLANE('',#2921);
#2921 = AXIS2_PLACEMENT_3D('',#2922,#2923,#2924);
#2922 = CARTESIAN_POINT('',(-58.02370205355,-33.5,1.5));
#2923 = DIRECTION('',(0.,0.,1.));
#2924 = DIRECTION('',(1.,0.,-0.));
#2925 = DEFINITIONAL_REPRESENTATION('',(#2926),#2930);
#2926 = CIRCLE('',#2927,3.25);
#2927 = AXIS2_PLACEMENT_2D('',#2928,#2929);
#2928 = CARTESIAN_POINT('',(0.,0.));
#2929 = DIRECTION('',(1.,0.));
#2930 = ( GEOMETRIC_REPRESENTATION_CONTEXT(2) 
PARAMETRIC_REPRESENTATION_CONTEXT() REPRESENTATION_CONTEXT('2D SPACE',''
  ) );
#2931 = ORIENTED_EDGE('',*,*,#2882,.F.);
#2932 = ADVANCED_FACE('',(#2933),#530,.T.);
#2933 = FACE_BOUND('',#2934,.T.);
#2934 = EDGE_LOOP('',(#2935,#2956,#2957,#2978));
#2935 = ORIENTED_EDGE('',*,*,#2936,.F.);
#2936 = EDGE_CURVE('',#514,#1523,#2937,.T.);
#2937 = SURFACE_CURVE('',#2938,(#2942,#2949),.PCURVE_S1.);
#2938 = LINE('',#2939,#2940);
#2939 = CARTESIAN_POINT('',(1.,-61.,-1.));
#2940 = VECTOR('',#2941,1.);
#2941 = DIRECTION('',(0.,0.,1.));
#2942 = PCURVE('',#530,#2943);
#2943 = DEFINITIONAL_REPRESENTATION('',(#2944),#2948);
#2944 = LINE('',#2945,#2946);
#2945 = CARTESIAN_POINT('',(0.,2.));
#2946 = VECTOR('',#2947,1.);
#2947 = DIRECTION('',(1.,0.));
#2948 = ( GEOMETRIC_REPRESENTATION_CONTEXT(2) 
PARAMETRIC_REPRESENTATION_CONTEXT() REPRESENTATION_CONTEXT('2D SPACE',''
  ) );
#2949 = PCURVE('',#606,#2950);
#2950 = DEFINITIONAL_REPRESENTATION('',(#2951),#2955);
#2951 = LINE('',#2952,#2953);
#2952 = CARTESIAN_POINT('',(0.,0.));
#2953 = VECTOR('',#2954,1.);
#2954 = DIRECTION('',(1.,0.));
#2955 = ( GEOMETRIC_REPRESENTATION_CONTEXT(2) 
PARAMETRIC_REPRESENTATION_CONTEXT() REPRESENTATION_CONTEXT('2D SPACE',''
  ) );
#2956 = ORIENTED_EDGE('',*,*,#513,.T.);
#2957 = ORIENTED_EDGE('',*,*,#2958,.T.);
#2958 = EDGE_CURVE('',#516,#1525,#2959,.T.);
#2959 = SURFACE_CURVE('',#2960,(#2964,#2971),.PCURVE_S1.);
#2960 = LINE('',#2961,#2962);
#2961 = CARTESIAN_POINT('',(-1.,-61.,-1.));
#2962 = VECTOR('',#2963,1.);
#2963 = DIRECTION('',(0.,0.,1.));
#2964 = PCURVE('',#530,#2965);
#2965 = DEFINITIONAL_REPRESENTATION('',(#2966),#2970);
#2966 = LINE('',#2967,#2968);
#2967 = CARTESIAN_POINT('',(0.,0.));
#2968 = VECTOR('',#2969,1.);
#2969 = DIRECTION('',(1.,0.));
#2970 = ( GEOMETRIC_REPRESENTATION_CONTEXT(2) 
PARAMETRIC_REPRESENTATION_CONTEXT() REPRESENTATION_CONTEXT('2D SPACE',''
  ) );
#2971 = PCURVE('',#556,#2972);
#2972 = DEFINITIONAL_REPRESENTATION('',(#2973),#2977);
#2973 = LINE('',#2974,#2975);
#2974 = CARTESIAN_POINT('',(0.,0.));
#2975 = VECTOR('',#2976,1.);
#2976 = DIRECTION('',(1.,0.));
#2977 = ( GEOMETRIC_REPRESENTATION_CONTEXT(2) 
PARAMETRIC_REPRESENTATION_CONTEXT() REPRESENTATION_CONTEXT('2D SPACE',''
  ) );
#2978 = ORIENTED_EDGE('',*,*,#1522,.F.);
#2979 = ADVANCED_FACE('',(#2980),#606,.F.);
#2980 = FACE_BOUND('',#2981,.F.);
#2981 = EDGE_LOOP('',(#2982,#2983,#2984,#3005));
#2982 = ORIENTED_EDGE('',*,*,#2936,.F.);
#2983 = ORIENTED_EDGE('',*,*,#593,.T.);
#2984 = ORIENTED_EDGE('',*,*,#2985,.T.);
#2985 = EDGE_CURVE('',#568,#1567,#2986,.T.);
#2986 = SURFACE_CURVE('',#2987,(#2991,#2998),.PCURVE_S1.);
#2987 = LINE('',#2988,#2989);
#2988 = CARTESIAN_POINT('',(1.,-41.,-1.));
#2989 = VECTOR('',#2990,1.);
#2990 = DIRECTION('',(0.,0.,1.));
#2991 = PCURVE('',#606,#2992);
#2992 = DEFINITIONAL_REPRESENTATION('',(#2993),#2997);
#2993 = LINE('',#2994,#2995);
#2994 = CARTESIAN_POINT('',(0.,-20.));
#2995 = VECTOR('',#2996,1.);
#2996 = DIRECTION('',(1.,0.));
#2997 = ( GEOMETRIC_REPRESENTATION_CONTEXT(2) 
PARAMETRIC_REPRESENTATION_CONTEXT() REPRESENTATION_CONTEXT('2D SPACE',''
  ) );
#2998 = PCURVE('',#582,#2999);
#2999 = DEFINITIONAL_REPRESENTATION('',(#3000),#3004);
#3000 = LINE('',#3001,#3002);
#3001 = CARTESIAN_POINT('',(0.,2.));
#3002 = VECTOR('',#3003,1.);
#3003 = DIRECTION('',(1.,0.));
#3004 = ( GEOMETRIC_REPRESENTATION_CONTEXT(2) 
PARAMETRIC_REPRESENTATION_CONTEXT() REPRESENTATION_CONTEXT('2D SPACE',''
  ) );
#3005 = ORIENTED_EDGE('',*,*,#1587,.F.);
#3006 = ADVANCED_FACE('',(#3007),#556,.T.);
#3007 = FACE_BOUND('',#3008,.T.);
#3008 = EDGE_LOOP('',(#3009,#3010,#3011,#3032));
#3009 = ORIENTED_EDGE('',*,*,#2958,.F.);
#3010 = ORIENTED_EDGE('',*,*,#541,.T.);
#3011 = ORIENTED_EDGE('',*,*,#3012,.T.);
#3012 = EDGE_CURVE('',#542,#1546,#3013,.T.);
#3013 = SURFACE_CURVE('',#3014,(#3018,#3025),.PCURVE_S1.);
#3014 = LINE('',#3015,#3016);
#3015 = CARTESIAN_POINT('',(-1.,-41.,-1.));
#3016 = VECTOR('',#3017,1.);
#3017 = DIRECTION('',(0.,0.,1.));
#3018 = PCURVE('',#556,#3019);
#3019 = DEFINITIONAL_REPRESENTATION('',(#3020),#3024);
#3020 = LINE('',#3021,#3022);
#3021 = CARTESIAN_POINT('',(0.,-20.));
#3022 = VECTOR('',#3023,1.);
#3023 = DIRECTION('',(1.,0.));
#3024 = ( GEOMETRIC_REPRESENTATION_CONTEXT(2) 
PARAMETRIC_REPRESENTATION_CONTEXT() REPRESENTATION_CONTEXT('2D SPACE',''
  ) );
#3025 = PCURVE('',#582,#3026);
#3026 = DEFINITIONAL_REPRESENTATION('',(#3027),#3031);
#3027 = LINE('',#3028,#3029);
#3028 = CARTESIAN_POINT('',(0.,0.));
#3029 = VECTOR('',#3030,1.);
#3030 = DIRECTION('',(1.,0.));
#3031 = ( GEOMETRIC_REPRESENTATION_CONTEXT(2) 
PARAMETRIC_REPRESENTATION_CONTEXT() REPRESENTATION_CONTEXT('2D SPACE',''
  ) );
#3032 = ORIENTED_EDGE('',*,*,#1545,.F.);
#3033 = ADVANCED_FACE('',(#3034),#582,.F.);
#3034 = FACE_BOUND('',#3035,.F.);
#3035 = EDGE_LOOP('',(#3036,#3037,#3038,#3039));
#3036 = ORIENTED_EDGE('',*,*,#2985,.F.);
#3037 = ORIENTED_EDGE('',*,*,#567,.T.);
#3038 = ORIENTED_EDGE('',*,*,#3012,.T.);
#3039 = ORIENTED_EDGE('',*,*,#1566,.F.);
#3040 = ADVANCED_FACE('',(#3041),#636,.T.);
#3041 = FACE_BOUND('',#3042,.T.);
#3042 = EDGE_LOOP('',(#3043,#3064,#3065,#3086));
#3043 = ORIENTED_EDGE('',*,*,#3044,.F.);
#3044 = EDGE_CURVE('',#620,#1609,#3045,.T.);
#3045 = SURFACE_CURVE('',#3046,(#3050,#3057),.PCURVE_S1.);
#3046 = LINE('',#3047,#3048);
#3047 = CARTESIAN_POINT('',(7.,-61.,-1.));
#3048 = VECTOR('',#3049,1.);
#3049 = DIRECTION('',(0.,0.,1.));
#3050 = PCURVE('',#636,#3051);
#3051 = DEFINITIONAL_REPRESENTATION('',(#3052),#3056);
#3052 = LINE('',#3053,#3054);
#3053 = CARTESIAN_POINT('',(0.,2.));
#3054 = VECTOR('',#3055,1.);
#3055 = DIRECTION('',(1.,0.));
#3056 = ( GEOMETRIC_REPRESENTATION_CONTEXT(2) 
PARAMETRIC_REPRESENTATION_CONTEXT() REPRESENTATION_CONTEXT('2D SPACE',''
  ) );
#3057 = PCURVE('',#712,#3058);
#3058 = DEFINITIONAL_REPRESENTATION('',(#3059),#3063);
#3059 = LINE('',#3060,#3061);
#3060 = CARTESIAN_POINT('',(0.,0.));
#3061 = VECTOR('',#3062,1.);
#3062 = DIRECTION('',(1.,0.));
#3063 = ( GEOMETRIC_REPRESENTATION_CONTEXT(2) 
PARAMETRIC_REPRESENTATION_CONTEXT() REPRESENTATION_CONTEXT('2D SPACE',''
  ) );
#3064 = ORIENTED_EDGE('',*,*,#619,.T.);
#3065 = ORIENTED_EDGE('',*,*,#3066,.T.);
#3066 = EDGE_CURVE('',#622,#1611,#3067,.T.);
#3067 = SURFACE_CURVE('',#3068,(#3072,#3079),.PCURVE_S1.);
#3068 = LINE('',#3069,#3070);
#3069 = CARTESIAN_POINT('',(5.,-61.,-1.));
#3070 = VECTOR('',#3071,1.);
#3071 = DIRECTION('',(0.,0.,1.));
#3072 = PCURVE('',#636,#3073);
#3073 = DEFINITIONAL_REPRESENTATION('',(#3074),#3078);
#3074 = LINE('',#3075,#3076);
#3075 = CARTESIAN_POINT('',(0.,0.));
#3076 = VECTOR('',#3077,1.);
#3077 = DIRECTION('',(1.,0.));
#3078 = ( GEOMETRIC_REPRESENTATION_CONTEXT(2) 
PARAMETRIC_REPRESENTATION_CONTEXT() REPRESENTATION_CONTEXT('2D SPACE',''
  ) );
#3079 = PCURVE('',#662,#3080);
#3080 = DEFINITIONAL_REPRESENTATION('',(#3081),#3085);
#3081 = LINE('',#3082,#3083);
#3082 = CARTESIAN_POINT('',(0.,0.));
#3083 = VECTOR('',#3084,1.);
#3084 = DIRECTION('',(1.,0.));
#3085 = ( GEOMETRIC_REPRESENTATION_CONTEXT(2) 
PARAMETRIC_REPRESENTATION_CONTEXT() REPRESENTATION_CONTEXT('2D SPACE',''
  ) );
#3086 = ORIENTED_EDGE('',*,*,#1608,.F.);
#3087 = ADVANCED_FACE('',(#3088),#712,.F.);
#3088 = FACE_BOUND('',#3089,.F.);
#3089 = EDGE_LOOP('',(#3090,#3091,#3092,#3113));
#3090 = ORIENTED_EDGE('',*,*,#3044,.F.);
#3091 = ORIENTED_EDGE('',*,*,#699,.T.);
#3092 = ORIENTED_EDGE('',*,*,#3093,.T.);
#3093 = EDGE_CURVE('',#674,#1653,#3094,.T.);
#3094 = SURFACE_CURVE('',#3095,(#3099,#3106),.PCURVE_S1.);
#3095 = LINE('',#3096,#3097);
#3096 = CARTESIAN_POINT('',(7.,-41.,-1.));
#3097 = VECTOR('',#3098,1.);
#3098 = DIRECTION('',(0.,0.,1.));
#3099 = PCURVE('',#712,#3100);
#3100 = DEFINITIONAL_REPRESENTATION('',(#3101),#3105);
#3101 = LINE('',#3102,#3103);
#3102 = CARTESIAN_POINT('',(0.,-20.));
#3103 = VECTOR('',#3104,1.);
#3104 = DIRECTION('',(1.,0.));
#3105 = ( GEOMETRIC_REPRESENTATION_CONTEXT(2) 
PARAMETRIC_REPRESENTATION_CONTEXT() REPRESENTATION_CONTEXT('2D SPACE',''
  ) );
#3106 = PCURVE('',#688,#3107);
#3107 = DEFINITIONAL_REPRESENTATION('',(#3108),#3112);
#3108 = LINE('',#3109,#3110);
#3109 = CARTESIAN_POINT('',(0.,2.));
#3110 = VECTOR('',#3111,1.);
#3111 = DIRECTION('',(1.,0.));
#3112 = ( GEOMETRIC_REPRESENTATION_CONTEXT(2) 
PARAMETRIC_REPRESENTATION_CONTEXT() REPRESENTATION_CONTEXT('2D SPACE',''
  ) );
#3113 = ORIENTED_EDGE('',*,*,#1673,.F.);
#3114 = ADVANCED_FACE('',(#3115),#662,.T.);
#3115 = FACE_BOUND('',#3116,.T.);
#3116 = EDGE_LOOP('',(#3117,#3118,#3119,#3140));
#3117 = ORIENTED_EDGE('',*,*,#3066,.F.);
#3118 = ORIENTED_EDGE('',*,*,#647,.T.);
#3119 = ORIENTED_EDGE('',*,*,#3120,.T.);
#3120 = EDGE_CURVE('',#648,#1632,#3121,.T.);
#3121 = SURFACE_CURVE('',#3122,(#3126,#3133),.PCURVE_S1.);
#3122 = LINE('',#3123,#3124);
#3123 = CARTESIAN_POINT('',(5.,-41.,-1.));
#3124 = VECTOR('',#3125,1.);
#3125 = DIRECTION('',(0.,0.,1.));
#3126 = PCURVE('',#662,#3127);
#3127 = DEFINITIONAL_REPRESENTATION('',(#3128),#3132);
#3128 = LINE('',#3129,#3130);
#3129 = CARTESIAN_POINT('',(0.,-20.));
#3130 = VECTOR('',#3131,1.);
#3131 = DIRECTION('',(1.,0.));
#3132 = ( GEOMETRIC_REPRESENTATION_CONTEXT(2) 
PARAMETRIC_REPRESENTATION_CONTEXT() REPRESENTATION_CONTEXT('2D SPACE',''
  ) );
#3133 = PCURVE('',#688,#3134);
#3134 = DEFINITIONAL_REPRESENTATION('',(#3135),#3139);
#3135 = LINE('',#3136,#3137);
#3136 = CARTESIAN_POINT('',(0.,0.));
#3137 = VECTOR('',#3138,1.);
#3138 = DIRECTION('',(1.,0.));
#3139 = ( GEOMETRIC_REPRESENTATION_CONTEXT(2) 
PARAMETRIC_REPRESENTATION_CONTEXT() REPRESENTATION_CONTEXT('2D SPACE',''
  ) );
#3140 = ORIENTED_EDGE('',*,*,#1631,.F.);
#3141 = ADVANCED_FACE('',(#3142),#688,.F.);
#3142 = FACE_BOUND('',#3143,.F.);
#3143 = EDGE_LOOP('',(#3144,#3145,#3146,#3147));
#3144 = ORIENTED_EDGE('',*,*,#3093,.F.);
#3145 = ORIENTED_EDGE('',*,*,#673,.T.);
#3146 = ORIENTED_EDGE('',*,*,#3120,.T.);
#3147 = ORIENTED_EDGE('',*,*,#1652,.F.);
#3148 = ADVANCED_FACE('',(#3149),#742,.T.);
#3149 = FACE_BOUND('',#3150,.T.);
#3150 = EDGE_LOOP('',(#3151,#3172,#3173,#3194));
#3151 = ORIENTED_EDGE('',*,*,#3152,.F.);
#3152 = EDGE_CURVE('',#726,#1695,#3153,.T.);
#3153 = SURFACE_CURVE('',#3154,(#3158,#3165),.PCURVE_S1.);
#3154 = LINE('',#3155,#3156);
#3155 = CARTESIAN_POINT('',(13.,-61.,-1.));
#3156 = VECTOR('',#3157,1.);
#3157 = DIRECTION('',(0.,0.,1.));
#3158 = PCURVE('',#742,#3159);
#3159 = DEFINITIONAL_REPRESENTATION('',(#3160),#3164);
#3160 = LINE('',#3161,#3162);
#3161 = CARTESIAN_POINT('',(0.,2.));
#3162 = VECTOR('',#3163,1.);
#3163 = DIRECTION('',(1.,0.));
#3164 = ( GEOMETRIC_REPRESENTATION_CONTEXT(2) 
PARAMETRIC_REPRESENTATION_CONTEXT() REPRESENTATION_CONTEXT('2D SPACE',''
  ) );
#3165 = PCURVE('',#818,#3166);
#3166 = DEFINITIONAL_REPRESENTATION('',(#3167),#3171);
#3167 = LINE('',#3168,#3169);
#3168 = CARTESIAN_POINT('',(0.,0.));
#3169 = VECTOR('',#3170,1.);
#3170 = DIRECTION('',(1.,0.));
#3171 = ( GEOMETRIC_REPRESENTATION_CONTEXT(2) 
PARAMETRIC_REPRESENTATION_CONTEXT() REPRESENTATION_CONTEXT('2D SPACE',''
  ) );
#3172 = ORIENTED_EDGE('',*,*,#725,.T.);
#3173 = ORIENTED_EDGE('',*,*,#3174,.T.);
#3174 = EDGE_CURVE('',#728,#1697,#3175,.T.);
#3175 = SURFACE_CURVE('',#3176,(#3180,#3187),.PCURVE_S1.);
#3176 = LINE('',#3177,#3178);
#3177 = CARTESIAN_POINT('',(11.,-61.,-1.));
#3178 = VECTOR('',#3179,1.);
#3179 = DIRECTION('',(0.,0.,1.));
#3180 = PCURVE('',#742,#3181);
#3181 = DEFINITIONAL_REPRESENTATION('',(#3182),#3186);
#3182 = LINE('',#3183,#3184);
#3183 = CARTESIAN_POINT('',(0.,0.));
#3184 = VECTOR('',#3185,1.);
#3185 = DIRECTION('',(1.,0.));
#3186 = ( GEOMETRIC_REPRESENTATION_CONTEXT(2) 
PARAMETRIC_REPRESENTATION_CONTEXT() REPRESENTATION_CONTEXT('2D SPACE',''
  ) );
#3187 = PCURVE('',#768,#3188);
#3188 = DEFINITIONAL_REPRESENTATION('',(#3189),#3193);
#3189 = LINE('',#3190,#3191);
#3190 = CARTESIAN_POINT('',(0.,0.));
#3191 = VECTOR('',#3192,1.);
#3192 = DIRECTION('',(1.,0.));
#3193 = ( GEOMETRIC_REPRESENTATION_CONTEXT(2) 
PARAMETRIC_REPRESENTATION_CONTEXT() REPRESENTATION_CONTEXT('2D SPACE',''
  ) );
#3194 = ORIENTED_EDGE('',*,*,#1694,.F.);
#3195 = ADVANCED_FACE('',(#3196),#818,.F.);
#3196 = FACE_BOUND('',#3197,.F.);
#3197 = EDGE_LOOP('',(#3198,#3199,#3200,#3221));
#3198 = ORIENTED_EDGE('',*,*,#3152,.F.);
#3199 = ORIENTED_EDGE('',*,*,#805,.T.);
#3200 = ORIENTED_EDGE('',*,*,#3201,.T.);
#3201 = EDGE_CURVE('',#780,#1739,#3202,.T.);
#3202 = SURFACE_CURVE('',#3203,(#3207,#3214),.PCURVE_S1.);
#3203 = LINE('',#3204,#3205);
#3204 = CARTESIAN_POINT('',(13.,-41.,-1.));
#3205 = VECTOR('',#3206,1.);
#3206 = DIRECTION('',(0.,0.,1.));
#3207 = PCURVE('',#818,#3208);
#3208 = DEFINITIONAL_REPRESENTATION('',(#3209),#3213);
#3209 = LINE('',#3210,#3211);
#3210 = CARTESIAN_POINT('',(0.,-20.));
#3211 = VECTOR('',#3212,1.);
#3212 = DIRECTION('',(1.,0.));
#3213 = ( GEOMETRIC_REPRESENTATION_CONTEXT(2) 
PARAMETRIC_REPRESENTATION_CONTEXT() REPRESENTATION_CONTEXT('2D SPACE',''
  ) );
#3214 = PCURVE('',#794,#3215);
#3215 = DEFINITIONAL_REPRESENTATION('',(#3216),#3220);
#3216 = LINE('',#3217,#3218);
#3217 = CARTESIAN_POINT('',(0.,2.));
#3218 = VECTOR('',#3219,1.);
#3219 = DIRECTION('',(1.,0.));
#3220 = ( GEOMETRIC_REPRESENTATION_CONTEXT(2) 
PARAMETRIC_REPRESENTATION_CONTEXT() REPRESENTATION_CONTEXT('2D SPACE',''
  ) );
#3221 = ORIENTED_EDGE('',*,*,#1759,.F.);
#3222 = ADVANCED_FACE('',(#3223),#768,.T.);
#3223 = FACE_BOUND('',#3224,.T.);
#3224 = EDGE_LOOP('',(#3225,#3226,#3227,#3248));
#3225 = ORIENTED_EDGE('',*,*,#3174,.F.);
#3226 = ORIENTED_EDGE('',*,*,#753,.T.);
#3227 = ORIENTED_EDGE('',*,*,#3228,.T.);
#3228 = EDGE_CURVE('',#754,#1718,#3229,.T.);
#3229 = SURFACE_CURVE('',#3230,(#3234,#3241),.PCURVE_S1.);
#3230 = LINE('',#3231,#3232);
#3231 = CARTESIAN_POINT('',(11.,-41.,-1.));
#3232 = VECTOR('',#3233,1.);
#3233 = DIRECTION('',(0.,0.,1.));
#3234 = PCURVE('',#768,#3235);
#3235 = DEFINITIONAL_REPRESENTATION('',(#3236),#3240);
#3236 = LINE('',#3237,#3238);
#3237 = CARTESIAN_POINT('',(0.,-20.));
#3238 = VECTOR('',#3239,1.);
#3239 = DIRECTION('',(1.,0.));
#3240 = ( GEOMETRIC_REPRESENTATION_CONTEXT(2) 
PARAMETRIC_REPRESENTATION_CONTEXT() REPRESENTATION_CONTEXT('2D SPACE',''
  ) );
#3241 = PCURVE('',#794,#3242);
#3242 = DEFINITIONAL_REPRESENTATION('',(#3243),#3247);
#3243 = LINE('',#3244,#3245);
#3244 = CARTESIAN_POINT('',(0.,0.));
#3245 = VECTOR('',#3246,1.);
#3246 = DIRECTION('',(1.,0.));
#3247 = ( GEOMETRIC_REPRESENTATION_CONTEXT(2) 
PARAMETRIC_REPRESENTATION_CONTEXT() REPRESENTATION_CONTEXT('2D SPACE',''
  ) );
#3248 = ORIENTED_EDGE('',*,*,#1717,.F.);
#3249 = ADVANCED_FACE('',(#3250),#794,.F.);
#3250 = FACE_BOUND('',#3251,.F.);
#3251 = EDGE_LOOP('',(#3252,#3253,#3254,#3255));
#3252 = ORIENTED_EDGE('',*,*,#3201,.F.);
#3253 = ORIENTED_EDGE('',*,*,#779,.T.);
#3254 = ORIENTED_EDGE('',*,*,#3228,.T.);
#3255 = ORIENTED_EDGE('',*,*,#1738,.F.);
#3256 = ADVANCED_FACE('',(#3257),#848,.T.);
#3257 = FACE_BOUND('',#3258,.T.);
#3258 = EDGE_LOOP('',(#3259,#3280,#3281,#3302));
#3259 = ORIENTED_EDGE('',*,*,#3260,.F.);
#3260 = EDGE_CURVE('',#832,#1781,#3261,.T.);
#3261 = SURFACE_CURVE('',#3262,(#3266,#3273),.PCURVE_S1.);
#3262 = LINE('',#3263,#3264);
#3263 = CARTESIAN_POINT('',(19.,-61.,-1.));
#3264 = VECTOR('',#3265,1.);
#3265 = DIRECTION('',(0.,0.,1.));
#3266 = PCURVE('',#848,#3267);
#3267 = DEFINITIONAL_REPRESENTATION('',(#3268),#3272);
#3268 = LINE('',#3269,#3270);
#3269 = CARTESIAN_POINT('',(0.,2.));
#3270 = VECTOR('',#3271,1.);
#3271 = DIRECTION('',(1.,0.));
#3272 = ( GEOMETRIC_REPRESENTATION_CONTEXT(2) 
PARAMETRIC_REPRESENTATION_CONTEXT() REPRESENTATION_CONTEXT('2D SPACE',''
  ) );
#3273 = PCURVE('',#924,#3274);
#3274 = DEFINITIONAL_REPRESENTATION('',(#3275),#3279);
#3275 = LINE('',#3276,#3277);
#3276 = CARTESIAN_POINT('',(0.,0.));
#3277 = VECTOR('',#3278,1.);
#3278 = DIRECTION('',(1.,0.));
#3279 = ( GEOMETRIC_REPRESENTATION_CONTEXT(2) 
PARAMETRIC_REPRESENTATION_CONTEXT() REPRESENTATION_CONTEXT('2D SPACE',''
  ) );
#3280 = ORIENTED_EDGE('',*,*,#831,.T.);
#3281 = ORIENTED_EDGE('',*,*,#3282,.T.);
#3282 = EDGE_CURVE('',#834,#1783,#3283,.T.);
#3283 = SURFACE_CURVE('',#3284,(#3288,#3295),.PCURVE_S1.);
#3284 = LINE('',#3285,#3286);
#3285 = CARTESIAN_POINT('',(17.,-61.,-1.));
#3286 = VECTOR('',#3287,1.);
#3287 = DIRECTION('',(0.,0.,1.));
#3288 = PCURVE('',#848,#3289);
#3289 = DEFINITIONAL_REPRESENTATION('',(#3290),#3294);
#3290 = LINE('',#3291,#3292);
#3291 = CARTESIAN_POINT('',(0.,0.));
#3292 = VECTOR('',#3293,1.);
#3293 = DIRECTION('',(1.,0.));
#3294 = ( GEOMETRIC_REPRESENTATION_CONTEXT(2) 
PARAMETRIC_REPRESENTATION_CONTEXT() REPRESENTATION_CONTEXT('2D SPACE',''
  ) );
#3295 = PCURVE('',#874,#3296);
#3296 = DEFINITIONAL_REPRESENTATION('',(#3297),#3301);
#3297 = LINE('',#3298,#3299);
#3298 = CARTESIAN_POINT('',(0.,0.));
#3299 = VECTOR('',#3300,1.);
#3300 = DIRECTION('',(1.,0.));
#3301 = ( GEOMETRIC_REPRESENTATION_CONTEXT(2) 
PARAMETRIC_REPRESENTATION_CONTEXT() REPRESENTATION_CONTEXT('2D SPACE',''
  ) );
#3302 = ORIENTED_EDGE('',*,*,#1780,.F.);
#3303 = ADVANCED_FACE('',(#3304),#924,.F.);
#3304 = FACE_BOUND('',#3305,.F.);
#3305 = EDGE_LOOP('',(#3306,#3307,#3308,#3329));
#3306 = ORIENTED_EDGE('',*,*,#3260,.F.);
#3307 = ORIENTED_EDGE('',*,*,#911,.T.);
#3308 = ORIENTED_EDGE('',*,*,#3309,.T.);
#3309 = EDGE_CURVE('',#886,#1825,#3310,.T.);
#3310 = SURFACE_CURVE('',#3311,(#3315,#3322),.PCURVE_S1.);
#3311 = LINE('',#3312,#3313);
#3312 = CARTESIAN_POINT('',(19.,-41.,-1.));
#3313 = VECTOR('',#3314,1.);
#3314 = DIRECTION('',(0.,0.,1.));
#3315 = PCURVE('',#924,#3316);
#3316 = DEFINITIONAL_REPRESENTATION('',(#3317),#3321);
#3317 = LINE('',#3318,#3319);
#3318 = CARTESIAN_POINT('',(0.,-20.));
#3319 = VECTOR('',#3320,1.);
#3320 = DIRECTION('',(1.,0.));
#3321 = ( GEOMETRIC_REPRESENTATION_CONTEXT(2) 
PARAMETRIC_REPRESENTATION_CONTEXT() REPRESENTATION_CONTEXT('2D SPACE',''
  ) );
#3322 = PCURVE('',#900,#3323);
#3323 = DEFINITIONAL_REPRESENTATION('',(#3324),#3328);
#3324 = LINE('',#3325,#3326);
#3325 = CARTESIAN_POINT('',(0.,2.));
#3326 = VECTOR('',#3327,1.);
#3327 = DIRECTION('',(1.,0.));
#3328 = ( GEOMETRIC_REPRESENTATION_CONTEXT(2) 
PARAMETRIC_REPRESENTATION_CONTEXT() REPRESENTATION_CONTEXT('2D SPACE',''
  ) );
#3329 = ORIENTED_EDGE('',*,*,#1845,.F.);
#3330 = ADVANCED_FACE('',(#3331),#900,.F.);
#3331 = FACE_BOUND('',#3332,.F.);
#3332 = EDGE_LOOP('',(#3333,#3334,#3335,#3356));
#3333 = ORIENTED_EDGE('',*,*,#3309,.F.);
#3334 = ORIENTED_EDGE('',*,*,#885,.T.);
#3335 = ORIENTED_EDGE('',*,*,#3336,.T.);
#3336 = EDGE_CURVE('',#860,#1804,#3337,.T.);
#3337 = SURFACE_CURVE('',#3338,(#3342,#3349),.PCURVE_S1.);
#3338 = LINE('',#3339,#3340);
#3339 = CARTESIAN_POINT('',(17.,-41.,-1.));
#3340 = VECTOR('',#3341,1.);
#3341 = DIRECTION('',(0.,0.,1.));
#3342 = PCURVE('',#900,#3343);
#3343 = DEFINITIONAL_REPRESENTATION('',(#3344),#3348);
#3344 = LINE('',#3345,#3346);
#3345 = CARTESIAN_POINT('',(0.,0.));
#3346 = VECTOR('',#3347,1.);
#3347 = DIRECTION('',(1.,0.));
#3348 = ( GEOMETRIC_REPRESENTATION_CONTEXT(2) 
PARAMETRIC_REPRESENTATION_CONTEXT() REPRESENTATION_CONTEXT('2D SPACE',''
  ) );
#3349 = PCURVE('',#874,#3350);
#3350 = DEFINITIONAL_REPRESENTATION('',(#3351),#3355);
#3351 = LINE('',#3352,#3353);
#3352 = CARTESIAN_POINT('',(0.,-20.));
#3353 = VECTOR('',#3354,1.);
#3354 = DIRECTION('',(1.,0.));
#3355 = ( GEOMETRIC_REPRESENTATION_CONTEXT(2) 
PARAMETRIC_REPRESENTATION_CONTEXT() REPRESENTATION_CONTEXT('2D SPACE',''
  ) );
#3356 = ORIENTED_EDGE('',*,*,#1824,.F.);
#3357 = ADVANCED_FACE('',(#3358),#874,.T.);
#3358 = FACE_BOUND('',#3359,.T.);
#3359 = EDGE_LOOP('',(#3360,#3361,#3362,#3363));
#3360 = ORIENTED_EDGE('',*,*,#3282,.F.);
#3361 = ORIENTED_EDGE('',*,*,#859,.T.);
#3362 = ORIENTED_EDGE('',*,*,#3336,.T.);
#3363 = ORIENTED_EDGE('',*,*,#1803,.F.);
#3364 = ADVANCED_FACE('',(#3365),#958,.F.);
#3365 = FACE_BOUND('',#3366,.T.);
#3366 = EDGE_LOOP('',(#3367,#3368,#3391,#3418));
#3367 = ORIENTED_EDGE('',*,*,#937,.T.);
#3368 = ORIENTED_EDGE('',*,*,#3369,.T.);
#3369 = EDGE_CURVE('',#938,#3370,#3372,.T.);
#3370 = VERTEX_POINT('',#3371);
#3371 = CARTESIAN_POINT('',(61.273702053557,-33.5,1.5));
#3372 = SEAM_CURVE('',#3373,(#3377,#3384),.PCURVE_S1.);
#3373 = LINE('',#3374,#3375);
#3374 = CARTESIAN_POINT('',(61.273702053557,-33.5,-0.1));
#3375 = VECTOR('',#3376,1.);
#3376 = DIRECTION('',(0.,0.,1.));
#3377 = PCURVE('',#958,#3378);
#3378 = DEFINITIONAL_REPRESENTATION('',(#3379),#3383);
#3379 = LINE('',#3380,#3381);
#3380 = CARTESIAN_POINT('',(-6.28318530718,0.));
#3381 = VECTOR('',#3382,1.);
#3382 = DIRECTION('',(-0.,-1.));
#3383 = ( GEOMETRIC_REPRESENTATION_CONTEXT(2) 
PARAMETRIC_REPRESENTATION_CONTEXT() REPRESENTATION_CONTEXT('2D SPACE',''
  ) );
#3384 = PCURVE('',#958,#3385);
#3385 = DEFINITIONAL_REPRESENTATION('',(#3386),#3390);
#3386 = LINE('',#3387,#3388);
#3387 = CARTESIAN_POINT('',(-0.,0.));
#3388 = VECTOR('',#3389,1.);
#3389 = DIRECTION('',(-0.,-1.));
#3390 = ( GEOMETRIC_REPRESENTATION_CONTEXT(2) 
PARAMETRIC_REPRESENTATION_CONTEXT() REPRESENTATION_CONTEXT('2D SPACE',''
  ) );
#3391 = ORIENTED_EDGE('',*,*,#3392,.T.);
#3392 = EDGE_CURVE('',#3370,#3370,#3393,.T.);
#3393 = SURFACE_CURVE('',#3394,(#3399,#3406),.PCURVE_S1.);
#3394 = CIRCLE('',#3395,3.25);
#3395 = AXIS2_PLACEMENT_3D('',#3396,#3397,#3398);
#3396 = CARTESIAN_POINT('',(58.023702053557,-33.5,1.5));
#3397 = DIRECTION('',(0.,0.,1.));
#3398 = DIRECTION('',(1.,0.,0.));
#3399 = PCURVE('',#958,#3400);
#3400 = DEFINITIONAL_REPRESENTATION('',(#3401),#3405);
#3401 = LINE('',#3402,#3403);
#3402 = CARTESIAN_POINT('',(-0.,-1.6));
#3403 = VECTOR('',#3404,1.);
#3404 = DIRECTION('',(-1.,0.));
#3405 = ( GEOMETRIC_REPRESENTATION_CONTEXT(2) 
PARAMETRIC_REPRESENTATION_CONTEXT() REPRESENTATION_CONTEXT('2D SPACE',''
  ) );
#3406 = PCURVE('',#3407,#3412);
#3407 = PLANE('',#3408);
#3408 = AXIS2_PLACEMENT_3D('',#3409,#3410,#3411);
#3409 = CARTESIAN_POINT('',(58.023702053557,-33.5,1.5));
#3410 = DIRECTION('',(0.,0.,1.));
#3411 = DIRECTION('',(1.,0.,-0.));
#3412 = DEFINITIONAL_REPRESENTATION('',(#3413),#3417);
#3413 = CIRCLE('',#3414,3.25);
#3414 = AXIS2_PLACEMENT_2D('',#3415,#3416);
#3415 = CARTESIAN_POINT('',(0.,0.));
#3416 = DIRECTION('',(1.,0.));
#3417 = ( GEOMETRIC_REPRESENTATION_CONTEXT(2) 
PARAMETRIC_REPRESENTATION_CONTEXT() REPRESENTATION_CONTEXT('2D SPACE',''
  ) );
#3418 = ORIENTED_EDGE('',*,*,#3369,.F.);
#3419 = ADVANCED_FACE('',(#3420),#993,.F.);
#3420 = FACE_BOUND('',#3421,.T.);
#3421 = EDGE_LOOP('',(#3422,#3423,#3446,#3473));
#3422 = ORIENTED_EDGE('',*,*,#972,.T.);
#3423 = ORIENTED_EDGE('',*,*,#3424,.T.);
#3424 = EDGE_CURVE('',#973,#3425,#3427,.T.);
#3425 = VERTEX_POINT('',#3426);
#3426 = CARTESIAN_POINT('',(-54.77370205355,33.5,1.5));
#3427 = SEAM_CURVE('',#3428,(#3432,#3439),.PCURVE_S1.);
#3428 = LINE('',#3429,#3430);
#3429 = CARTESIAN_POINT('',(-54.77370205355,33.5,-0.1));
#3430 = VECTOR('',#3431,1.);
#3431 = DIRECTION('',(0.,0.,1.));
#3432 = PCURVE('',#993,#3433);
#3433 = DEFINITIONAL_REPRESENTATION('',(#3434),#3438);
#3434 = LINE('',#3435,#3436);
#3435 = CARTESIAN_POINT('',(-6.28318530718,0.));
#3436 = VECTOR('',#3437,1.);
#3437 = DIRECTION('',(-0.,-1.));
#3438 = ( GEOMETRIC_REPRESENTATION_CONTEXT(2) 
PARAMETRIC_REPRESENTATION_CONTEXT() REPRESENTATION_CONTEXT('2D SPACE',''
  ) );
#3439 = PCURVE('',#993,#3440);
#3440 = DEFINITIONAL_REPRESENTATION('',(#3441),#3445);
#3441 = LINE('',#3442,#3443);
#3442 = CARTESIAN_POINT('',(-0.,0.));
#3443 = VECTOR('',#3444,1.);
#3444 = DIRECTION('',(-0.,-1.));
#3445 = ( GEOMETRIC_REPRESENTATION_CONTEXT(2) 
PARAMETRIC_REPRESENTATION_CONTEXT() REPRESENTATION_CONTEXT('2D SPACE',''
  ) );
#3446 = ORIENTED_EDGE('',*,*,#3447,.T.);
#3447 = EDGE_CURVE('',#3425,#3425,#3448,.T.);
#3448 = SURFACE_CURVE('',#3449,(#3454,#3461),.PCURVE_S1.);
#3449 = CIRCLE('',#3450,3.25);
#3450 = AXIS2_PLACEMENT_3D('',#3451,#3452,#3453);
#3451 = CARTESIAN_POINT('',(-58.02370205355,33.5,1.5));
#3452 = DIRECTION('',(0.,0.,1.));
#3453 = DIRECTION('',(1.,0.,0.));
#3454 = PCURVE('',#993,#3455);
#3455 = DEFINITIONAL_REPRESENTATION('',(#3456),#3460);
#3456 = LINE('',#3457,#3458);
#3457 = CARTESIAN_POINT('',(-0.,-1.6));
#3458 = VECTOR('',#3459,1.);
#3459 = DIRECTION('',(-1.,0.));
#3460 = ( GEOMETRIC_REPRESENTATION_CONTEXT(2) 
PARAMETRIC_REPRESENTATION_CONTEXT() REPRESENTATION_CONTEXT('2D SPACE',''
  ) );
#3461 = PCURVE('',#3462,#3467);
#3462 = PLANE('',#3463);
#3463 = AXIS2_PLACEMENT_3D('',#3464,#3465,#3466);
#3464 = CARTESIAN_POINT('',(-58.02370205355,33.5,1.5));
#3465 = DIRECTION('',(0.,0.,1.));
#3466 = DIRECTION('',(1.,0.,-0.));
#3467 = DEFINITIONAL_REPRESENTATION('',(#3468),#3472);
#3468 = CIRCLE('',#3469,3.25);
#3469 = AXIS2_PLACEMENT_2D('',#3470,#3471);
#3470 = CARTESIAN_POINT('',(0.,0.));
#3471 = DIRECTION('',(1.,0.));
#3472 = ( GEOMETRIC_REPRESENTATION_CONTEXT(2) 
PARAMETRIC_REPRESENTATION_CONTEXT() REPRESENTATION_CONTEXT('2D SPACE',''
  ) );
#3473 = ORIENTED_EDGE('',*,*,#3424,.F.);
#3474 = ADVANCED_FACE('',(#3475),#1028,.F.);
#3475 = FACE_BOUND('',#3476,.T.);
#3476 = EDGE_LOOP('',(#3477,#3478,#3501,#3528));
#3477 = ORIENTED_EDGE('',*,*,#1007,.T.);
#3478 = ORIENTED_EDGE('',*,*,#3479,.T.);
#3479 = EDGE_CURVE('',#1008,#3480,#3482,.T.);
#3480 = VERTEX_POINT('',#3481);
#3481 = CARTESIAN_POINT('',(61.273702053557,33.5,1.5));
#3482 = SEAM_CURVE('',#3483,(#3487,#3494),.PCURVE_S1.);
#3483 = LINE('',#3484,#3485);
#3484 = CARTESIAN_POINT('',(61.273702053557,33.5,-0.1));
#3485 = VECTOR('',#3486,1.);
#3486 = DIRECTION('',(0.,0.,1.));
#3487 = PCURVE('',#1028,#3488);
#3488 = DEFINITIONAL_REPRESENTATION('',(#3489),#3493);
#3489 = LINE('',#3490,#3491);
#3490 = CARTESIAN_POINT('',(-6.28318530718,0.));
#3491 = VECTOR('',#3492,1.);
#3492 = DIRECTION('',(-0.,-1.));
#3493 = ( GEOMETRIC_REPRESENTATION_CONTEXT(2) 
PARAMETRIC_REPRESENTATION_CONTEXT() REPRESENTATION_CONTEXT('2D SPACE',''
  ) );
#3494 = PCURVE('',#1028,#3495);
#3495 = DEFINITIONAL_REPRESENTATION('',(#3496),#3500);
#3496 = LINE('',#3497,#3498);
#3497 = CARTESIAN_POINT('',(-0.,0.));
#3498 = VECTOR('',#3499,1.);
#3499 = DIRECTION('',(-0.,-1.));
#3500 = ( GEOMETRIC_REPRESENTATION_CONTEXT(2) 
PARAMETRIC_REPRESENTATION_CONTEXT() REPRESENTATION_CONTEXT('2D SPACE',''
  ) );
#3501 = ORIENTED_EDGE('',*,*,#3502,.T.);
#3502 = EDGE_CURVE('',#3480,#3480,#3503,.T.);
#3503 = SURFACE_CURVE('',#3504,(#3509,#3516),.PCURVE_S1.);
#3504 = CIRCLE('',#3505,3.25);
#3505 = AXIS2_PLACEMENT_3D('',#3506,#3507,#3508);
#3506 = CARTESIAN_POINT('',(58.023702053557,33.5,1.5));
#3507 = DIRECTION('',(0.,0.,1.));
#3508 = DIRECTION('',(1.,0.,0.));
#3509 = PCURVE('',#1028,#3510);
#3510 = DEFINITIONAL_REPRESENTATION('',(#3511),#3515);
#3511 = LINE('',#3512,#3513);
#3512 = CARTESIAN_POINT('',(-0.,-1.6));
#3513 = VECTOR('',#3514,1.);
#3514 = DIRECTION('',(-1.,0.));
#3515 = ( GEOMETRIC_REPRESENTATION_CONTEXT(2) 
PARAMETRIC_REPRESENTATION_CONTEXT() REPRESENTATION_CONTEXT('2D SPACE',''
  ) );
#3516 = PCURVE('',#3517,#3522);
#3517 = PLANE('',#3518);
#3518 = AXIS2_PLACEMENT_3D('',#3519,#3520,#3521);
#3519 = CARTESIAN_POINT('',(58.023702053557,33.5,1.5));
#3520 = DIRECTION('',(0.,0.,1.));
#3521 = DIRECTION('',(1.,0.,-0.));
#3522 = DEFINITIONAL_REPRESENTATION('',(#3523),#3527);
#3523 = CIRCLE('',#3524,3.25);
#3524 = AXIS2_PLACEMENT_2D('',#3525,#3526);
#3525 = CARTESIAN_POINT('',(0.,0.));
#3526 = DIRECTION('',(1.,0.));
#3527 = ( GEOMETRIC_REPRESENTATION_CONTEXT(2) 
PARAMETRIC_REPRESENTATION_CONTEXT() REPRESENTATION_CONTEXT('2D SPACE',''
  ) );
#3528 = ORIENTED_EDGE('',*,*,#3479,.F.);
#3529 = ADVANCED_FACE('',(#3530),#1089,.T.);
#3530 = FACE_BOUND('',#3531,.F.);
#3531 = EDGE_LOOP('',(#3532,#3555,#3582,#3583));
#3532 = ORIENTED_EDGE('',*,*,#3533,.T.);
#3533 = EDGE_CURVE('',#1073,#3534,#3536,.T.);
#3534 = VERTEX_POINT('',#3535);
#3535 = CARTESIAN_POINT('',(-42.4,-41.,9.));
#3536 = SEAM_CURVE('',#3537,(#3541,#3548),.PCURVE_S1.);
#3537 = LINE('',#3538,#3539);
#3538 = CARTESIAN_POINT('',(-42.4,-41.,3.));
#3539 = VECTOR('',#3540,1.);
#3540 = DIRECTION('',(0.,0.,1.));
#3541 = PCURVE('',#1089,#3542);
#3542 = DEFINITIONAL_REPRESENTATION('',(#3543),#3547);
#3543 = LINE('',#3544,#3545);
#3544 = CARTESIAN_POINT('',(-0.,0.));
#3545 = VECTOR('',#3546,1.);
#3546 = DIRECTION('',(-0.,-1.));
#3547 = ( GEOMETRIC_REPRESENTATION_CONTEXT(2) 
PARAMETRIC_REPRESENTATION_CONTEXT() REPRESENTATION_CONTEXT('2D SPACE',''
  ) );
#3548 = PCURVE('',#1089,#3549);
#3549 = DEFINITIONAL_REPRESENTATION('',(#3550),#3554);
#3550 = LINE('',#3551,#3552);
#3551 = CARTESIAN_POINT('',(-6.28318530718,0.));
#3552 = VECTOR('',#3553,1.);
#3553 = DIRECTION('',(-0.,-1.));
#3554 = ( GEOMETRIC_REPRESENTATION_CONTEXT(2) 
PARAMETRIC_REPRESENTATION_CONTEXT() REPRESENTATION_CONTEXT('2D SPACE',''
  ) );
#3555 = ORIENTED_EDGE('',*,*,#3556,.T.);
#3556 = EDGE_CURVE('',#3534,#3534,#3557,.T.);
#3557 = SURFACE_CURVE('',#3558,(#3563,#3570),.PCURVE_S1.);
#3558 = CIRCLE('',#3559,3.6);
#3559 = AXIS2_PLACEMENT_3D('',#3560,#3561,#3562);
#3560 = CARTESIAN_POINT('',(-46.,-41.,9.));
#3561 = DIRECTION('',(0.,0.,1.));
#3562 = DIRECTION('',(1.,0.,0.));
#3563 = PCURVE('',#1089,#3564);
#3564 = DEFINITIONAL_REPRESENTATION('',(#3565),#3569);
#3565 = LINE('',#3566,#3567);
#3566 = CARTESIAN_POINT('',(-0.,-6.));
#3567 = VECTOR('',#3568,1.);
#3568 = DIRECTION('',(-1.,0.));
#3569 = ( GEOMETRIC_REPRESENTATION_CONTEXT(2) 
PARAMETRIC_REPRESENTATION_CONTEXT() REPRESENTATION_CONTEXT('2D SPACE',''
  ) );
#3570 = PCURVE('',#3571,#3576);
#3571 = PLANE('',#3572);
#3572 = AXIS2_PLACEMENT_3D('',#3573,#3574,#3575);
#3573 = CARTESIAN_POINT('',(-46.,-41.,9.));
#3574 = DIRECTION('',(0.,0.,1.));
#3575 = DIRECTION('',(1.,0.,-0.));
#3576 = DEFINITIONAL_REPRESENTATION('',(#3577),#3581);
#3577 = CIRCLE('',#3578,3.6);
#3578 = AXIS2_PLACEMENT_2D('',#3579,#3580);
#3579 = CARTESIAN_POINT('',(0.,0.));
#3580 = DIRECTION('',(1.,0.));
#3581 = ( GEOMETRIC_REPRESENTATION_CONTEXT(2) 
PARAMETRIC_REPRESENTATION_CONTEXT() REPRESENTATION_CONTEXT('2D SPACE',''
  ) );
#3582 = ORIENTED_EDGE('',*,*,#3533,.F.);
#3583 = ORIENTED_EDGE('',*,*,#1072,.F.);
#3584 = ADVANCED_FACE('',(#3585),#1382,.F.);
#3585 = FACE_BOUND('',#3586,.T.);
#3586 = EDGE_LOOP('',(#3587,#3615,#3636,#3637));
#3587 = ORIENTED_EDGE('',*,*,#3588,.T.);
#3588 = EDGE_CURVE('',#3589,#3589,#3591,.T.);
#3589 = VERTEX_POINT('',#3590);
#3590 = CARTESIAN_POINT('',(-56.32370205355,-33.5,1.5));
#3591 = SURFACE_CURVE('',#3592,(#3597,#3604),.PCURVE_S1.);
#3592 = CIRCLE('',#3593,1.7);
#3593 = AXIS2_PLACEMENT_3D('',#3594,#3595,#3596);
#3594 = CARTESIAN_POINT('',(-58.02370205355,-33.5,1.5));
#3595 = DIRECTION('',(0.,0.,-1.));
#3596 = DIRECTION('',(1.,0.,0.));
#3597 = PCURVE('',#1382,#3598);
#3598 = DEFINITIONAL_REPRESENTATION('',(#3599),#3603);
#3599 = LINE('',#3600,#3601);
#3600 = CARTESIAN_POINT('',(-6.28318530718,-2.5));
#3601 = VECTOR('',#3602,1.);
#3602 = DIRECTION('',(1.,-0.));
#3603 = ( GEOMETRIC_REPRESENTATION_CONTEXT(2) 
PARAMETRIC_REPRESENTATION_CONTEXT() REPRESENTATION_CONTEXT('2D SPACE',''
  ) );
#3604 = PCURVE('',#2920,#3605);
#3605 = DEFINITIONAL_REPRESENTATION('',(#3606),#3614);
#3606 = ( BOUNDED_CURVE() B_SPLINE_CURVE(2,(#3607,#3608,#3609,#3610,
#3611,#3612,#3613),.UNSPECIFIED.,.T.,.F.) B_SPLINE_CURVE_WITH_KNOTS((1,2
    ,2,2,2,1),(-2.094395102393,0.,2.094395102393,4.188790204786,
6.28318530718,8.377580409573),.UNSPECIFIED.) CURVE() 
GEOMETRIC_REPRESENTATION_ITEM() RATIONAL_B_SPLINE_CURVE((1.,0.5,1.,0.5,
1.,0.5,1.)) REPRESENTATION_ITEM('') );
#3607 = CARTESIAN_POINT('',(1.7,0.));
#3608 = CARTESIAN_POINT('',(1.7,-2.944486372867));
#3609 = CARTESIAN_POINT('',(-0.85,-1.472243186434));
#3610 = CARTESIAN_POINT('',(-3.4,-4.163799117101E-16));
#3611 = CARTESIAN_POINT('',(-0.85,1.472243186434));
#3612 = CARTESIAN_POINT('',(1.7,2.944486372867));
#3613 = CARTESIAN_POINT('',(1.7,0.));
#3614 = ( GEOMETRIC_REPRESENTATION_CONTEXT(2) 
PARAMETRIC_REPRESENTATION_CONTEXT() REPRESENTATION_CONTEXT('2D SPACE',''
  ) );
#3615 = ORIENTED_EDGE('',*,*,#3616,.T.);
#3616 = EDGE_CURVE('',#3589,#1362,#3617,.T.);
#3617 = SEAM_CURVE('',#3618,(#3622,#3629),.PCURVE_S1.);
#3618 = LINE('',#3619,#3620);
#3619 = CARTESIAN_POINT('',(-56.32370205355,-33.5,-1.));
#3620 = VECTOR('',#3621,1.);
#3621 = DIRECTION('',(0.,0.,1.));
#3622 = PCURVE('',#1382,#3623);
#3623 = DEFINITIONAL_REPRESENTATION('',(#3624),#3628);
#3624 = LINE('',#3625,#3626);
#3625 = CARTESIAN_POINT('',(-6.28318530718,0.));
#3626 = VECTOR('',#3627,1.);
#3627 = DIRECTION('',(-0.,-1.));
#3628 = ( GEOMETRIC_REPRESENTATION_CONTEXT(2) 
PARAMETRIC_REPRESENTATION_CONTEXT() REPRESENTATION_CONTEXT('2D SPACE',''
  ) );
#3629 = PCURVE('',#1382,#3630);
#3630 = DEFINITIONAL_REPRESENTATION('',(#3631),#3635);
#3631 = LINE('',#3632,#3633);
#3632 = CARTESIAN_POINT('',(-0.,0.));
#3633 = VECTOR('',#3634,1.);
#3634 = DIRECTION('',(-0.,-1.));
#3635 = ( GEOMETRIC_REPRESENTATION_CONTEXT(2) 
PARAMETRIC_REPRESENTATION_CONTEXT() REPRESENTATION_CONTEXT('2D SPACE',''
  ) );
#3636 = ORIENTED_EDGE('',*,*,#1361,.F.);
#3637 = ORIENTED_EDGE('',*,*,#3616,.F.);
#3638 = ADVANCED_FACE('',(#3639),#1415,.T.);
#3639 = FACE_BOUND('',#3640,.F.);
#3640 = EDGE_LOOP('',(#3641,#3642,#3663,#3696));
#3641 = ORIENTED_EDGE('',*,*,#1396,.F.);
#3642 = ORIENTED_EDGE('',*,*,#3643,.F.);
#3643 = EDGE_CURVE('',#3644,#1397,#3646,.T.);
#3644 = VERTEX_POINT('',#3645);
#3645 = CARTESIAN_POINT('',(-59.07829748004,-38.74502893094,5.2));
#3646 = SURFACE_CURVE('',#3647,(#3651,#3657),.PCURVE_S1.);
#3647 = LINE('',#3648,#3649);
#3648 = CARTESIAN_POINT('',(-59.07829748004,-38.74502893094,3.));
#3649 = VECTOR('',#3650,1.);
#3650 = DIRECTION('',(-0.,-0.,-1.));
#3651 = PCURVE('',#1415,#3652);
#3652 = DEFINITIONAL_REPRESENTATION('',(#3653),#3656);
#3653 = B_SPLINE_CURVE_WITH_KNOTS('',1,(#3654,#3655),.UNSPECIFIED.,.F.,
  .F.,(2,2),(-2.2000006,5.999999999062E-07),.PIECEWISE_BEZIER_KNOTS.);
#3654 = CARTESIAN_POINT('',(-3.722051937493,-2.2000006));
#3655 = CARTESIAN_POINT('',(-3.722051937493,5.999999999062E-07));
#3656 = ( GEOMETRIC_REPRESENTATION_CONTEXT(2) 
PARAMETRIC_REPRESENTATION_CONTEXT() REPRESENTATION_CONTEXT('2D SPACE',''
  ) );
#3657 = PCURVE('',#1448,#3658);
#3658 = DEFINITIONAL_REPRESENTATION('',(#3659),#3662);
#3659 = B_SPLINE_CURVE_WITH_KNOTS('',1,(#3660,#3661),.UNSPECIFIED.,.F.,
  .F.,(2,2),(-2.2000006,5.999999999062E-07),.PIECEWISE_BEZIER_KNOTS.);
#3660 = CARTESIAN_POINT('',(-4.513968916943,-2.3000006));
#3661 = CARTESIAN_POINT('',(-4.513968916943,-9.99994E-02));
#3662 = ( GEOMETRIC_REPRESENTATION_CONTEXT(2) 
PARAMETRIC_REPRESENTATION_CONTEXT() REPRESENTATION_CONTEXT('2D SPACE',''
  ) );
#3663 = ORIENTED_EDGE('',*,*,#3664,.F.);
#3664 = EDGE_CURVE('',#3665,#3644,#3667,.T.);
#3665 = VERTEX_POINT('',#3666);
#3666 = CARTESIAN_POINT('',(59.078297480042,-38.74502893094,5.2));
#3667 = SURFACE_CURVE('',#3668,(#3673,#3680),.PCURVE_S1.);
#3668 = CIRCLE('',#3669,70.65);
#3669 = AXIS2_PLACEMENT_3D('',#3670,#3671,#3672);
#3670 = CARTESIAN_POINT('',(0.,0.,5.2));
#3671 = DIRECTION('',(0.,0.,-1.));
#3672 = DIRECTION('',(0.53919685913,0.842179759377,0.));
#3673 = PCURVE('',#1415,#3674);
#3674 = DEFINITIONAL_REPRESENTATION('',(#3675),#3679);
#3675 = LINE('',#3676,#3677);
#3676 = CARTESIAN_POINT('',(-7.284498461447,-2.2));
#3677 = VECTOR('',#3678,1.);
#3678 = DIRECTION('',(1.,-0.));
#3679 = ( GEOMETRIC_REPRESENTATION_CONTEXT(2) 
PARAMETRIC_REPRESENTATION_CONTEXT() REPRESENTATION_CONTEXT('2D SPACE',''
  ) );
#3680 = PCURVE('',#3681,#3686);
#3681 = PLANE('',#3682);
#3682 = AXIS2_PLACEMENT_3D('',#3683,#3684,#3685);
#3683 = CARTESIAN_POINT('',(-2.477456998798E-15,7.025784783198E-15,5.2)
  );
#3684 = DIRECTION('',(0.,0.,1.));
#3685 = DIRECTION('',(1.,0.,-0.));
#3686 = DEFINITIONAL_REPRESENTATION('',(#3687),#3695);
#3687 = ( BOUNDED_CURVE() B_SPLINE_CURVE(2,(#3688,#3689,#3690,#3691,
#3692,#3693,#3694),.UNSPECIFIED.,.T.,.F.) B_SPLINE_CURVE_WITH_KNOTS((1,2
    ,2,2,2,1),(-2.094395102393,0.,2.094395102393,4.188790204786,
6.28318530718,8.377580409573),.UNSPECIFIED.) CURVE() 
GEOMETRIC_REPRESENTATION_ITEM() RATIONAL_B_SPLINE_CURVE((1.,0.5,1.,0.5,
1.,0.5,1.)) REPRESENTATION_ITEM('') );
#3688 = CARTESIAN_POINT('',(38.094258097514,59.5));
#3689 = CARTESIAN_POINT('',(141.15128114786,-6.481190501536));
#3690 = CARTESIAN_POINT('',(32.481382476417,-62.74059525076));
#3691 = CARTESIAN_POINT('',(-76.18851619502,-119.));
#3692 = CARTESIAN_POINT('',(-70.57564057393,3.240595250768));
#3693 = CARTESIAN_POINT('',(-64.96276495283,125.48119050153));
#3694 = CARTESIAN_POINT('',(38.094258097514,59.5));
#3695 = ( GEOMETRIC_REPRESENTATION_CONTEXT(2) 
PARAMETRIC_REPRESENTATION_CONTEXT() REPRESENTATION_CONTEXT('2D SPACE',''
  ) );
#3696 = ORIENTED_EDGE('',*,*,#3697,.T.);
#3697 = EDGE_CURVE('',#3665,#1399,#3698,.T.);
#3698 = SURFACE_CURVE('',#3699,(#3703,#3709),.PCURVE_S1.);
#3699 = LINE('',#3700,#3701);
#3700 = CARTESIAN_POINT('',(59.078297480042,-38.74502893094,3.));
#3701 = VECTOR('',#3702,1.);
#3702 = DIRECTION('',(-0.,-0.,-1.));
#3703 = PCURVE('',#1415,#3704);
#3704 = DEFINITIONAL_REPRESENTATION('',(#3705),#3708);
#3705 = B_SPLINE_CURVE_WITH_KNOTS('',1,(#3706,#3707),.UNSPECIFIED.,.F.,
  .F.,(2,2),(-2.2000006,5.999999999062E-07),.PIECEWISE_BEZIER_KNOTS.);
#3706 = CARTESIAN_POINT('',(-5.702726023276,-2.2000006));
#3707 = CARTESIAN_POINT('',(-5.702726023276,5.999999999062E-07));
#3708 = ( GEOMETRIC_REPRESENTATION_CONTEXT(2) 
PARAMETRIC_REPRESENTATION_CONTEXT() REPRESENTATION_CONTEXT('2D SPACE',''
  ) );
#3709 = PCURVE('',#1508,#3710);
#3710 = DEFINITIONAL_REPRESENTATION('',(#3711),#3714);
#3711 = B_SPLINE_CURVE_WITH_KNOTS('',1,(#3712,#3713),.UNSPECIFIED.,.F.,
  .F.,(2,2),(-2.2000006,5.999999999062E-07),.PIECEWISE_BEZIER_KNOTS.);
#3712 = CARTESIAN_POINT('',(-4.910809043827,-2.3000006));
#3713 = CARTESIAN_POINT('',(-4.910809043827,-9.99994E-02));
#3714 = ( GEOMETRIC_REPRESENTATION_CONTEXT(2) 
PARAMETRIC_REPRESENTATION_CONTEXT() REPRESENTATION_CONTEXT('2D SPACE',''
  ) );
#3715 = ADVANCED_FACE('',(#3716),#1448,.F.);
#3716 = FACE_BOUND('',#3717,.T.);
#3717 = EDGE_LOOP('',(#3718,#3719,#3747,#3766));
#3718 = ORIENTED_EDGE('',*,*,#3643,.F.);
#3719 = ORIENTED_EDGE('',*,*,#3720,.F.);
#3720 = EDGE_CURVE('',#3721,#3644,#3723,.T.);
#3721 = VERTEX_POINT('',#3722);
#3722 = CARTESIAN_POINT('',(-56.86759529467,-38.72359236178,5.2));
#3723 = SURFACE_CURVE('',#3724,(#3729,#3736),.PCURVE_S1.);
#3724 = CIRCLE('',#3725,5.35);
#3725 = AXIS2_PLACEMENT_3D('',#3726,#3727,#3728);
#3726 = CARTESIAN_POINT('',(-58.02370205355,-33.5,5.2));
#3727 = DIRECTION('',(0.,0.,-1.));
#3728 = DIRECTION('',(1.,0.,0.));
#3729 = PCURVE('',#1448,#3730);
#3730 = DEFINITIONAL_REPRESENTATION('',(#3731),#3735);
#3731 = LINE('',#3732,#3733);
#3732 = CARTESIAN_POINT('',(-6.28318530718,-2.3));
#3733 = VECTOR('',#3734,1.);
#3734 = DIRECTION('',(1.,-0.));
#3735 = ( GEOMETRIC_REPRESENTATION_CONTEXT(2) 
PARAMETRIC_REPRESENTATION_CONTEXT() REPRESENTATION_CONTEXT('2D SPACE',''
  ) );
#3736 = PCURVE('',#3681,#3737);
#3737 = DEFINITIONAL_REPRESENTATION('',(#3738),#3746);
#3738 = ( BOUNDED_CURVE() B_SPLINE_CURVE(2,(#3739,#3740,#3741,#3742,
#3743,#3744,#3745),.UNSPECIFIED.,.T.,.F.) B_SPLINE_CURVE_WITH_KNOTS((1,2
    ,2,2,2,1),(-2.094395102393,0.,2.094395102393,4.188790204786,
6.28318530718,8.377580409573),.UNSPECIFIED.) CURVE() 
GEOMETRIC_REPRESENTATION_ITEM() RATIONAL_B_SPLINE_CURVE((1.,0.5,1.,0.5,
1.,0.5,1.)) REPRESENTATION_ITEM('') );
#3739 = CARTESIAN_POINT('',(-52.67370205355,-33.5));
#3740 = CARTESIAN_POINT('',(-52.67370205355,-42.76647182049));
#3741 = CARTESIAN_POINT('',(-60.69870205355,-38.13323591024));
#3742 = CARTESIAN_POINT('',(-68.72370205355,-33.5));
#3743 = CARTESIAN_POINT('',(-60.69870205355,-28.86676408975));
#3744 = CARTESIAN_POINT('',(-52.67370205355,-24.2335281795));
#3745 = CARTESIAN_POINT('',(-52.67370205355,-33.5));
#3746 = ( GEOMETRIC_REPRESENTATION_CONTEXT(2) 
PARAMETRIC_REPRESENTATION_CONTEXT() REPRESENTATION_CONTEXT('2D SPACE',''
  ) );
#3747 = ORIENTED_EDGE('',*,*,#3748,.T.);
#3748 = EDGE_CURVE('',#3721,#1428,#3749,.T.);
#3749 = SURFACE_CURVE('',#3750,(#3754,#3760),.PCURVE_S1.);
#3750 = LINE('',#3751,#3752);
#3751 = CARTESIAN_POINT('',(-56.86759529467,-38.72359236178,3.));
#3752 = VECTOR('',#3753,1.);
#3753 = DIRECTION('',(-0.,-0.,-1.));
#3754 = PCURVE('',#1448,#3755);
#3755 = DEFINITIONAL_REPRESENTATION('',(#3756),#3759);
#3756 = B_SPLINE_CURVE_WITH_KNOTS('',1,(#3757,#3758),.UNSPECIFIED.,.F.,
  .F.,(2,2),(-2.2000006,5.999999999062E-07),.PIECEWISE_BEZIER_KNOTS.);
#3757 = CARTESIAN_POINT('',(-4.930201884232,-2.3000006));
#3758 = CARTESIAN_POINT('',(-4.930201884232,-9.99994E-02));
#3759 = ( GEOMETRIC_REPRESENTATION_CONTEXT(2) 
PARAMETRIC_REPRESENTATION_CONTEXT() REPRESENTATION_CONTEXT('2D SPACE',''
  ) );
#3760 = PCURVE('',#1477,#3761);
#3761 = DEFINITIONAL_REPRESENTATION('',(#3762),#3765);
#3762 = B_SPLINE_CURVE_WITH_KNOTS('',1,(#3763,#3764),.UNSPECIFIED.,.F.,
  .F.,(2,2),(-2.2000006,5.999999999062E-07),.PIECEWISE_BEZIER_KNOTS.);
#3763 = CARTESIAN_POINT('',(-3.739413876433,-2.2000006));
#3764 = CARTESIAN_POINT('',(-3.739413876433,5.999999999062E-07));
#3765 = ( GEOMETRIC_REPRESENTATION_CONTEXT(2) 
PARAMETRIC_REPRESENTATION_CONTEXT() REPRESENTATION_CONTEXT('2D SPACE',''
  ) );
#3766 = ORIENTED_EDGE('',*,*,#1427,.T.);
#3767 = ADVANCED_FACE('',(#3768),#1508,.F.);
#3768 = FACE_BOUND('',#3769,.T.);
#3769 = EDGE_LOOP('',(#3770,#3798,#3799,#3800));
#3770 = ORIENTED_EDGE('',*,*,#3771,.F.);
#3771 = EDGE_CURVE('',#3665,#3772,#3774,.T.);
#3772 = VERTEX_POINT('',#3773);
#3773 = CARTESIAN_POINT('',(56.867595294672,-38.72359236178,5.2));
#3774 = SURFACE_CURVE('',#3775,(#3780,#3787),.PCURVE_S1.);
#3775 = CIRCLE('',#3776,5.35);
#3776 = AXIS2_PLACEMENT_3D('',#3777,#3778,#3779);
#3777 = CARTESIAN_POINT('',(58.023702053557,-33.5,5.2));
#3778 = DIRECTION('',(0.,0.,-1.));
#3779 = DIRECTION('',(1.,0.,0.));
#3780 = PCURVE('',#1508,#3781);
#3781 = DEFINITIONAL_REPRESENTATION('',(#3782),#3786);
#3782 = LINE('',#3783,#3784);
#3783 = CARTESIAN_POINT('',(-6.28318530718,-2.3));
#3784 = VECTOR('',#3785,1.);
#3785 = DIRECTION('',(1.,-0.));
#3786 = ( GEOMETRIC_REPRESENTATION_CONTEXT(2) 
PARAMETRIC_REPRESENTATION_CONTEXT() REPRESENTATION_CONTEXT('2D SPACE',''
  ) );
#3787 = PCURVE('',#3681,#3788);
#3788 = DEFINITIONAL_REPRESENTATION('',(#3789),#3797);
#3789 = ( BOUNDED_CURVE() B_SPLINE_CURVE(2,(#3790,#3791,#3792,#3793,
#3794,#3795,#3796),.UNSPECIFIED.,.T.,.F.) B_SPLINE_CURVE_WITH_KNOTS((1,2
    ,2,2,2,1),(-2.094395102393,0.,2.094395102393,4.188790204786,
6.28318530718,8.377580409573),.UNSPECIFIED.) CURVE() 
GEOMETRIC_REPRESENTATION_ITEM() RATIONAL_B_SPLINE_CURVE((1.,0.5,1.,0.5,
1.,0.5,1.)) REPRESENTATION_ITEM('') );
#3790 = CARTESIAN_POINT('',(63.373702053557,-33.5));
#3791 = CARTESIAN_POINT('',(63.373702053557,-42.76647182049));
#3792 = CARTESIAN_POINT('',(55.348702053557,-38.13323591024));
#3793 = CARTESIAN_POINT('',(47.323702053557,-33.5));
#3794 = CARTESIAN_POINT('',(55.348702053557,-28.86676408975));
#3795 = CARTESIAN_POINT('',(63.373702053557,-24.2335281795));
#3796 = CARTESIAN_POINT('',(63.373702053557,-33.5));
#3797 = ( GEOMETRIC_REPRESENTATION_CONTEXT(2) 
PARAMETRIC_REPRESENTATION_CONTEXT() REPRESENTATION_CONTEXT('2D SPACE',''
  ) );
#3798 = ORIENTED_EDGE('',*,*,#3697,.T.);
#3799 = ORIENTED_EDGE('',*,*,#1489,.T.);
#3800 = ORIENTED_EDGE('',*,*,#3801,.F.);
#3801 = EDGE_CURVE('',#3772,#1461,#3802,.T.);
#3802 = SURFACE_CURVE('',#3803,(#3807,#3813),.PCURVE_S1.);
#3803 = LINE('',#3804,#3805);
#3804 = CARTESIAN_POINT('',(56.867595294672,-38.72359236178,3.));
#3805 = VECTOR('',#3806,1.);
#3806 = DIRECTION('',(-0.,-0.,-1.));
#3807 = PCURVE('',#1508,#3808);
#3808 = DEFINITIONAL_REPRESENTATION('',(#3809),#3812);
#3809 = B_SPLINE_CURVE_WITH_KNOTS('',1,(#3810,#3811),.UNSPECIFIED.,.F.,
  .F.,(2,2),(-2.2000006,5.999999999062E-07),.PIECEWISE_BEZIER_KNOTS.);
#3810 = CARTESIAN_POINT('',(-4.494576076538,-2.3000006));
#3811 = CARTESIAN_POINT('',(-4.494576076538,-9.99994E-02));
#3812 = ( GEOMETRIC_REPRESENTATION_CONTEXT(2) 
PARAMETRIC_REPRESENTATION_CONTEXT() REPRESENTATION_CONTEXT('2D SPACE',''
  ) );
#3813 = PCURVE('',#1477,#3814);
#3814 = DEFINITIONAL_REPRESENTATION('',(#3815),#3818);
#3815 = B_SPLINE_CURVE_WITH_KNOTS('',1,(#3816,#3817),.UNSPECIFIED.,.F.,
  .F.,(2,2),(-2.2000006,5.999999999062E-07),.PIECEWISE_BEZIER_KNOTS.);
#3816 = CARTESIAN_POINT('',(-5.685364084336,-2.2000006));
#3817 = CARTESIAN_POINT('',(-5.685364084336,5.999999999062E-07));
#3818 = ( GEOMETRIC_REPRESENTATION_CONTEXT(2) 
PARAMETRIC_REPRESENTATION_CONTEXT() REPRESENTATION_CONTEXT('2D SPACE',''
  ) );
#3819 = ADVANCED_FACE('',(#3820),#1477,.F.);
#3820 = FACE_BOUND('',#3821,.T.);
#3821 = EDGE_LOOP('',(#3822,#3848,#3849,#3850));
#3822 = ORIENTED_EDGE('',*,*,#3823,.F.);
#3823 = EDGE_CURVE('',#3772,#3721,#3824,.T.);
#3824 = SURFACE_CURVE('',#3825,(#3830,#3837),.PCURVE_S1.);
#3825 = CIRCLE('',#3826,68.8);
#3826 = AXIS2_PLACEMENT_3D('',#3827,#3828,#3829);
#3827 = CARTESIAN_POINT('',(3.330951933245E-13,1.609155523307E-15,5.2));
#3828 = DIRECTION('',(0.,0.,-1.));
#3829 = DIRECTION('',(0.502072418844,0.864825581395,0.));
#3830 = PCURVE('',#1477,#3831);
#3831 = DEFINITIONAL_REPRESENTATION('',(#3832),#3836);
#3832 = LINE('',#3833,#3834);
#3833 = CARTESIAN_POINT('',(-7.327988177526,-2.2));
#3834 = VECTOR('',#3835,1.);
#3835 = DIRECTION('',(1.,-0.));
#3836 = ( GEOMETRIC_REPRESENTATION_CONTEXT(2) 
PARAMETRIC_REPRESENTATION_CONTEXT() REPRESENTATION_CONTEXT('2D SPACE',''
  ) );
#3837 = PCURVE('',#3681,#3838);
#3838 = DEFINITIONAL_REPRESENTATION('',(#3839),#3847);
#3839 = ( BOUNDED_CURVE() B_SPLINE_CURVE(2,(#3840,#3841,#3842,#3843,
#3844,#3845,#3846),.UNSPECIFIED.,.T.,.F.) B_SPLINE_CURVE_WITH_KNOTS((1,2
    ,2,2,2,1),(-2.094395102393,0.,2.094395102393,4.188790204786,
6.28318530718,8.377580409573),.UNSPECIFIED.) CURVE() 
GEOMETRIC_REPRESENTATION_ITEM() RATIONAL_B_SPLINE_CURVE((1.,0.5,1.,0.5,
1.,0.5,1.)) REPRESENTATION_ITEM('') );
#3840 = CARTESIAN_POINT('',(34.54258241649,59.5));
#3841 = CARTESIAN_POINT('',(137.59960546683,-0.329507769996));
#3842 = CARTESIAN_POINT('',(34.257220316929,-59.66475388499));
#3843 = CARTESIAN_POINT('',(-69.08516483298,-119.));
#3844 = CARTESIAN_POINT('',(-68.79980273341,0.164753884998));
#3845 = CARTESIAN_POINT('',(-68.51444063385,119.32950776999));
#3846 = CARTESIAN_POINT('',(34.54258241649,59.5));
#3847 = ( GEOMETRIC_REPRESENTATION_CONTEXT(2) 
PARAMETRIC_REPRESENTATION_CONTEXT() REPRESENTATION_CONTEXT('2D SPACE',''
  ) );
#3848 = ORIENTED_EDGE('',*,*,#3801,.T.);
#3849 = ORIENTED_EDGE('',*,*,#1460,.F.);
#3850 = ORIENTED_EDGE('',*,*,#3748,.F.);
#3851 = ADVANCED_FACE('',(#3852),#1883,.T.);
#3852 = FACE_BOUND('',#3853,.F.);
#3853 = EDGE_LOOP('',(#3854,#3877,#3904,#3905));
#3854 = ORIENTED_EDGE('',*,*,#3855,.T.);
#3855 = EDGE_CURVE('',#1867,#3856,#3858,.T.);
#3856 = VERTEX_POINT('',#3857);
#3857 = CARTESIAN_POINT('',(49.6,-41.,9.));
#3858 = SEAM_CURVE('',#3859,(#3863,#3870),.PCURVE_S1.);
#3859 = LINE('',#3860,#3861);
#3860 = CARTESIAN_POINT('',(49.6,-41.,3.));
#3861 = VECTOR('',#3862,1.);
#3862 = DIRECTION('',(0.,0.,1.));
#3863 = PCURVE('',#1883,#3864);
#3864 = DEFINITIONAL_REPRESENTATION('',(#3865),#3869);
#3865 = LINE('',#3866,#3867);
#3866 = CARTESIAN_POINT('',(-0.,0.));
#3867 = VECTOR('',#3868,1.);
#3868 = DIRECTION('',(-0.,-1.));
#3869 = ( GEOMETRIC_REPRESENTATION_CONTEXT(2) 
PARAMETRIC_REPRESENTATION_CONTEXT() REPRESENTATION_CONTEXT('2D SPACE',''
  ) );
#3870 = PCURVE('',#1883,#3871);
#3871 = DEFINITIONAL_REPRESENTATION('',(#3872),#3876);
#3872 = LINE('',#3873,#3874);
#3873 = CARTESIAN_POINT('',(-6.28318530718,0.));
#3874 = VECTOR('',#3875,1.);
#3875 = DIRECTION('',(-0.,-1.));
#3876 = ( GEOMETRIC_REPRESENTATION_CONTEXT(2) 
PARAMETRIC_REPRESENTATION_CONTEXT() REPRESENTATION_CONTEXT('2D SPACE',''
  ) );
#3877 = ORIENTED_EDGE('',*,*,#3878,.T.);
#3878 = EDGE_CURVE('',#3856,#3856,#3879,.T.);
#3879 = SURFACE_CURVE('',#3880,(#3885,#3892),.PCURVE_S1.);
#3880 = CIRCLE('',#3881,3.6);
#3881 = AXIS2_PLACEMENT_3D('',#3882,#3883,#3884);
#3882 = CARTESIAN_POINT('',(46.,-41.,9.));
#3883 = DIRECTION('',(0.,0.,1.));
#3884 = DIRECTION('',(1.,0.,0.));
#3885 = PCURVE('',#1883,#3886);
#3886 = DEFINITIONAL_REPRESENTATION('',(#3887),#3891);
#3887 = LINE('',#3888,#3889);
#3888 = CARTESIAN_POINT('',(-0.,-6.));
#3889 = VECTOR('',#3890,1.);
#3890 = DIRECTION('',(-1.,0.));
#3891 = ( GEOMETRIC_REPRESENTATION_CONTEXT(2) 
PARAMETRIC_REPRESENTATION_CONTEXT() REPRESENTATION_CONTEXT('2D SPACE',''
  ) );
#3892 = PCURVE('',#3893,#3898);
#3893 = PLANE('',#3894);
#3894 = AXIS2_PLACEMENT_3D('',#3895,#3896,#3897);
#3895 = CARTESIAN_POINT('',(46.,-41.,9.));
#3896 = DIRECTION('',(0.,0.,1.));
#3897 = DIRECTION('',(1.,0.,-0.));
#3898 = DEFINITIONAL_REPRESENTATION('',(#3899),#3903);
#3899 = CIRCLE('',#3900,3.6);
#3900 = AXIS2_PLACEMENT_2D('',#3901,#3902);
#3901 = CARTESIAN_POINT('',(0.,0.));
#3902 = DIRECTION('',(1.,0.));
#3903 = ( GEOMETRIC_REPRESENTATION_CONTEXT(2) 
PARAMETRIC_REPRESENTATION_CONTEXT() REPRESENTATION_CONTEXT('2D SPACE',''
  ) );
#3904 = ORIENTED_EDGE('',*,*,#3855,.F.);
#3905 = ORIENTED_EDGE('',*,*,#1866,.F.);
#3906 = ADVANCED_FACE('',(#3907),#1918,.F.);
#3907 = FACE_BOUND('',#3908,.T.);
#3908 = EDGE_LOOP('',(#3909,#3937,#3958,#3959));
#3909 = ORIENTED_EDGE('',*,*,#3910,.T.);
#3910 = EDGE_CURVE('',#3911,#3911,#3913,.T.);
#3911 = VERTEX_POINT('',#3912);
#3912 = CARTESIAN_POINT('',(59.723702053557,-33.5,1.5));
#3913 = SURFACE_CURVE('',#3914,(#3919,#3926),.PCURVE_S1.);
#3914 = CIRCLE('',#3915,1.7);
#3915 = AXIS2_PLACEMENT_3D('',#3916,#3917,#3918);
#3916 = CARTESIAN_POINT('',(58.023702053557,-33.5,1.5));
#3917 = DIRECTION('',(0.,0.,-1.));
#3918 = DIRECTION('',(1.,0.,0.));
#3919 = PCURVE('',#1918,#3920);
#3920 = DEFINITIONAL_REPRESENTATION('',(#3921),#3925);
#3921 = LINE('',#3922,#3923);
#3922 = CARTESIAN_POINT('',(-6.28318530718,-2.5));
#3923 = VECTOR('',#3924,1.);
#3924 = DIRECTION('',(1.,-0.));
#3925 = ( GEOMETRIC_REPRESENTATION_CONTEXT(2) 
PARAMETRIC_REPRESENTATION_CONTEXT() REPRESENTATION_CONTEXT('2D SPACE',''
  ) );
#3926 = PCURVE('',#3407,#3927);
#3927 = DEFINITIONAL_REPRESENTATION('',(#3928),#3936);
#3928 = ( BOUNDED_CURVE() B_SPLINE_CURVE(2,(#3929,#3930,#3931,#3932,
#3933,#3934,#3935),.UNSPECIFIED.,.T.,.F.) B_SPLINE_CURVE_WITH_KNOTS((1,2
    ,2,2,2,1),(-2.094395102393,0.,2.094395102393,4.188790204786,
6.28318530718,8.377580409573),.UNSPECIFIED.) CURVE() 
GEOMETRIC_REPRESENTATION_ITEM() RATIONAL_B_SPLINE_CURVE((1.,0.5,1.,0.5,
1.,0.5,1.)) REPRESENTATION_ITEM('') );
#3929 = CARTESIAN_POINT('',(1.7,0.));
#3930 = CARTESIAN_POINT('',(1.7,-2.944486372867));
#3931 = CARTESIAN_POINT('',(-0.85,-1.472243186434));
#3932 = CARTESIAN_POINT('',(-3.4,-4.163799117101E-16));
#3933 = CARTESIAN_POINT('',(-0.85,1.472243186434));
#3934 = CARTESIAN_POINT('',(1.7,2.944486372867));
#3935 = CARTESIAN_POINT('',(1.7,0.));
#3936 = ( GEOMETRIC_REPRESENTATION_CONTEXT(2) 
PARAMETRIC_REPRESENTATION_CONTEXT() REPRESENTATION_CONTEXT('2D SPACE',''
  ) );
#3937 = ORIENTED_EDGE('',*,*,#3938,.T.);
#3938 = EDGE_CURVE('',#3911,#1898,#3939,.T.);
#3939 = SEAM_CURVE('',#3940,(#3944,#3951),.PCURVE_S1.);
#3940 = LINE('',#3941,#3942);
#3941 = CARTESIAN_POINT('',(59.723702053557,-33.5,-1.));
#3942 = VECTOR('',#3943,1.);
#3943 = DIRECTION('',(0.,0.,1.));
#3944 = PCURVE('',#1918,#3945);
#3945 = DEFINITIONAL_REPRESENTATION('',(#3946),#3950);
#3946 = LINE('',#3947,#3948);
#3947 = CARTESIAN_POINT('',(-6.28318530718,0.));
#3948 = VECTOR('',#3949,1.);
#3949 = DIRECTION('',(-0.,-1.));
#3950 = ( GEOMETRIC_REPRESENTATION_CONTEXT(2) 
PARAMETRIC_REPRESENTATION_CONTEXT() REPRESENTATION_CONTEXT('2D SPACE',''
  ) );
#3951 = PCURVE('',#1918,#3952);
#3952 = DEFINITIONAL_REPRESENTATION('',(#3953),#3957);
#3953 = LINE('',#3954,#3955);
#3954 = CARTESIAN_POINT('',(-0.,0.));
#3955 = VECTOR('',#3956,1.);
#3956 = DIRECTION('',(-0.,-1.));
#3957 = ( GEOMETRIC_REPRESENTATION_CONTEXT(2) 
PARAMETRIC_REPRESENTATION_CONTEXT() REPRESENTATION_CONTEXT('2D SPACE',''
  ) );
#3958 = ORIENTED_EDGE('',*,*,#1897,.F.);
#3959 = ORIENTED_EDGE('',*,*,#3938,.F.);
#3960 = ADVANCED_FACE('',(#3961),#1951,.T.);
#3961 = FACE_BOUND('',#3962,.F.);
#3962 = EDGE_LOOP('',(#3963,#3964,#3985,#4018));
#3963 = ORIENTED_EDGE('',*,*,#1932,.F.);
#3964 = ORIENTED_EDGE('',*,*,#3965,.F.);
#3965 = EDGE_CURVE('',#3966,#1933,#3968,.T.);
#3966 = VERTEX_POINT('',#3967);
#3967 = CARTESIAN_POINT('',(-63.09332806458,31.790791964578,5.2));
#3968 = SURFACE_CURVE('',#3969,(#3973,#3979),.PCURVE_S1.);
#3969 = LINE('',#3970,#3971);
#3970 = CARTESIAN_POINT('',(-63.09332806458,31.790791964578,3.));
#3971 = VECTOR('',#3972,1.);
#3972 = DIRECTION('',(-0.,-0.,-1.));
#3973 = PCURVE('',#1951,#3974);
#3974 = DEFINITIONAL_REPRESENTATION('',(#3975),#3978);
#3975 = B_SPLINE_CURVE_WITH_KNOTS('',1,(#3976,#3977),.UNSPECIFIED.,.F.,
  .F.,(2,2),(-2.2000006,5.999999999062E-07),.PIECEWISE_BEZIER_KNOTS.);
#3976 = CARTESIAN_POINT('',(-2.674854386297,-2.2000006));
#3977 = CARTESIAN_POINT('',(-2.674854386297,5.999999999062E-07));
#3978 = ( GEOMETRIC_REPRESENTATION_CONTEXT(2) 
PARAMETRIC_REPRESENTATION_CONTEXT() REPRESENTATION_CONTEXT('2D SPACE',''
  ) );
#3979 = PCURVE('',#1984,#3980);
#3980 = DEFINITIONAL_REPRESENTATION('',(#3981),#3984);
#3981 = B_SPLINE_CURVE_WITH_KNOTS('',1,(#3982,#3983),.UNSPECIFIED.,.F.,
  .F.,(2,2),(-2.2000006,5.999999999062E-07),.PIECEWISE_BEZIER_KNOTS.);
#3982 = CARTESIAN_POINT('',(-3.466771365746,-2.3000006));
#3983 = CARTESIAN_POINT('',(-3.466771365746,-9.99994E-02));
#3984 = ( GEOMETRIC_REPRESENTATION_CONTEXT(2) 
PARAMETRIC_REPRESENTATION_CONTEXT() REPRESENTATION_CONTEXT('2D SPACE',''
  ) );
#3985 = ORIENTED_EDGE('',*,*,#3986,.F.);
#3986 = EDGE_CURVE('',#3987,#3966,#3989,.T.);
#3987 = VERTEX_POINT('',#3988);
#3988 = CARTESIAN_POINT('',(-63.09332806458,-31.79079196457,5.2));
#3989 = SURFACE_CURVE('',#3990,(#3995,#4002),.PCURVE_S1.);
#3990 = CIRCLE('',#3991,70.65);
#3991 = AXIS2_PLACEMENT_3D('',#3992,#3993,#3994);
#3992 = CARTESIAN_POINT('',(0.,0.,5.2));
#3993 = DIRECTION('',(0.,0.,-1.));
#3994 = DIRECTION('',(0.53919685913,0.842179759377,0.));
#3995 = PCURVE('',#1951,#3996);
#3996 = DEFINITIONAL_REPRESENTATION('',(#3997),#4001);
#3997 = LINE('',#3998,#3999);
#3998 = CARTESIAN_POINT('',(-7.284498461447,-2.2));
#3999 = VECTOR('',#4000,1.);
#4000 = DIRECTION('',(1.,-0.));
#4001 = ( GEOMETRIC_REPRESENTATION_CONTEXT(2) 
PARAMETRIC_REPRESENTATION_CONTEXT() REPRESENTATION_CONTEXT('2D SPACE',''
  ) );
#4002 = PCURVE('',#4003,#4008);
#4003 = PLANE('',#4004);
#4004 = AXIS2_PLACEMENT_3D('',#4005,#4006,#4007);
#4005 = CARTESIAN_POINT('',(-2.477456998798E-15,7.025784783198E-15,5.2)
  );
#4006 = DIRECTION('',(0.,0.,1.));
#4007 = DIRECTION('',(1.,0.,-0.));
#4008 = DEFINITIONAL_REPRESENTATION('',(#4009),#4017);
#4009 = ( BOUNDED_CURVE() B_SPLINE_CURVE(2,(#4010,#4011,#4012,#4013,
#4014,#4015,#4016),.UNSPECIFIED.,.T.,.F.) B_SPLINE_CURVE_WITH_KNOTS((1,2
    ,2,2,2,1),(-2.094395102393,0.,2.094395102393,4.188790204786,
6.28318530718,8.377580409573),.UNSPECIFIED.) CURVE() 
GEOMETRIC_REPRESENTATION_ITEM() RATIONAL_B_SPLINE_CURVE((1.,0.5,1.,0.5,
1.,0.5,1.)) REPRESENTATION_ITEM('') );
#4010 = CARTESIAN_POINT('',(38.094258097514,59.5));
#4011 = CARTESIAN_POINT('',(141.15128114786,-6.481190501536));
#4012 = CARTESIAN_POINT('',(32.481382476417,-62.74059525076));
#4013 = CARTESIAN_POINT('',(-76.18851619502,-119.));
#4014 = CARTESIAN_POINT('',(-70.57564057393,3.240595250768));
#4015 = CARTESIAN_POINT('',(-64.96276495283,125.48119050153));
#4016 = CARTESIAN_POINT('',(38.094258097514,59.5));
#4017 = ( GEOMETRIC_REPRESENTATION_CONTEXT(2) 
PARAMETRIC_REPRESENTATION_CONTEXT() REPRESENTATION_CONTEXT('2D SPACE',''
  ) );
#4018 = ORIENTED_EDGE('',*,*,#4019,.T.);
#4019 = EDGE_CURVE('',#3987,#1935,#4020,.T.);
#4020 = SURFACE_CURVE('',#4021,(#4025,#4031),.PCURVE_S1.);
#4021 = LINE('',#4022,#4023);
#4022 = CARTESIAN_POINT('',(-63.09332806458,-31.79079196457,3.));
#4023 = VECTOR('',#4024,1.);
#4024 = DIRECTION('',(-0.,-0.,-1.));
#4025 = PCURVE('',#1951,#4026);
#4026 = DEFINITIONAL_REPRESENTATION('',(#4027),#4030);
#4027 = B_SPLINE_CURVE_WITH_KNOTS('',1,(#4028,#4029),.UNSPECIFIED.,.F.,
  .F.,(2,2),(-2.2000006,5.999999999062E-07),.PIECEWISE_BEZIER_KNOTS.);
#4028 = CARTESIAN_POINT('',(-3.608330920883,-2.2000006));
#4029 = CARTESIAN_POINT('',(-3.608330920883,5.999999999062E-07));
#4030 = ( GEOMETRIC_REPRESENTATION_CONTEXT(2) 
PARAMETRIC_REPRESENTATION_CONTEXT() REPRESENTATION_CONTEXT('2D SPACE',''
  ) );
#4031 = PCURVE('',#2044,#4032);
#4032 = DEFINITIONAL_REPRESENTATION('',(#4033),#4036);
#4033 = B_SPLINE_CURVE_WITH_KNOTS('',1,(#4034,#4035),.UNSPECIFIED.,.F.,
  .F.,(2,2),(-2.2000006,5.999999999062E-07),.PIECEWISE_BEZIER_KNOTS.);
#4034 = CARTESIAN_POINT('',(-2.816413941433,-2.3000006));
#4035 = CARTESIAN_POINT('',(-2.816413941433,-9.99994E-02));
#4036 = ( GEOMETRIC_REPRESENTATION_CONTEXT(2) 
PARAMETRIC_REPRESENTATION_CONTEXT() REPRESENTATION_CONTEXT('2D SPACE',''
  ) );
#4037 = ADVANCED_FACE('',(#4038),#1984,.F.);
#4038 = FACE_BOUND('',#4039,.T.);
#4039 = EDGE_LOOP('',(#4040,#4041,#4069,#4088));
#4040 = ORIENTED_EDGE('',*,*,#3965,.F.);
#4041 = ORIENTED_EDGE('',*,*,#4042,.F.);
#4042 = EDGE_CURVE('',#4043,#3966,#4045,.T.);
#4043 = VERTEX_POINT('',#4044);
#4044 = CARTESIAN_POINT('',(-61.96941235843,29.886985996427,5.2));
#4045 = SURFACE_CURVE('',#4046,(#4051,#4058),.PCURVE_S1.);
#4046 = CIRCLE('',#4047,5.35);
#4047 = AXIS2_PLACEMENT_3D('',#4048,#4049,#4050);
#4048 = CARTESIAN_POINT('',(-58.02370205355,33.5,5.2));
#4049 = DIRECTION('',(0.,0.,-1.));
#4050 = DIRECTION('',(1.,0.,0.));
#4051 = PCURVE('',#1984,#4052);
#4052 = DEFINITIONAL_REPRESENTATION('',(#4053),#4057);
#4053 = LINE('',#4054,#4055);
#4054 = CARTESIAN_POINT('',(-6.28318530718,-2.3));
#4055 = VECTOR('',#4056,1.);
#4056 = DIRECTION('',(1.,-0.));
#4057 = ( GEOMETRIC_REPRESENTATION_CONTEXT(2) 
PARAMETRIC_REPRESENTATION_CONTEXT() REPRESENTATION_CONTEXT('2D SPACE',''
  ) );
#4058 = PCURVE('',#4003,#4059);
#4059 = DEFINITIONAL_REPRESENTATION('',(#4060),#4068);
#4060 = ( BOUNDED_CURVE() B_SPLINE_CURVE(2,(#4061,#4062,#4063,#4064,
#4065,#4066,#4067),.UNSPECIFIED.,.T.,.F.) B_SPLINE_CURVE_WITH_KNOTS((1,2
    ,2,2,2,1),(-2.094395102393,0.,2.094395102393,4.188790204786,
6.28318530718,8.377580409573),.UNSPECIFIED.) CURVE() 
GEOMETRIC_REPRESENTATION_ITEM() RATIONAL_B_SPLINE_CURVE((1.,0.5,1.,0.5,
1.,0.5,1.)) REPRESENTATION_ITEM('') );
#4061 = CARTESIAN_POINT('',(-52.67370205355,33.5));
#4062 = CARTESIAN_POINT('',(-52.67370205355,24.233528179506));
#4063 = CARTESIAN_POINT('',(-60.69870205355,28.866764089753));
#4064 = CARTESIAN_POINT('',(-68.72370205355,33.5));
#4065 = CARTESIAN_POINT('',(-60.69870205355,38.133235910247));
#4066 = CARTESIAN_POINT('',(-52.67370205355,42.766471820493));
#4067 = CARTESIAN_POINT('',(-52.67370205355,33.5));
#4068 = ( GEOMETRIC_REPRESENTATION_CONTEXT(2) 
PARAMETRIC_REPRESENTATION_CONTEXT() REPRESENTATION_CONTEXT('2D SPACE',''
  ) );
#4069 = ORIENTED_EDGE('',*,*,#4070,.T.);
#4070 = EDGE_CURVE('',#4043,#1964,#4071,.T.);
#4071 = SURFACE_CURVE('',#4072,(#4076,#4082),.PCURVE_S1.);
#4072 = LINE('',#4073,#4074);
#4073 = CARTESIAN_POINT('',(-61.96941235843,29.886985996427,3.));
#4074 = VECTOR('',#4075,1.);
#4075 = DIRECTION('',(-0.,-0.,-1.));
#4076 = PCURVE('',#1984,#4077);
#4077 = DEFINITIONAL_REPRESENTATION('',(#4078),#4081);
#4078 = B_SPLINE_CURVE_WITH_KNOTS('',1,(#4079,#4080),.UNSPECIFIED.,.F.,
  .F.,(2,2),(-2.2000006,5.999999999062E-07),.PIECEWISE_BEZIER_KNOTS.);
#4079 = CARTESIAN_POINT('',(-3.883004333035,-2.3000006));
#4080 = CARTESIAN_POINT('',(-3.883004333035,-9.99994E-02));
#4081 = ( GEOMETRIC_REPRESENTATION_CONTEXT(2) 
PARAMETRIC_REPRESENTATION_CONTEXT() REPRESENTATION_CONTEXT('2D SPACE',''
  ) );
#4082 = PCURVE('',#2013,#4083);
#4083 = DEFINITIONAL_REPRESENTATION('',(#4084),#4087);
#4084 = B_SPLINE_CURVE_WITH_KNOTS('',1,(#4085,#4086),.UNSPECIFIED.,.F.,
  .F.,(2,2),(-2.2000006,5.999999999062E-07),.PIECEWISE_BEZIER_KNOTS.);
#4085 = CARTESIAN_POINT('',(-2.692216325236,-2.2000006));
#4086 = CARTESIAN_POINT('',(-2.692216325236,5.999999999062E-07));
#4087 = ( GEOMETRIC_REPRESENTATION_CONTEXT(2) 
PARAMETRIC_REPRESENTATION_CONTEXT() REPRESENTATION_CONTEXT('2D SPACE',''
  ) );
#4088 = ORIENTED_EDGE('',*,*,#1963,.T.);
#4089 = ADVANCED_FACE('',(#4090),#2044,.F.);
#4090 = FACE_BOUND('',#4091,.T.);
#4091 = EDGE_LOOP('',(#4092,#4120,#4121,#4122));
#4092 = ORIENTED_EDGE('',*,*,#4093,.F.);
#4093 = EDGE_CURVE('',#3987,#4094,#4096,.T.);
#4094 = VERTEX_POINT('',#4095);
#4095 = CARTESIAN_POINT('',(-61.96941235843,-29.88698599642,5.2));
#4096 = SURFACE_CURVE('',#4097,(#4102,#4109),.PCURVE_S1.);
#4097 = CIRCLE('',#4098,5.35);
#4098 = AXIS2_PLACEMENT_3D('',#4099,#4100,#4101);
#4099 = CARTESIAN_POINT('',(-58.02370205355,-33.5,5.2));
#4100 = DIRECTION('',(0.,0.,-1.));
#4101 = DIRECTION('',(1.,0.,0.));
#4102 = PCURVE('',#2044,#4103);
#4103 = DEFINITIONAL_REPRESENTATION('',(#4104),#4108);
#4104 = LINE('',#4105,#4106);
#4105 = CARTESIAN_POINT('',(-6.28318530718,-2.3));
#4106 = VECTOR('',#4107,1.);
#4107 = DIRECTION('',(1.,-0.));
#4108 = ( GEOMETRIC_REPRESENTATION_CONTEXT(2) 
PARAMETRIC_REPRESENTATION_CONTEXT() REPRESENTATION_CONTEXT('2D SPACE',''
  ) );
#4109 = PCURVE('',#4003,#4110);
#4110 = DEFINITIONAL_REPRESENTATION('',(#4111),#4119);
#4111 = ( BOUNDED_CURVE() B_SPLINE_CURVE(2,(#4112,#4113,#4114,#4115,
#4116,#4117,#4118),.UNSPECIFIED.,.T.,.F.) B_SPLINE_CURVE_WITH_KNOTS((1,2
    ,2,2,2,1),(-2.094395102393,0.,2.094395102393,4.188790204786,
6.28318530718,8.377580409573),.UNSPECIFIED.) CURVE() 
GEOMETRIC_REPRESENTATION_ITEM() RATIONAL_B_SPLINE_CURVE((1.,0.5,1.,0.5,
1.,0.5,1.)) REPRESENTATION_ITEM('') );
#4112 = CARTESIAN_POINT('',(-52.67370205355,-33.5));
#4113 = CARTESIAN_POINT('',(-52.67370205355,-42.76647182049));
#4114 = CARTESIAN_POINT('',(-60.69870205355,-38.13323591024));
#4115 = CARTESIAN_POINT('',(-68.72370205355,-33.5));
#4116 = CARTESIAN_POINT('',(-60.69870205355,-28.86676408975));
#4117 = CARTESIAN_POINT('',(-52.67370205355,-24.2335281795));
#4118 = CARTESIAN_POINT('',(-52.67370205355,-33.5));
#4119 = ( GEOMETRIC_REPRESENTATION_CONTEXT(2) 
PARAMETRIC_REPRESENTATION_CONTEXT() REPRESENTATION_CONTEXT('2D SPACE',''
  ) );
#4120 = ORIENTED_EDGE('',*,*,#4019,.T.);
#4121 = ORIENTED_EDGE('',*,*,#2025,.T.);
#4122 = ORIENTED_EDGE('',*,*,#4123,.F.);
#4123 = EDGE_CURVE('',#4094,#1997,#4124,.T.);
#4124 = SURFACE_CURVE('',#4125,(#4129,#4135),.PCURVE_S1.);
#4125 = LINE('',#4126,#4127);
#4126 = CARTESIAN_POINT('',(-61.96941235843,-29.88698599642,3.));
#4127 = VECTOR('',#4128,1.);
#4128 = DIRECTION('',(-0.,-0.,-1.));
#4129 = PCURVE('',#2044,#4130);
#4130 = DEFINITIONAL_REPRESENTATION('',(#4131),#4134);
#4131 = B_SPLINE_CURVE_WITH_KNOTS('',1,(#4132,#4133),.UNSPECIFIED.,.F.,
  .F.,(2,2),(-2.2000006,5.999999999062E-07),.PIECEWISE_BEZIER_KNOTS.);
#4132 = CARTESIAN_POINT('',(-2.400180974144,-2.3000006));
#4133 = CARTESIAN_POINT('',(-2.400180974144,-9.99994E-02));
#4134 = ( GEOMETRIC_REPRESENTATION_CONTEXT(2) 
PARAMETRIC_REPRESENTATION_CONTEXT() REPRESENTATION_CONTEXT('2D SPACE',''
  ) );
#4135 = PCURVE('',#2013,#4136);
#4136 = DEFINITIONAL_REPRESENTATION('',(#4137),#4140);
#4137 = B_SPLINE_CURVE_WITH_KNOTS('',1,(#4138,#4139),.UNSPECIFIED.,.F.,
  .F.,(2,2),(-2.2000006,5.999999999062E-07),.PIECEWISE_BEZIER_KNOTS.);
#4138 = CARTESIAN_POINT('',(-3.590968981943,-2.2000006));
#4139 = CARTESIAN_POINT('',(-3.590968981943,5.999999999062E-07));
#4140 = ( GEOMETRIC_REPRESENTATION_CONTEXT(2) 
PARAMETRIC_REPRESENTATION_CONTEXT() REPRESENTATION_CONTEXT('2D SPACE',''
  ) );
#4141 = ADVANCED_FACE('',(#4142),#2013,.F.);
#4142 = FACE_BOUND('',#4143,.T.);
#4143 = EDGE_LOOP('',(#4144,#4170,#4171,#4172));
#4144 = ORIENTED_EDGE('',*,*,#4145,.F.);
#4145 = EDGE_CURVE('',#4094,#4043,#4146,.T.);
#4146 = SURFACE_CURVE('',#4147,(#4152,#4159),.PCURVE_S1.);
#4147 = CIRCLE('',#4148,68.8);
#4148 = AXIS2_PLACEMENT_3D('',#4149,#4150,#4151);
#4149 = CARTESIAN_POINT('',(3.330951933245E-13,1.609155523307E-15,5.2));
#4150 = DIRECTION('',(0.,0.,-1.));
#4151 = DIRECTION('',(0.502072418844,0.864825581395,0.));
#4152 = PCURVE('',#2013,#4153);
#4153 = DEFINITIONAL_REPRESENTATION('',(#4154),#4158);
#4154 = LINE('',#4155,#4156);
#4155 = CARTESIAN_POINT('',(-7.327988177526,-2.2));
#4156 = VECTOR('',#4157,1.);
#4157 = DIRECTION('',(1.,-0.));
#4158 = ( GEOMETRIC_REPRESENTATION_CONTEXT(2) 
PARAMETRIC_REPRESENTATION_CONTEXT() REPRESENTATION_CONTEXT('2D SPACE',''
  ) );
#4159 = PCURVE('',#4003,#4160);
#4160 = DEFINITIONAL_REPRESENTATION('',(#4161),#4169);
#4161 = ( BOUNDED_CURVE() B_SPLINE_CURVE(2,(#4162,#4163,#4164,#4165,
#4166,#4167,#4168),.UNSPECIFIED.,.T.,.F.) B_SPLINE_CURVE_WITH_KNOTS((1,2
    ,2,2,2,1),(-2.094395102393,0.,2.094395102393,4.188790204786,
6.28318530718,8.377580409573),.UNSPECIFIED.) CURVE() 
GEOMETRIC_REPRESENTATION_ITEM() RATIONAL_B_SPLINE_CURVE((1.,0.5,1.,0.5,
1.,0.5,1.)) REPRESENTATION_ITEM('') );
#4162 = CARTESIAN_POINT('',(34.54258241649,59.5));
#4163 = CARTESIAN_POINT('',(137.59960546683,-0.329507769996));
#4164 = CARTESIAN_POINT('',(34.257220316929,-59.66475388499));
#4165 = CARTESIAN_POINT('',(-69.08516483298,-119.));
#4166 = CARTESIAN_POINT('',(-68.79980273341,0.164753884998));
#4167 = CARTESIAN_POINT('',(-68.51444063385,119.32950776999));
#4168 = CARTESIAN_POINT('',(34.54258241649,59.5));
#4169 = ( GEOMETRIC_REPRESENTATION_CONTEXT(2) 
PARAMETRIC_REPRESENTATION_CONTEXT() REPRESENTATION_CONTEXT('2D SPACE',''
  ) );
#4170 = ORIENTED_EDGE('',*,*,#4123,.T.);
#4171 = ORIENTED_EDGE('',*,*,#1996,.F.);
#4172 = ORIENTED_EDGE('',*,*,#4070,.F.);
#4173 = ADVANCED_FACE('',(#4174),#2079,.F.);
#4174 = FACE_BOUND('',#4175,.T.);
#4175 = EDGE_LOOP('',(#4176,#4204,#4225,#4226));
#4176 = ORIENTED_EDGE('',*,*,#4177,.T.);
#4177 = EDGE_CURVE('',#4178,#4178,#4180,.T.);
#4178 = VERTEX_POINT('',#4179);
#4179 = CARTESIAN_POINT('',(-56.32370205355,33.5,1.5));
#4180 = SURFACE_CURVE('',#4181,(#4186,#4193),.PCURVE_S1.);
#4181 = CIRCLE('',#4182,1.7);
#4182 = AXIS2_PLACEMENT_3D('',#4183,#4184,#4185);
#4183 = CARTESIAN_POINT('',(-58.02370205355,33.5,1.5));
#4184 = DIRECTION('',(0.,0.,-1.));
#4185 = DIRECTION('',(1.,0.,0.));
#4186 = PCURVE('',#2079,#4187);
#4187 = DEFINITIONAL_REPRESENTATION('',(#4188),#4192);
#4188 = LINE('',#4189,#4190);
#4189 = CARTESIAN_POINT('',(-6.28318530718,-2.5));
#4190 = VECTOR('',#4191,1.);
#4191 = DIRECTION('',(1.,-0.));
#4192 = ( GEOMETRIC_REPRESENTATION_CONTEXT(2) 
PARAMETRIC_REPRESENTATION_CONTEXT() REPRESENTATION_CONTEXT('2D SPACE',''
  ) );
#4193 = PCURVE('',#3462,#4194);
#4194 = DEFINITIONAL_REPRESENTATION('',(#4195),#4203);
#4195 = ( BOUNDED_CURVE() B_SPLINE_CURVE(2,(#4196,#4197,#4198,#4199,
#4200,#4201,#4202),.UNSPECIFIED.,.T.,.F.) B_SPLINE_CURVE_WITH_KNOTS((1,2
    ,2,2,2,1),(-2.094395102393,0.,2.094395102393,4.188790204786,
6.28318530718,8.377580409573),.UNSPECIFIED.) CURVE() 
GEOMETRIC_REPRESENTATION_ITEM() RATIONAL_B_SPLINE_CURVE((1.,0.5,1.,0.5,
1.,0.5,1.)) REPRESENTATION_ITEM('') );
#4196 = CARTESIAN_POINT('',(1.7,0.));
#4197 = CARTESIAN_POINT('',(1.7,-2.944486372867));
#4198 = CARTESIAN_POINT('',(-0.85,-1.472243186434));
#4199 = CARTESIAN_POINT('',(-3.4,-4.163799117101E-16));
#4200 = CARTESIAN_POINT('',(-0.85,1.472243186434));
#4201 = CARTESIAN_POINT('',(1.7,2.944486372867));
#4202 = CARTESIAN_POINT('',(1.7,0.));
#4203 = ( GEOMETRIC_REPRESENTATION_CONTEXT(2) 
PARAMETRIC_REPRESENTATION_CONTEXT() REPRESENTATION_CONTEXT('2D SPACE',''
  ) );
#4204 = ORIENTED_EDGE('',*,*,#4205,.T.);
#4205 = EDGE_CURVE('',#4178,#2059,#4206,.T.);
#4206 = SEAM_CURVE('',#4207,(#4211,#4218),.PCURVE_S1.);
#4207 = LINE('',#4208,#4209);
#4208 = CARTESIAN_POINT('',(-56.32370205355,33.5,-1.));
#4209 = VECTOR('',#4210,1.);
#4210 = DIRECTION('',(0.,0.,1.));
#4211 = PCURVE('',#2079,#4212);
#4212 = DEFINITIONAL_REPRESENTATION('',(#4213),#4217);
#4213 = LINE('',#4214,#4215);
#4214 = CARTESIAN_POINT('',(-6.28318530718,0.));
#4215 = VECTOR('',#4216,1.);
#4216 = DIRECTION('',(-0.,-1.));
#4217 = ( GEOMETRIC_REPRESENTATION_CONTEXT(2) 
PARAMETRIC_REPRESENTATION_CONTEXT() REPRESENTATION_CONTEXT('2D SPACE',''
  ) );
#4218 = PCURVE('',#2079,#4219);
#4219 = DEFINITIONAL_REPRESENTATION('',(#4220),#4224);
#4220 = LINE('',#4221,#4222);
#4221 = CARTESIAN_POINT('',(-0.,0.));
#4222 = VECTOR('',#4223,1.);
#4223 = DIRECTION('',(-0.,-1.));
#4224 = ( GEOMETRIC_REPRESENTATION_CONTEXT(2) 
PARAMETRIC_REPRESENTATION_CONTEXT() REPRESENTATION_CONTEXT('2D SPACE',''
  ) );
#4225 = ORIENTED_EDGE('',*,*,#2058,.F.);
#4226 = ORIENTED_EDGE('',*,*,#4205,.F.);
#4227 = ADVANCED_FACE('',(#4228),#2110,.T.);
#4228 = FACE_BOUND('',#4229,.F.);
#4229 = EDGE_LOOP('',(#4230,#4253,#4280,#4281));
#4230 = ORIENTED_EDGE('',*,*,#4231,.T.);
#4231 = EDGE_CURVE('',#2094,#4232,#4234,.T.);
#4232 = VERTEX_POINT('',#4233);
#4233 = CARTESIAN_POINT('',(-42.4,41.,9.));
#4234 = SEAM_CURVE('',#4235,(#4239,#4246),.PCURVE_S1.);
#4235 = LINE('',#4236,#4237);
#4236 = CARTESIAN_POINT('',(-42.4,41.,3.));
#4237 = VECTOR('',#4238,1.);
#4238 = DIRECTION('',(0.,0.,1.));
#4239 = PCURVE('',#2110,#4240);
#4240 = DEFINITIONAL_REPRESENTATION('',(#4241),#4245);
#4241 = LINE('',#4242,#4243);
#4242 = CARTESIAN_POINT('',(-0.,0.));
#4243 = VECTOR('',#4244,1.);
#4244 = DIRECTION('',(-0.,-1.));
#4245 = ( GEOMETRIC_REPRESENTATION_CONTEXT(2) 
PARAMETRIC_REPRESENTATION_CONTEXT() REPRESENTATION_CONTEXT('2D SPACE',''
  ) );
#4246 = PCURVE('',#2110,#4247);
#4247 = DEFINITIONAL_REPRESENTATION('',(#4248),#4252);
#4248 = LINE('',#4249,#4250);
#4249 = CARTESIAN_POINT('',(-6.28318530718,0.));
#4250 = VECTOR('',#4251,1.);
#4251 = DIRECTION('',(-0.,-1.));
#4252 = ( GEOMETRIC_REPRESENTATION_CONTEXT(2) 
PARAMETRIC_REPRESENTATION_CONTEXT() REPRESENTATION_CONTEXT('2D SPACE',''
  ) );
#4253 = ORIENTED_EDGE('',*,*,#4254,.T.);
#4254 = EDGE_CURVE('',#4232,#4232,#4255,.T.);
#4255 = SURFACE_CURVE('',#4256,(#4261,#4268),.PCURVE_S1.);
#4256 = CIRCLE('',#4257,3.6);
#4257 = AXIS2_PLACEMENT_3D('',#4258,#4259,#4260);
#4258 = CARTESIAN_POINT('',(-46.,41.,9.));
#4259 = DIRECTION('',(0.,0.,1.));
#4260 = DIRECTION('',(1.,0.,0.));
#4261 = PCURVE('',#2110,#4262);
#4262 = DEFINITIONAL_REPRESENTATION('',(#4263),#4267);
#4263 = LINE('',#4264,#4265);
#4264 = CARTESIAN_POINT('',(-0.,-6.));
#4265 = VECTOR('',#4266,1.);
#4266 = DIRECTION('',(-1.,0.));
#4267 = ( GEOMETRIC_REPRESENTATION_CONTEXT(2) 
PARAMETRIC_REPRESENTATION_CONTEXT() REPRESENTATION_CONTEXT('2D SPACE',''
  ) );
#4268 = PCURVE('',#4269,#4274);
#4269 = PLANE('',#4270);
#4270 = AXIS2_PLACEMENT_3D('',#4271,#4272,#4273);
#4271 = CARTESIAN_POINT('',(-46.,41.,9.));
#4272 = DIRECTION('',(0.,0.,1.));
#4273 = DIRECTION('',(1.,0.,-0.));
#4274 = DEFINITIONAL_REPRESENTATION('',(#4275),#4279);
#4275 = CIRCLE('',#4276,3.6);
#4276 = AXIS2_PLACEMENT_2D('',#4277,#4278);
#4277 = CARTESIAN_POINT('',(0.,0.));
#4278 = DIRECTION('',(1.,0.));
#4279 = ( GEOMETRIC_REPRESENTATION_CONTEXT(2) 
PARAMETRIC_REPRESENTATION_CONTEXT() REPRESENTATION_CONTEXT('2D SPACE',''
  ) );
#4280 = ORIENTED_EDGE('',*,*,#4231,.F.);
#4281 = ORIENTED_EDGE('',*,*,#2093,.F.);
#4282 = ADVANCED_FACE('',(#4283),#2143,.T.);
#4283 = FACE_BOUND('',#4284,.F.);
#4284 = EDGE_LOOP('',(#4285,#4286,#4307,#4340));
#4285 = ORIENTED_EDGE('',*,*,#2124,.F.);
#4286 = ORIENTED_EDGE('',*,*,#4287,.F.);
#4287 = EDGE_CURVE('',#4288,#2125,#4290,.T.);
#4288 = VERTEX_POINT('',#4289);
#4289 = CARTESIAN_POINT('',(-38.09425809751,59.5,5.2));
#4290 = SURFACE_CURVE('',#4291,(#4295,#4301),.PCURVE_S1.);
#4291 = LINE('',#4292,#4293);
#4292 = CARTESIAN_POINT('',(-38.09425809751,59.5,3.));
#4293 = VECTOR('',#4294,1.);
#4294 = DIRECTION('',(-0.,-0.,-1.));
#4295 = PCURVE('',#2143,#4296);
#4296 = DEFINITIONAL_REPRESENTATION('',(#4297),#4300);
#4297 = B_SPLINE_CURVE_WITH_KNOTS('',1,(#4298,#4299),.UNSPECIFIED.,.F.,
  .F.,(2,2),(-2.2,-0.),.PIECEWISE_BEZIER_KNOTS.);
#4298 = CARTESIAN_POINT('',(-2.140279499323,-2.2));
#4299 = CARTESIAN_POINT('',(-2.140279499323,0.));
#4300 = ( GEOMETRIC_REPRESENTATION_CONTEXT(2) 
PARAMETRIC_REPRESENTATION_CONTEXT() REPRESENTATION_CONTEXT('2D SPACE',''
  ) );
#4301 = PCURVE('',#2171,#4302);
#4302 = DEFINITIONAL_REPRESENTATION('',(#4303),#4306);
#4303 = B_SPLINE_CURVE_WITH_KNOTS('',1,(#4304,#4305),.UNSPECIFIED.,.F.,
  .F.,(2,2),(-2.2000006,5.999999999062E-07),.PIECEWISE_BEZIER_KNOTS.);
#4304 = CARTESIAN_POINT('',(6.2000006,44.405741902486));
#4305 = CARTESIAN_POINT('',(3.9999994,44.405741902486));
#4306 = ( GEOMETRIC_REPRESENTATION_CONTEXT(2) 
PARAMETRIC_REPRESENTATION_CONTEXT() REPRESENTATION_CONTEXT('2D SPACE',''
  ) );
#4307 = ORIENTED_EDGE('',*,*,#4308,.F.);
#4308 = EDGE_CURVE('',#4309,#4288,#4311,.T.);
#4309 = VERTEX_POINT('',#4310);
#4310 = CARTESIAN_POINT('',(-59.07829748004,38.745028930944,5.2));
#4311 = SURFACE_CURVE('',#4312,(#4317,#4324),.PCURVE_S1.);
#4312 = CIRCLE('',#4313,70.65);
#4313 = AXIS2_PLACEMENT_3D('',#4314,#4315,#4316);
#4314 = CARTESIAN_POINT('',(0.,0.,5.2));
#4315 = DIRECTION('',(0.,0.,-1.));
#4316 = DIRECTION('',(0.53919685913,0.842179759377,0.));
#4317 = PCURVE('',#2143,#4318);
#4318 = DEFINITIONAL_REPRESENTATION('',(#4319),#4323);
#4319 = LINE('',#4320,#4321);
#4320 = CARTESIAN_POINT('',(-7.284498461447,-2.2));
#4321 = VECTOR('',#4322,1.);
#4322 = DIRECTION('',(1.,-0.));
#4323 = ( GEOMETRIC_REPRESENTATION_CONTEXT(2) 
PARAMETRIC_REPRESENTATION_CONTEXT() REPRESENTATION_CONTEXT('2D SPACE',''
  ) );
#4324 = PCURVE('',#4325,#4330);
#4325 = PLANE('',#4326);
#4326 = AXIS2_PLACEMENT_3D('',#4327,#4328,#4329);
#4327 = CARTESIAN_POINT('',(-2.477456998798E-15,7.025784783198E-15,5.2)
  );
#4328 = DIRECTION('',(0.,0.,1.));
#4329 = DIRECTION('',(1.,0.,-0.));
#4330 = DEFINITIONAL_REPRESENTATION('',(#4331),#4339);
#4331 = ( BOUNDED_CURVE() B_SPLINE_CURVE(2,(#4332,#4333,#4334,#4335,
#4336,#4337,#4338),.UNSPECIFIED.,.T.,.F.) B_SPLINE_CURVE_WITH_KNOTS((1,2
    ,2,2,2,1),(-2.094395102393,0.,2.094395102393,4.188790204786,
6.28318530718,8.377580409573),.UNSPECIFIED.) CURVE() 
GEOMETRIC_REPRESENTATION_ITEM() RATIONAL_B_SPLINE_CURVE((1.,0.5,1.,0.5,
1.,0.5,1.)) REPRESENTATION_ITEM('') );
#4332 = CARTESIAN_POINT('',(38.094258097514,59.5));
#4333 = CARTESIAN_POINT('',(141.15128114786,-6.481190501536));
#4334 = CARTESIAN_POINT('',(32.481382476417,-62.74059525076));
#4335 = CARTESIAN_POINT('',(-76.18851619502,-119.));
#4336 = CARTESIAN_POINT('',(-70.57564057393,3.240595250768));
#4337 = CARTESIAN_POINT('',(-64.96276495283,125.48119050153));
#4338 = CARTESIAN_POINT('',(38.094258097514,59.5));
#4339 = ( GEOMETRIC_REPRESENTATION_CONTEXT(2) 
PARAMETRIC_REPRESENTATION_CONTEXT() REPRESENTATION_CONTEXT('2D SPACE',''
  ) );
#4340 = ORIENTED_EDGE('',*,*,#4341,.T.);
#4341 = EDGE_CURVE('',#4309,#2127,#4342,.T.);
#4342 = SURFACE_CURVE('',#4343,(#4347,#4353),.PCURVE_S1.);
#4343 = LINE('',#4344,#4345);
#4344 = CARTESIAN_POINT('',(-59.07829748004,38.745028930944,3.));
#4345 = VECTOR('',#4346,1.);
#4346 = DIRECTION('',(-0.,-0.,-1.));
#4347 = PCURVE('',#2143,#4348);
#4348 = DEFINITIONAL_REPRESENTATION('',(#4349),#4352);
#4349 = B_SPLINE_CURVE_WITH_KNOTS('',1,(#4350,#4351),.UNSPECIFIED.,.F.,
  .F.,(2,2),(-2.2000006,5.999999999062E-07),.PIECEWISE_BEZIER_KNOTS.);
#4350 = CARTESIAN_POINT('',(-2.561133369686,-2.2000006));
#4351 = CARTESIAN_POINT('',(-2.561133369686,5.999999999062E-07));
#4352 = ( GEOMETRIC_REPRESENTATION_CONTEXT(2) 
PARAMETRIC_REPRESENTATION_CONTEXT() REPRESENTATION_CONTEXT('2D SPACE',''
  ) );
#4353 = PCURVE('',#2230,#4354);
#4354 = DEFINITIONAL_REPRESENTATION('',(#4355),#4358);
#4355 = B_SPLINE_CURVE_WITH_KNOTS('',1,(#4356,#4357),.UNSPECIFIED.,.F.,
  .F.,(2,2),(-2.2000006,5.999999999062E-07),.PIECEWISE_BEZIER_KNOTS.);
#4356 = CARTESIAN_POINT('',(-1.769216390237,-2.3000006));
#4357 = CARTESIAN_POINT('',(-1.769216390237,-9.99994E-02));
#4358 = ( GEOMETRIC_REPRESENTATION_CONTEXT(2) 
PARAMETRIC_REPRESENTATION_CONTEXT() REPRESENTATION_CONTEXT('2D SPACE',''
  ) );
#4359 = ADVANCED_FACE('',(#4360),#2171,.T.);
#4360 = FACE_BOUND('',#4361,.T.);
#4361 = EDGE_LOOP('',(#4362,#4363,#4384,#4403));
#4362 = ORIENTED_EDGE('',*,*,#4287,.F.);
#4363 = ORIENTED_EDGE('',*,*,#4364,.F.);
#4364 = EDGE_CURVE('',#4365,#4288,#4367,.T.);
#4365 = VERTEX_POINT('',#4366);
#4366 = CARTESIAN_POINT('',(-34.54258241649,59.5,5.2));
#4367 = SURFACE_CURVE('',#4368,(#4372,#4378),.PCURVE_S1.);
#4368 = LINE('',#4369,#4370);
#4369 = CARTESIAN_POINT('',(-41.25,59.5,5.2));
#4370 = VECTOR('',#4371,1.);
#4371 = DIRECTION('',(-1.,0.,0.));
#4372 = PCURVE('',#2171,#4373);
#4373 = DEFINITIONAL_REPRESENTATION('',(#4374),#4377);
#4374 = B_SPLINE_CURVE_WITH_KNOTS('',1,(#4375,#4376),.UNSPECIFIED.,.F.,
  .F.,(2,2),(-111.9,29.4),.PIECEWISE_BEZIER_KNOTS.);
#4375 = CARTESIAN_POINT('',(6.2,153.15));
#4376 = CARTESIAN_POINT('',(6.2,11.85));
#4377 = ( GEOMETRIC_REPRESENTATION_CONTEXT(2) 
PARAMETRIC_REPRESENTATION_CONTEXT() REPRESENTATION_CONTEXT('2D SPACE',''
  ) );
#4378 = PCURVE('',#4325,#4379);
#4379 = DEFINITIONAL_REPRESENTATION('',(#4380),#4383);
#4380 = B_SPLINE_CURVE_WITH_KNOTS('',1,(#4381,#4382),.UNSPECIFIED.,.F.,
  .F.,(2,2),(-111.9,29.4),.PIECEWISE_BEZIER_KNOTS.);
#4381 = CARTESIAN_POINT('',(70.65,59.5));
#4382 = CARTESIAN_POINT('',(-70.65,59.5));
#4383 = ( GEOMETRIC_REPRESENTATION_CONTEXT(2) 
PARAMETRIC_REPRESENTATION_CONTEXT() REPRESENTATION_CONTEXT('2D SPACE',''
  ) );
#4384 = ORIENTED_EDGE('',*,*,#4385,.T.);
#4385 = EDGE_CURVE('',#4365,#2156,#4386,.T.);
#4386 = SURFACE_CURVE('',#4387,(#4391,#4397),.PCURVE_S1.);
#4387 = LINE('',#4388,#4389);
#4388 = CARTESIAN_POINT('',(-34.54258241649,59.5,3.));
#4389 = VECTOR('',#4390,1.);
#4390 = DIRECTION('',(-0.,-0.,-1.));
#4391 = PCURVE('',#2171,#4392);
#4392 = DEFINITIONAL_REPRESENTATION('',(#4393),#4396);
#4393 = B_SPLINE_CURVE_WITH_KNOTS('',1,(#4394,#4395),.UNSPECIFIED.,.F.,
  .F.,(2,2),(-2.2000006,5.999999999062E-07),.PIECEWISE_BEZIER_KNOTS.);
#4394 = CARTESIAN_POINT('',(6.2000006,47.95741758351));
#4395 = CARTESIAN_POINT('',(3.9999994,47.95741758351));
#4396 = ( GEOMETRIC_REPRESENTATION_CONTEXT(2) 
PARAMETRIC_REPRESENTATION_CONTEXT() REPRESENTATION_CONTEXT('2D SPACE',''
  ) );
#4397 = PCURVE('',#2199,#4398);
#4398 = DEFINITIONAL_REPRESENTATION('',(#4399),#4402);
#4399 = B_SPLINE_CURVE_WITH_KNOTS('',1,(#4400,#4401),.UNSPECIFIED.,.F.,
  .F.,(2,2),(-2.2,0.),.PIECEWISE_BEZIER_KNOTS.);
#4400 = CARTESIAN_POINT('',(-2.096789783243,-2.2));
#4401 = CARTESIAN_POINT('',(-2.096789783243,0.));
#4402 = ( GEOMETRIC_REPRESENTATION_CONTEXT(2) 
PARAMETRIC_REPRESENTATION_CONTEXT() REPRESENTATION_CONTEXT('2D SPACE',''
  ) );
#4403 = ORIENTED_EDGE('',*,*,#2155,.T.);
#4404 = ADVANCED_FACE('',(#4405),#2230,.F.);
#4405 = FACE_BOUND('',#4406,.T.);
#4406 = EDGE_LOOP('',(#4407,#4435,#4436,#4437));
#4407 = ORIENTED_EDGE('',*,*,#4408,.F.);
#4408 = EDGE_CURVE('',#4309,#4409,#4411,.T.);
#4409 = VERTEX_POINT('',#4410);
#4410 = CARTESIAN_POINT('',(-56.86759529467,38.723592361781,5.2));
#4411 = SURFACE_CURVE('',#4412,(#4417,#4424),.PCURVE_S1.);
#4412 = CIRCLE('',#4413,5.35);
#4413 = AXIS2_PLACEMENT_3D('',#4414,#4415,#4416);
#4414 = CARTESIAN_POINT('',(-58.02370205355,33.5,5.2));
#4415 = DIRECTION('',(0.,0.,-1.));
#4416 = DIRECTION('',(1.,0.,0.));
#4417 = PCURVE('',#2230,#4418);
#4418 = DEFINITIONAL_REPRESENTATION('',(#4419),#4423);
#4419 = LINE('',#4420,#4421);
#4420 = CARTESIAN_POINT('',(-6.28318530718,-2.3));
#4421 = VECTOR('',#4422,1.);
#4422 = DIRECTION('',(1.,-0.));
#4423 = ( GEOMETRIC_REPRESENTATION_CONTEXT(2) 
PARAMETRIC_REPRESENTATION_CONTEXT() REPRESENTATION_CONTEXT('2D SPACE',''
  ) );
#4424 = PCURVE('',#4325,#4425);
#4425 = DEFINITIONAL_REPRESENTATION('',(#4426),#4434);
#4426 = ( BOUNDED_CURVE() B_SPLINE_CURVE(2,(#4427,#4428,#4429,#4430,
#4431,#4432,#4433),.UNSPECIFIED.,.T.,.F.) B_SPLINE_CURVE_WITH_KNOTS((1,2
    ,2,2,2,1),(-2.094395102393,0.,2.094395102393,4.188790204786,
6.28318530718,8.377580409573),.UNSPECIFIED.) CURVE() 
GEOMETRIC_REPRESENTATION_ITEM() RATIONAL_B_SPLINE_CURVE((1.,0.5,1.,0.5,
1.,0.5,1.)) REPRESENTATION_ITEM('') );
#4427 = CARTESIAN_POINT('',(-52.67370205355,33.5));
#4428 = CARTESIAN_POINT('',(-52.67370205355,24.233528179506));
#4429 = CARTESIAN_POINT('',(-60.69870205355,28.866764089753));
#4430 = CARTESIAN_POINT('',(-68.72370205355,33.5));
#4431 = CARTESIAN_POINT('',(-60.69870205355,38.133235910247));
#4432 = CARTESIAN_POINT('',(-52.67370205355,42.766471820493));
#4433 = CARTESIAN_POINT('',(-52.67370205355,33.5));
#4434 = ( GEOMETRIC_REPRESENTATION_CONTEXT(2) 
PARAMETRIC_REPRESENTATION_CONTEXT() REPRESENTATION_CONTEXT('2D SPACE',''
  ) );
#4435 = ORIENTED_EDGE('',*,*,#4341,.T.);
#4436 = ORIENTED_EDGE('',*,*,#2211,.T.);
#4437 = ORIENTED_EDGE('',*,*,#4438,.F.);
#4438 = EDGE_CURVE('',#4409,#2183,#4439,.T.);
#4439 = SURFACE_CURVE('',#4440,(#4444,#4450),.PCURVE_S1.);
#4440 = LINE('',#4441,#4442);
#4441 = CARTESIAN_POINT('',(-56.86759529467,38.723592361781,3.));
#4442 = VECTOR('',#4443,1.);
#4443 = DIRECTION('',(-0.,-0.,-1.));
#4444 = PCURVE('',#2230,#4445);
#4445 = DEFINITIONAL_REPRESENTATION('',(#4446),#4449);
#4446 = B_SPLINE_CURVE_WITH_KNOTS('',1,(#4447,#4448),.UNSPECIFIED.,.F.,
  .F.,(2,2),(-2.2000006,5.999999999062E-07),.PIECEWISE_BEZIER_KNOTS.);
#4447 = CARTESIAN_POINT('',(-1.352983422948,-2.3000006));
#4448 = CARTESIAN_POINT('',(-1.352983422948,-9.99994E-02));
#4449 = ( GEOMETRIC_REPRESENTATION_CONTEXT(2) 
PARAMETRIC_REPRESENTATION_CONTEXT() REPRESENTATION_CONTEXT('2D SPACE',''
  ) );
#4450 = PCURVE('',#2199,#4451);
#4451 = DEFINITIONAL_REPRESENTATION('',(#4452),#4455);
#4452 = B_SPLINE_CURVE_WITH_KNOTS('',1,(#4453,#4454),.UNSPECIFIED.,.F.,
  .F.,(2,2),(-2.2000006,5.999999999062E-07),.PIECEWISE_BEZIER_KNOTS.);
#4453 = CARTESIAN_POINT('',(-2.543771430747,-2.2000006));
#4454 = CARTESIAN_POINT('',(-2.543771430747,5.999999999062E-07));
#4455 = ( GEOMETRIC_REPRESENTATION_CONTEXT(2) 
PARAMETRIC_REPRESENTATION_CONTEXT() REPRESENTATION_CONTEXT('2D SPACE',''
  ) );
#4456 = ADVANCED_FACE('',(#4457),#2199,.F.);
#4457 = FACE_BOUND('',#4458,.T.);
#4458 = EDGE_LOOP('',(#4459,#4485,#4486,#4487));
#4459 = ORIENTED_EDGE('',*,*,#4460,.F.);
#4460 = EDGE_CURVE('',#4409,#4365,#4461,.T.);
#4461 = SURFACE_CURVE('',#4462,(#4467,#4474),.PCURVE_S1.);
#4462 = CIRCLE('',#4463,68.8);
#4463 = AXIS2_PLACEMENT_3D('',#4464,#4465,#4466);
#4464 = CARTESIAN_POINT('',(3.330951933245E-13,1.609155523307E-15,5.2));
#4465 = DIRECTION('',(0.,0.,-1.));
#4466 = DIRECTION('',(0.502072418844,0.864825581395,0.));
#4467 = PCURVE('',#2199,#4468);
#4468 = DEFINITIONAL_REPRESENTATION('',(#4469),#4473);
#4469 = LINE('',#4470,#4471);
#4470 = CARTESIAN_POINT('',(-7.327988177526,-2.2));
#4471 = VECTOR('',#4472,1.);
#4472 = DIRECTION('',(1.,-0.));
#4473 = ( GEOMETRIC_REPRESENTATION_CONTEXT(2) 
PARAMETRIC_REPRESENTATION_CONTEXT() REPRESENTATION_CONTEXT('2D SPACE',''
  ) );
#4474 = PCURVE('',#4325,#4475);
#4475 = DEFINITIONAL_REPRESENTATION('',(#4476),#4484);
#4476 = ( BOUNDED_CURVE() B_SPLINE_CURVE(2,(#4477,#4478,#4479,#4480,
#4481,#4482,#4483),.UNSPECIFIED.,.T.,.F.) B_SPLINE_CURVE_WITH_KNOTS((1,2
    ,2,2,2,1),(-2.094395102393,0.,2.094395102393,4.188790204786,
6.28318530718,8.377580409573),.UNSPECIFIED.) CURVE() 
GEOMETRIC_REPRESENTATION_ITEM() RATIONAL_B_SPLINE_CURVE((1.,0.5,1.,0.5,
1.,0.5,1.)) REPRESENTATION_ITEM('') );
#4477 = CARTESIAN_POINT('',(34.54258241649,59.5));
#4478 = CARTESIAN_POINT('',(137.59960546683,-0.329507769996));
#4479 = CARTESIAN_POINT('',(34.257220316929,-59.66475388499));
#4480 = CARTESIAN_POINT('',(-69.08516483298,-119.));
#4481 = CARTESIAN_POINT('',(-68.79980273341,0.164753884998));
#4482 = CARTESIAN_POINT('',(-68.51444063385,119.32950776999));
#4483 = CARTESIAN_POINT('',(34.54258241649,59.5));
#4484 = ( GEOMETRIC_REPRESENTATION_CONTEXT(2) 
PARAMETRIC_REPRESENTATION_CONTEXT() REPRESENTATION_CONTEXT('2D SPACE',''
  ) );
#4485 = ORIENTED_EDGE('',*,*,#4438,.T.);
#4486 = ORIENTED_EDGE('',*,*,#2182,.F.);
#4487 = ORIENTED_EDGE('',*,*,#4385,.F.);
#4488 = ADVANCED_FACE('',(#4489),#2263,.T.);
#4489 = FACE_BOUND('',#4490,.F.);
#4490 = EDGE_LOOP('',(#4491,#4492,#4513,#4546));
#4491 = ORIENTED_EDGE('',*,*,#2244,.F.);
#4492 = ORIENTED_EDGE('',*,*,#4493,.F.);
#4493 = EDGE_CURVE('',#4494,#2245,#4496,.T.);
#4494 = VERTEX_POINT('',#4495);
#4495 = CARTESIAN_POINT('',(63.093328064581,-31.79079196457,5.2));
#4496 = SURFACE_CURVE('',#4497,(#4501,#4507),.PCURVE_S1.);
#4497 = LINE('',#4498,#4499);
#4498 = CARTESIAN_POINT('',(63.093328064581,-31.79079196457,3.));
#4499 = VECTOR('',#4500,1.);
#4500 = DIRECTION('',(-0.,-0.,-1.));
#4501 = PCURVE('',#2263,#4502);
#4502 = DEFINITIONAL_REPRESENTATION('',(#4503),#4506);
#4503 = B_SPLINE_CURVE_WITH_KNOTS('',1,(#4504,#4505),.UNSPECIFIED.,.F.,
  .F.,(2,2),(-2.2000006,5.999999999062E-07),.PIECEWISE_BEZIER_KNOTS.);
#4504 = CARTESIAN_POINT('',(-5.816447039887,-2.2000006));
#4505 = CARTESIAN_POINT('',(-5.816447039887,5.999999999062E-07));
#4506 = ( GEOMETRIC_REPRESENTATION_CONTEXT(2) 
PARAMETRIC_REPRESENTATION_CONTEXT() REPRESENTATION_CONTEXT('2D SPACE',''
  ) );
#4507 = PCURVE('',#2296,#4508);
#4508 = DEFINITIONAL_REPRESENTATION('',(#4509),#4512);
#4509 = B_SPLINE_CURVE_WITH_KNOTS('',1,(#4510,#4511),.UNSPECIFIED.,.F.,
  .F.,(2,2),(-2.2000006,5.999999999062E-07),.PIECEWISE_BEZIER_KNOTS.);
#4510 = CARTESIAN_POINT('',(-0.325178712156,-2.3000006));
#4511 = CARTESIAN_POINT('',(-0.325178712156,-9.99994E-02));
#4512 = ( GEOMETRIC_REPRESENTATION_CONTEXT(2) 
PARAMETRIC_REPRESENTATION_CONTEXT() REPRESENTATION_CONTEXT('2D SPACE',''
  ) );
#4513 = ORIENTED_EDGE('',*,*,#4514,.F.);
#4514 = EDGE_CURVE('',#4515,#4494,#4517,.T.);
#4515 = VERTEX_POINT('',#4516);
#4516 = CARTESIAN_POINT('',(63.093328064581,31.790791964578,5.2));
#4517 = SURFACE_CURVE('',#4518,(#4523,#4530),.PCURVE_S1.);
#4518 = CIRCLE('',#4519,70.65);
#4519 = AXIS2_PLACEMENT_3D('',#4520,#4521,#4522);
#4520 = CARTESIAN_POINT('',(0.,0.,5.2));
#4521 = DIRECTION('',(0.,0.,-1.));
#4522 = DIRECTION('',(0.53919685913,0.842179759377,0.));
#4523 = PCURVE('',#2263,#4524);
#4524 = DEFINITIONAL_REPRESENTATION('',(#4525),#4529);
#4525 = LINE('',#4526,#4527);
#4526 = CARTESIAN_POINT('',(-7.284498461447,-2.2));
#4527 = VECTOR('',#4528,1.);
#4528 = DIRECTION('',(1.,-0.));
#4529 = ( GEOMETRIC_REPRESENTATION_CONTEXT(2) 
PARAMETRIC_REPRESENTATION_CONTEXT() REPRESENTATION_CONTEXT('2D SPACE',''
  ) );
#4530 = PCURVE('',#4531,#4536);
#4531 = PLANE('',#4532);
#4532 = AXIS2_PLACEMENT_3D('',#4533,#4534,#4535);
#4533 = CARTESIAN_POINT('',(-2.477456998798E-15,7.025784783198E-15,5.2)
  );
#4534 = DIRECTION('',(0.,0.,1.));
#4535 = DIRECTION('',(1.,0.,-0.));
#4536 = DEFINITIONAL_REPRESENTATION('',(#4537),#4545);
#4537 = ( BOUNDED_CURVE() B_SPLINE_CURVE(2,(#4538,#4539,#4540,#4541,
#4542,#4543,#4544),.UNSPECIFIED.,.T.,.F.) B_SPLINE_CURVE_WITH_KNOTS((1,2
    ,2,2,2,1),(-2.094395102393,0.,2.094395102393,4.188790204786,
6.28318530718,8.377580409573),.UNSPECIFIED.) CURVE() 
GEOMETRIC_REPRESENTATION_ITEM() RATIONAL_B_SPLINE_CURVE((1.,0.5,1.,0.5,
1.,0.5,1.)) REPRESENTATION_ITEM('') );
#4538 = CARTESIAN_POINT('',(38.094258097514,59.5));
#4539 = CARTESIAN_POINT('',(141.15128114786,-6.481190501536));
#4540 = CARTESIAN_POINT('',(32.481382476417,-62.74059525076));
#4541 = CARTESIAN_POINT('',(-76.18851619502,-119.));
#4542 = CARTESIAN_POINT('',(-70.57564057393,3.240595250768));
#4543 = CARTESIAN_POINT('',(-64.96276495283,125.48119050153));
#4544 = CARTESIAN_POINT('',(38.094258097514,59.5));
#4545 = ( GEOMETRIC_REPRESENTATION_CONTEXT(2) 
PARAMETRIC_REPRESENTATION_CONTEXT() REPRESENTATION_CONTEXT('2D SPACE',''
  ) );
#4546 = ORIENTED_EDGE('',*,*,#4547,.T.);
#4547 = EDGE_CURVE('',#4515,#2247,#4548,.T.);
#4548 = SURFACE_CURVE('',#4549,(#4553,#4559),.PCURVE_S1.);
#4549 = LINE('',#4550,#4551);
#4550 = CARTESIAN_POINT('',(63.093328064581,31.790791964578,3.));
#4551 = VECTOR('',#4552,1.);
#4552 = DIRECTION('',(-0.,-0.,-1.));
#4553 = PCURVE('',#2263,#4554);
#4554 = DEFINITIONAL_REPRESENTATION('',(#4555),#4558);
#4555 = B_SPLINE_CURVE_WITH_KNOTS('',1,(#4556,#4557),.UNSPECIFIED.,.F.,
  .F.,(2,2),(-2.2000006,5.999999999062E-07),.PIECEWISE_BEZIER_KNOTS.);
#4556 = CARTESIAN_POINT('',(-6.749923574473,-2.2000006));
#4557 = CARTESIAN_POINT('',(-6.749923574473,5.999999999062E-07));
#4558 = ( GEOMETRIC_REPRESENTATION_CONTEXT(2) 
PARAMETRIC_REPRESENTATION_CONTEXT() REPRESENTATION_CONTEXT('2D SPACE',''
  ) );
#4559 = PCURVE('',#2356,#4560);
#4560 = DEFINITIONAL_REPRESENTATION('',(#4561),#4564);
#4561 = B_SPLINE_CURVE_WITH_KNOTS('',1,(#4562,#4563),.UNSPECIFIED.,.F.,
  .F.,(2,2),(-2.2000006,5.999999999062E-07),.PIECEWISE_BEZIER_KNOTS.);
#4562 = CARTESIAN_POINT('',(-5.958006595023,-2.3000006));
#4563 = CARTESIAN_POINT('',(-5.958006595023,-9.99994E-02));
#4564 = ( GEOMETRIC_REPRESENTATION_CONTEXT(2) 
PARAMETRIC_REPRESENTATION_CONTEXT() REPRESENTATION_CONTEXT('2D SPACE',''
  ) );
#4565 = ADVANCED_FACE('',(#4566),#2296,.F.);
#4566 = FACE_BOUND('',#4567,.T.);
#4567 = EDGE_LOOP('',(#4568,#4569,#4597,#4616));
#4568 = ORIENTED_EDGE('',*,*,#4493,.F.);
#4569 = ORIENTED_EDGE('',*,*,#4570,.F.);
#4570 = EDGE_CURVE('',#4571,#4494,#4573,.T.);
#4571 = VERTEX_POINT('',#4572);
#4572 = CARTESIAN_POINT('',(61.969412358432,-29.88698599642,5.2));
#4573 = SURFACE_CURVE('',#4574,(#4579,#4586),.PCURVE_S1.);
#4574 = CIRCLE('',#4575,5.35);
#4575 = AXIS2_PLACEMENT_3D('',#4576,#4577,#4578);
#4576 = CARTESIAN_POINT('',(58.023702053557,-33.5,5.2));
#4577 = DIRECTION('',(0.,0.,-1.));
#4578 = DIRECTION('',(1.,0.,0.));
#4579 = PCURVE('',#2296,#4580);
#4580 = DEFINITIONAL_REPRESENTATION('',(#4581),#4585);
#4581 = LINE('',#4582,#4583);
#4582 = CARTESIAN_POINT('',(-6.28318530718,-2.3));
#4583 = VECTOR('',#4584,1.);
#4584 = DIRECTION('',(1.,-0.));
#4585 = ( GEOMETRIC_REPRESENTATION_CONTEXT(2) 
PARAMETRIC_REPRESENTATION_CONTEXT() REPRESENTATION_CONTEXT('2D SPACE',''
  ) );
#4586 = PCURVE('',#4531,#4587);
#4587 = DEFINITIONAL_REPRESENTATION('',(#4588),#4596);
#4588 = ( BOUNDED_CURVE() B_SPLINE_CURVE(2,(#4589,#4590,#4591,#4592,
#4593,#4594,#4595),.UNSPECIFIED.,.T.,.F.) B_SPLINE_CURVE_WITH_KNOTS((1,2
    ,2,2,2,1),(-2.094395102393,0.,2.094395102393,4.188790204786,
6.28318530718,8.377580409573),.UNSPECIFIED.) CURVE() 
GEOMETRIC_REPRESENTATION_ITEM() RATIONAL_B_SPLINE_CURVE((1.,0.5,1.,0.5,
1.,0.5,1.)) REPRESENTATION_ITEM('') );
#4589 = CARTESIAN_POINT('',(63.373702053557,-33.5));
#4590 = CARTESIAN_POINT('',(63.373702053557,-42.76647182049));
#4591 = CARTESIAN_POINT('',(55.348702053557,-38.13323591024));
#4592 = CARTESIAN_POINT('',(47.323702053557,-33.5));
#4593 = CARTESIAN_POINT('',(55.348702053557,-28.86676408975));
#4594 = CARTESIAN_POINT('',(63.373702053557,-24.2335281795));
#4595 = CARTESIAN_POINT('',(63.373702053557,-33.5));
#4596 = ( GEOMETRIC_REPRESENTATION_CONTEXT(2) 
PARAMETRIC_REPRESENTATION_CONTEXT() REPRESENTATION_CONTEXT('2D SPACE',''
  ) );
#4597 = ORIENTED_EDGE('',*,*,#4598,.T.);
#4598 = EDGE_CURVE('',#4571,#2276,#4599,.T.);
#4599 = SURFACE_CURVE('',#4600,(#4604,#4610),.PCURVE_S1.);
#4600 = LINE('',#4601,#4602);
#4601 = CARTESIAN_POINT('',(61.969412358432,-29.88698599642,3.));
#4602 = VECTOR('',#4603,1.);
#4603 = DIRECTION('',(-0.,-0.,-1.));
#4604 = PCURVE('',#2296,#4605);
#4605 = DEFINITIONAL_REPRESENTATION('',(#4606),#4609);
#4606 = B_SPLINE_CURVE_WITH_KNOTS('',1,(#4607,#4608),.UNSPECIFIED.,.F.,
  .F.,(2,2),(-2.2000006,5.999999999062E-07),.PIECEWISE_BEZIER_KNOTS.);
#4607 = CARTESIAN_POINT('',(-0.741411679445,-2.3000006));
#4608 = CARTESIAN_POINT('',(-0.741411679445,-9.99994E-02));
#4609 = ( GEOMETRIC_REPRESENTATION_CONTEXT(2) 
PARAMETRIC_REPRESENTATION_CONTEXT() REPRESENTATION_CONTEXT('2D SPACE',''
  ) );
#4610 = PCURVE('',#2325,#4611);
#4611 = DEFINITIONAL_REPRESENTATION('',(#4612),#4615);
#4612 = B_SPLINE_CURVE_WITH_KNOTS('',1,(#4613,#4614),.UNSPECIFIED.,.F.,
  .F.,(2,2),(-2.2000006,5.999999999062E-07),.PIECEWISE_BEZIER_KNOTS.);
#4613 = CARTESIAN_POINT('',(-5.833808978826,-2.2000006));
#4614 = CARTESIAN_POINT('',(-5.833808978826,5.999999999062E-07));
#4615 = ( GEOMETRIC_REPRESENTATION_CONTEXT(2) 
PARAMETRIC_REPRESENTATION_CONTEXT() REPRESENTATION_CONTEXT('2D SPACE',''
  ) );
#4616 = ORIENTED_EDGE('',*,*,#2275,.T.);
#4617 = ADVANCED_FACE('',(#4618),#2356,.F.);
#4618 = FACE_BOUND('',#4619,.T.);
#4619 = EDGE_LOOP('',(#4620,#4648,#4649,#4650));
#4620 = ORIENTED_EDGE('',*,*,#4621,.F.);
#4621 = EDGE_CURVE('',#4515,#4622,#4624,.T.);
#4622 = VERTEX_POINT('',#4623);
#4623 = CARTESIAN_POINT('',(61.969412358432,29.886985996428,5.2));
#4624 = SURFACE_CURVE('',#4625,(#4630,#4637),.PCURVE_S1.);
#4625 = CIRCLE('',#4626,5.35);
#4626 = AXIS2_PLACEMENT_3D('',#4627,#4628,#4629);
#4627 = CARTESIAN_POINT('',(58.023702053557,33.5,5.2));
#4628 = DIRECTION('',(0.,0.,-1.));
#4629 = DIRECTION('',(1.,0.,0.));
#4630 = PCURVE('',#2356,#4631);
#4631 = DEFINITIONAL_REPRESENTATION('',(#4632),#4636);
#4632 = LINE('',#4633,#4634);
#4633 = CARTESIAN_POINT('',(-6.28318530718,-2.3));
#4634 = VECTOR('',#4635,1.);
#4635 = DIRECTION('',(1.,-0.));
#4636 = ( GEOMETRIC_REPRESENTATION_CONTEXT(2) 
PARAMETRIC_REPRESENTATION_CONTEXT() REPRESENTATION_CONTEXT('2D SPACE',''
  ) );
#4637 = PCURVE('',#4531,#4638);
#4638 = DEFINITIONAL_REPRESENTATION('',(#4639),#4647);
#4639 = ( BOUNDED_CURVE() B_SPLINE_CURVE(2,(#4640,#4641,#4642,#4643,
#4644,#4645,#4646),.UNSPECIFIED.,.T.,.F.) B_SPLINE_CURVE_WITH_KNOTS((1,2
    ,2,2,2,1),(-2.094395102393,0.,2.094395102393,4.188790204786,
6.28318530718,8.377580409573),.UNSPECIFIED.) CURVE() 
GEOMETRIC_REPRESENTATION_ITEM() RATIONAL_B_SPLINE_CURVE((1.,0.5,1.,0.5,
1.,0.5,1.)) REPRESENTATION_ITEM('') );
#4640 = CARTESIAN_POINT('',(63.373702053557,33.5));
#4641 = CARTESIAN_POINT('',(63.373702053557,24.233528179506));
#4642 = CARTESIAN_POINT('',(55.348702053557,28.866764089753));
#4643 = CARTESIAN_POINT('',(47.323702053557,33.5));
#4644 = CARTESIAN_POINT('',(55.348702053557,38.133235910247));
#4645 = CARTESIAN_POINT('',(63.373702053557,42.766471820493));
#4646 = CARTESIAN_POINT('',(63.373702053557,33.5));
#4647 = ( GEOMETRIC_REPRESENTATION_CONTEXT(2) 
PARAMETRIC_REPRESENTATION_CONTEXT() REPRESENTATION_CONTEXT('2D SPACE',''
  ) );
#4648 = ORIENTED_EDGE('',*,*,#4547,.T.);
#4649 = ORIENTED_EDGE('',*,*,#2337,.T.);
#4650 = ORIENTED_EDGE('',*,*,#4651,.F.);
#4651 = EDGE_CURVE('',#4622,#2309,#4652,.T.);
#4652 = SURFACE_CURVE('',#4653,(#4657,#4663),.PCURVE_S1.);
#4653 = LINE('',#4654,#4655);
#4654 = CARTESIAN_POINT('',(61.969412358432,29.886985996428,3.));
#4655 = VECTOR('',#4656,1.);
#4656 = DIRECTION('',(-0.,-0.,-1.));
#4657 = PCURVE('',#2356,#4658);
#4658 = DEFINITIONAL_REPRESENTATION('',(#4659),#4662);
#4659 = B_SPLINE_CURVE_WITH_KNOTS('',1,(#4660,#4661),.UNSPECIFIED.,.F.,
  .F.,(2,2),(-2.2000006,5.999999999062E-07),.PIECEWISE_BEZIER_KNOTS.);
#4660 = CARTESIAN_POINT('',(-5.541773627734,-2.3000006));
#4661 = CARTESIAN_POINT('',(-5.541773627734,-9.99994E-02));
#4662 = ( GEOMETRIC_REPRESENTATION_CONTEXT(2) 
PARAMETRIC_REPRESENTATION_CONTEXT() REPRESENTATION_CONTEXT('2D SPACE',''
  ) );
#4663 = PCURVE('',#2325,#4664);
#4664 = DEFINITIONAL_REPRESENTATION('',(#4665),#4668);
#4665 = B_SPLINE_CURVE_WITH_KNOTS('',1,(#4666,#4667),.UNSPECIFIED.,.F.,
  .F.,(2,2),(-2.2000006,5.999999999062E-07),.PIECEWISE_BEZIER_KNOTS.);
#4666 = CARTESIAN_POINT('',(-6.732561635533,-2.2000006));
#4667 = CARTESIAN_POINT('',(-6.732561635533,5.999999999062E-07));
#4668 = ( GEOMETRIC_REPRESENTATION_CONTEXT(2) 
PARAMETRIC_REPRESENTATION_CONTEXT() REPRESENTATION_CONTEXT('2D SPACE',''
  ) );
#4669 = ADVANCED_FACE('',(#4670),#2325,.F.);
#4670 = FACE_BOUND('',#4671,.T.);
#4671 = EDGE_LOOP('',(#4672,#4698,#4699,#4700));
#4672 = ORIENTED_EDGE('',*,*,#4673,.F.);
#4673 = EDGE_CURVE('',#4622,#4571,#4674,.T.);
#4674 = SURFACE_CURVE('',#4675,(#4680,#4687),.PCURVE_S1.);
#4675 = CIRCLE('',#4676,68.8);
#4676 = AXIS2_PLACEMENT_3D('',#4677,#4678,#4679);
#4677 = CARTESIAN_POINT('',(3.330951933245E-13,1.609155523307E-15,5.2));
#4678 = DIRECTION('',(0.,0.,-1.));
#4679 = DIRECTION('',(0.502072418844,0.864825581395,0.));
#4680 = PCURVE('',#2325,#4681);
#4681 = DEFINITIONAL_REPRESENTATION('',(#4682),#4686);
#4682 = LINE('',#4683,#4684);
#4683 = CARTESIAN_POINT('',(-7.327988177526,-2.2));
#4684 = VECTOR('',#4685,1.);
#4685 = DIRECTION('',(1.,-0.));
#4686 = ( GEOMETRIC_REPRESENTATION_CONTEXT(2) 
PARAMETRIC_REPRESENTATION_CONTEXT() REPRESENTATION_CONTEXT('2D SPACE',''
  ) );
#4687 = PCURVE('',#4531,#4688);
#4688 = DEFINITIONAL_REPRESENTATION('',(#4689),#4697);
#4689 = ( BOUNDED_CURVE() B_SPLINE_CURVE(2,(#4690,#4691,#4692,#4693,
#4694,#4695,#4696),.UNSPECIFIED.,.T.,.F.) B_SPLINE_CURVE_WITH_KNOTS((1,2
    ,2,2,2,1),(-2.094395102393,0.,2.094395102393,4.188790204786,
6.28318530718,8.377580409573),.UNSPECIFIED.) CURVE() 
GEOMETRIC_REPRESENTATION_ITEM() RATIONAL_B_SPLINE_CURVE((1.,0.5,1.,0.5,
1.,0.5,1.)) REPRESENTATION_ITEM('') );
#4690 = CARTESIAN_POINT('',(34.54258241649,59.5));
#4691 = CARTESIAN_POINT('',(137.59960546683,-0.329507769996));
#4692 = CARTESIAN_POINT('',(34.257220316929,-59.66475388499));
#4693 = CARTESIAN_POINT('',(-69.08516483298,-119.));
#4694 = CARTESIAN_POINT('',(-68.79980273341,0.164753884998));
#4695 = CARTESIAN_POINT('',(-68.51444063385,119.32950776999));
#4696 = CARTESIAN_POINT('',(34.54258241649,59.5));
#4697 = ( GEOMETRIC_REPRESENTATION_CONTEXT(2) 
PARAMETRIC_REPRESENTATION_CONTEXT() REPRESENTATION_CONTEXT('2D SPACE',''
  ) );
#4698 = ORIENTED_EDGE('',*,*,#4651,.T.);
#4699 = ORIENTED_EDGE('',*,*,#2308,.F.);
#4700 = ORIENTED_EDGE('',*,*,#4598,.F.);
#4701 = ADVANCED_FACE('',(#4702),#2387,.T.);
#4702 = FACE_BOUND('',#4703,.F.);
#4703 = EDGE_LOOP('',(#4704,#4727,#4754,#4755));
#4704 = ORIENTED_EDGE('',*,*,#4705,.T.);
#4705 = EDGE_CURVE('',#2371,#4706,#4708,.T.);
#4706 = VERTEX_POINT('',#4707);
#4707 = CARTESIAN_POINT('',(49.6,41.,9.));
#4708 = SEAM_CURVE('',#4709,(#4713,#4720),.PCURVE_S1.);
#4709 = LINE('',#4710,#4711);
#4710 = CARTESIAN_POINT('',(49.6,41.,3.));
#4711 = VECTOR('',#4712,1.);
#4712 = DIRECTION('',(0.,0.,1.));
#4713 = PCURVE('',#2387,#4714);
#4714 = DEFINITIONAL_REPRESENTATION('',(#4715),#4719);
#4715 = LINE('',#4716,#4717);
#4716 = CARTESIAN_POINT('',(-0.,0.));
#4717 = VECTOR('',#4718,1.);
#4718 = DIRECTION('',(-0.,-1.));
#4719 = ( GEOMETRIC_REPRESENTATION_CONTEXT(2) 
PARAMETRIC_REPRESENTATION_CONTEXT() REPRESENTATION_CONTEXT('2D SPACE',''
  ) );
#4720 = PCURVE('',#2387,#4721);
#4721 = DEFINITIONAL_REPRESENTATION('',(#4722),#4726);
#4722 = LINE('',#4723,#4724);
#4723 = CARTESIAN_POINT('',(-6.28318530718,0.));
#4724 = VECTOR('',#4725,1.);
#4725 = DIRECTION('',(-0.,-1.));
#4726 = ( GEOMETRIC_REPRESENTATION_CONTEXT(2) 
PARAMETRIC_REPRESENTATION_CONTEXT() REPRESENTATION_CONTEXT('2D SPACE',''
  ) );
#4727 = ORIENTED_EDGE('',*,*,#4728,.T.);
#4728 = EDGE_CURVE('',#4706,#4706,#4729,.T.);
#4729 = SURFACE_CURVE('',#4730,(#4735,#4742),.PCURVE_S1.);
#4730 = CIRCLE('',#4731,3.6);
#4731 = AXIS2_PLACEMENT_3D('',#4732,#4733,#4734);
#4732 = CARTESIAN_POINT('',(46.,41.,9.));
#4733 = DIRECTION('',(0.,0.,1.));
#4734 = DIRECTION('',(1.,0.,0.));
#4735 = PCURVE('',#2387,#4736);
#4736 = DEFINITIONAL_REPRESENTATION('',(#4737),#4741);
#4737 = LINE('',#4738,#4739);
#4738 = CARTESIAN_POINT('',(-0.,-6.));
#4739 = VECTOR('',#4740,1.);
#4740 = DIRECTION('',(-1.,0.));
#4741 = ( GEOMETRIC_REPRESENTATION_CONTEXT(2) 
PARAMETRIC_REPRESENTATION_CONTEXT() REPRESENTATION_CONTEXT('2D SPACE',''
  ) );
#4742 = PCURVE('',#4743,#4748);
#4743 = PLANE('',#4744);
#4744 = AXIS2_PLACEMENT_3D('',#4745,#4746,#4747);
#4745 = CARTESIAN_POINT('',(46.,41.,9.));
#4746 = DIRECTION('',(0.,0.,1.));
#4747 = DIRECTION('',(1.,0.,-0.));
#4748 = DEFINITIONAL_REPRESENTATION('',(#4749),#4753);
#4749 = CIRCLE('',#4750,3.6);
#4750 = AXIS2_PLACEMENT_2D('',#4751,#4752);
#4751 = CARTESIAN_POINT('',(0.,0.));
#4752 = DIRECTION('',(1.,0.));
#4753 = ( GEOMETRIC_REPRESENTATION_CONTEXT(2) 
PARAMETRIC_REPRESENTATION_CONTEXT() REPRESENTATION_CONTEXT('2D SPACE',''
  ) );
#4754 = ORIENTED_EDGE('',*,*,#4705,.F.);
#4755 = ORIENTED_EDGE('',*,*,#2370,.F.);
#4756 = ADVANCED_FACE('',(#4757),#2422,.F.);
#4757 = FACE_BOUND('',#4758,.T.);
#4758 = EDGE_LOOP('',(#4759,#4787,#4808,#4809));
#4759 = ORIENTED_EDGE('',*,*,#4760,.T.);
#4760 = EDGE_CURVE('',#4761,#4761,#4763,.T.);
#4761 = VERTEX_POINT('',#4762);
#4762 = CARTESIAN_POINT('',(59.723702053557,33.5,1.5));
#4763 = SURFACE_CURVE('',#4764,(#4769,#4776),.PCURVE_S1.);
#4764 = CIRCLE('',#4765,1.7);
#4765 = AXIS2_PLACEMENT_3D('',#4766,#4767,#4768);
#4766 = CARTESIAN_POINT('',(58.023702053557,33.5,1.5));
#4767 = DIRECTION('',(0.,0.,-1.));
#4768 = DIRECTION('',(1.,0.,0.));
#4769 = PCURVE('',#2422,#4770);
#4770 = DEFINITIONAL_REPRESENTATION('',(#4771),#4775);
#4771 = LINE('',#4772,#4773);
#4772 = CARTESIAN_POINT('',(-6.28318530718,-2.5));
#4773 = VECTOR('',#4774,1.);
#4774 = DIRECTION('',(1.,-0.));
#4775 = ( GEOMETRIC_REPRESENTATION_CONTEXT(2) 
PARAMETRIC_REPRESENTATION_CONTEXT() REPRESENTATION_CONTEXT('2D SPACE',''
  ) );
#4776 = PCURVE('',#3517,#4777);
#4777 = DEFINITIONAL_REPRESENTATION('',(#4778),#4786);
#4778 = ( BOUNDED_CURVE() B_SPLINE_CURVE(2,(#4779,#4780,#4781,#4782,
#4783,#4784,#4785),.UNSPECIFIED.,.T.,.F.) B_SPLINE_CURVE_WITH_KNOTS((1,2
    ,2,2,2,1),(-2.094395102393,0.,2.094395102393,4.188790204786,
6.28318530718,8.377580409573),.UNSPECIFIED.) CURVE() 
GEOMETRIC_REPRESENTATION_ITEM() RATIONAL_B_SPLINE_CURVE((1.,0.5,1.,0.5,
1.,0.5,1.)) REPRESENTATION_ITEM('') );
#4779 = CARTESIAN_POINT('',(1.7,0.));
#4780 = CARTESIAN_POINT('',(1.7,-2.944486372867));
#4781 = CARTESIAN_POINT('',(-0.85,-1.472243186434));
#4782 = CARTESIAN_POINT('',(-3.4,-4.163799117101E-16));
#4783 = CARTESIAN_POINT('',(-0.85,1.472243186434));
#4784 = CARTESIAN_POINT('',(1.7,2.944486372867));
#4785 = CARTESIAN_POINT('',(1.7,0.));
#4786 = ( GEOMETRIC_REPRESENTATION_CONTEXT(2) 
PARAMETRIC_REPRESENTATION_CONTEXT() REPRESENTATION_CONTEXT('2D SPACE',''
  ) );
#4787 = ORIENTED_EDGE('',*,*,#4788,.T.);
#4788 = EDGE_CURVE('',#4761,#2402,#4789,.T.);
#4789 = SEAM_CURVE('',#4790,(#4794,#4801),.PCURVE_S1.);
#4790 = LINE('',#4791,#4792);
#4791 = CARTESIAN_POINT('',(59.723702053557,33.5,-1.));
#4792 = VECTOR('',#4793,1.);
#4793 = DIRECTION('',(0.,0.,1.));
#4794 = PCURVE('',#2422,#4795);
#4795 = DEFINITIONAL_REPRESENTATION('',(#4796),#4800);
#4796 = LINE('',#4797,#4798);
#4797 = CARTESIAN_POINT('',(-6.28318530718,0.));
#4798 = VECTOR('',#4799,1.);
#4799 = DIRECTION('',(-0.,-1.));
#4800 = ( GEOMETRIC_REPRESENTATION_CONTEXT(2) 
PARAMETRIC_REPRESENTATION_CONTEXT() REPRESENTATION_CONTEXT('2D SPACE',''
  ) );
#4801 = PCURVE('',#2422,#4802);
#4802 = DEFINITIONAL_REPRESENTATION('',(#4803),#4807);
#4803 = LINE('',#4804,#4805);
#4804 = CARTESIAN_POINT('',(-0.,0.));
#4805 = VECTOR('',#4806,1.);
#4806 = DIRECTION('',(-0.,-1.));
#4807 = ( GEOMETRIC_REPRESENTATION_CONTEXT(2) 
PARAMETRIC_REPRESENTATION_CONTEXT() REPRESENTATION_CONTEXT('2D SPACE',''
  ) );
#4808 = ORIENTED_EDGE('',*,*,#2401,.F.);
#4809 = ORIENTED_EDGE('',*,*,#4788,.F.);
#4810 = ADVANCED_FACE('',(#4811),#2455,.T.);
#4811 = FACE_BOUND('',#4812,.F.);
#4812 = EDGE_LOOP('',(#4813,#4814,#4835,#4868));
#4813 = ORIENTED_EDGE('',*,*,#2436,.F.);
#4814 = ORIENTED_EDGE('',*,*,#4815,.F.);
#4815 = EDGE_CURVE('',#4816,#2437,#4818,.T.);
#4816 = VERTEX_POINT('',#4817);
#4817 = CARTESIAN_POINT('',(59.078297480042,38.745028930944,5.2));
#4818 = SURFACE_CURVE('',#4819,(#4823,#4829),.PCURVE_S1.);
#4819 = LINE('',#4820,#4821);
#4820 = CARTESIAN_POINT('',(59.078297480042,38.745028930944,3.));
#4821 = VECTOR('',#4822,1.);
#4822 = DIRECTION('',(-0.,-0.,-1.));
#4823 = PCURVE('',#2455,#4824);
#4824 = DEFINITIONAL_REPRESENTATION('',(#4825),#4828);
#4825 = B_SPLINE_CURVE_WITH_KNOTS('',1,(#4826,#4827),.UNSPECIFIED.,.F.,
  .F.,(2,2),(-2.2000006,5.999999999062E-07),.PIECEWISE_BEZIER_KNOTS.);
#4826 = CARTESIAN_POINT('',(-6.863644591083,-2.2000006));
#4827 = CARTESIAN_POINT('',(-6.863644591083,5.999999999062E-07));
#4828 = ( GEOMETRIC_REPRESENTATION_CONTEXT(2) 
PARAMETRIC_REPRESENTATION_CONTEXT() REPRESENTATION_CONTEXT('2D SPACE',''
  ) );
#4829 = PCURVE('',#2488,#4830);
#4830 = DEFINITIONAL_REPRESENTATION('',(#4831),#4834);
#4831 = B_SPLINE_CURVE_WITH_KNOTS('',1,(#4832,#4833),.UNSPECIFIED.,.F.,
  .F.,(2,2),(-2.2000006,5.999999999062E-07),.PIECEWISE_BEZIER_KNOTS.);
#4832 = CARTESIAN_POINT('',(-1.372376263353,-2.3000006));
#4833 = CARTESIAN_POINT('',(-1.372376263353,-9.99994E-02));
#4834 = ( GEOMETRIC_REPRESENTATION_CONTEXT(2) 
PARAMETRIC_REPRESENTATION_CONTEXT() REPRESENTATION_CONTEXT('2D SPACE',''
  ) );
#4835 = ORIENTED_EDGE('',*,*,#4836,.F.);
#4836 = EDGE_CURVE('',#4837,#4816,#4839,.T.);
#4837 = VERTEX_POINT('',#4838);
#4838 = CARTESIAN_POINT('',(38.094258097514,59.5,5.2));
#4839 = SURFACE_CURVE('',#4840,(#4845,#4852),.PCURVE_S1.);
#4840 = CIRCLE('',#4841,70.65);
#4841 = AXIS2_PLACEMENT_3D('',#4842,#4843,#4844);
#4842 = CARTESIAN_POINT('',(0.,0.,5.2));
#4843 = DIRECTION('',(0.,0.,-1.));
#4844 = DIRECTION('',(0.53919685913,0.842179759377,0.));
#4845 = PCURVE('',#2455,#4846);
#4846 = DEFINITIONAL_REPRESENTATION('',(#4847),#4851);
#4847 = LINE('',#4848,#4849);
#4848 = CARTESIAN_POINT('',(-7.284498461447,-2.2));
#4849 = VECTOR('',#4850,1.);
#4850 = DIRECTION('',(1.,-0.));
#4851 = ( GEOMETRIC_REPRESENTATION_CONTEXT(2) 
PARAMETRIC_REPRESENTATION_CONTEXT() REPRESENTATION_CONTEXT('2D SPACE',''
  ) );
#4852 = PCURVE('',#4853,#4858);
#4853 = PLANE('',#4854);
#4854 = AXIS2_PLACEMENT_3D('',#4855,#4856,#4857);
#4855 = CARTESIAN_POINT('',(-2.477456998798E-15,7.025784783198E-15,5.2)
  );
#4856 = DIRECTION('',(0.,0.,1.));
#4857 = DIRECTION('',(1.,0.,-0.));
#4858 = DEFINITIONAL_REPRESENTATION('',(#4859),#4867);
#4859 = ( BOUNDED_CURVE() B_SPLINE_CURVE(2,(#4860,#4861,#4862,#4863,
#4864,#4865,#4866),.UNSPECIFIED.,.T.,.F.) B_SPLINE_CURVE_WITH_KNOTS((1,2
    ,2,2,2,1),(-2.094395102393,0.,2.094395102393,4.188790204786,
6.28318530718,8.377580409573),.UNSPECIFIED.) CURVE() 
GEOMETRIC_REPRESENTATION_ITEM() RATIONAL_B_SPLINE_CURVE((1.,0.5,1.,0.5,
1.,0.5,1.)) REPRESENTATION_ITEM('') );
#4860 = CARTESIAN_POINT('',(38.094258097514,59.5));
#4861 = CARTESIAN_POINT('',(141.15128114786,-6.481190501536));
#4862 = CARTESIAN_POINT('',(32.481382476417,-62.74059525076));
#4863 = CARTESIAN_POINT('',(-76.18851619502,-119.));
#4864 = CARTESIAN_POINT('',(-70.57564057393,3.240595250768));
#4865 = CARTESIAN_POINT('',(-64.96276495283,125.48119050153));
#4866 = CARTESIAN_POINT('',(38.094258097514,59.5));
#4867 = ( GEOMETRIC_REPRESENTATION_CONTEXT(2) 
PARAMETRIC_REPRESENTATION_CONTEXT() REPRESENTATION_CONTEXT('2D SPACE',''
  ) );
#4868 = ORIENTED_EDGE('',*,*,#4869,.T.);
#4869 = EDGE_CURVE('',#4837,#2439,#4870,.T.);
#4870 = SURFACE_CURVE('',#4871,(#4875,#4881),.PCURVE_S1.);
#4871 = LINE('',#4872,#4873);
#4872 = CARTESIAN_POINT('',(38.094258097514,59.5,3.));
#4873 = VECTOR('',#4874,1.);
#4874 = DIRECTION('',(-0.,-0.,-1.));
#4875 = PCURVE('',#2455,#4876);
#4876 = DEFINITIONAL_REPRESENTATION('',(#4877),#4880);
#4877 = B_SPLINE_CURVE_WITH_KNOTS('',1,(#4878,#4879),.UNSPECIFIED.,.F.,
  .F.,(2,2),(-2.2,0.),.PIECEWISE_BEZIER_KNOTS.);
#4878 = CARTESIAN_POINT('',(-7.284498461447,-2.2));
#4879 = CARTESIAN_POINT('',(-7.284498461447,0.));
#4880 = ( GEOMETRIC_REPRESENTATION_CONTEXT(2) 
PARAMETRIC_REPRESENTATION_CONTEXT() REPRESENTATION_CONTEXT('2D SPACE',''
  ) );
#4881 = PCURVE('',#2543,#4882);
#4882 = DEFINITIONAL_REPRESENTATION('',(#4883),#4886);
#4883 = B_SPLINE_CURVE_WITH_KNOTS('',1,(#4884,#4885),.UNSPECIFIED.,.F.,
  .F.,(2,2),(-2.2000006,5.999999999062E-07),.PIECEWISE_BEZIER_KNOTS.);
#4884 = CARTESIAN_POINT('',(6.2000006,120.59425809751));
#4885 = CARTESIAN_POINT('',(3.9999994,120.59425809751));
#4886 = ( GEOMETRIC_REPRESENTATION_CONTEXT(2) 
PARAMETRIC_REPRESENTATION_CONTEXT() REPRESENTATION_CONTEXT('2D SPACE',''
  ) );
#4887 = ADVANCED_FACE('',(#4888),#2488,.F.);
#4888 = FACE_BOUND('',#4889,.T.);
#4889 = EDGE_LOOP('',(#4890,#4891,#4919,#4938));
#4890 = ORIENTED_EDGE('',*,*,#4815,.F.);
#4891 = ORIENTED_EDGE('',*,*,#4892,.F.);
#4892 = EDGE_CURVE('',#4893,#4816,#4895,.T.);
#4893 = VERTEX_POINT('',#4894);
#4894 = CARTESIAN_POINT('',(56.867595294672,38.723592361781,5.2));
#4895 = SURFACE_CURVE('',#4896,(#4901,#4908),.PCURVE_S1.);
#4896 = CIRCLE('',#4897,5.35);
#4897 = AXIS2_PLACEMENT_3D('',#4898,#4899,#4900);
#4898 = CARTESIAN_POINT('',(58.023702053557,33.5,5.2));
#4899 = DIRECTION('',(0.,0.,-1.));
#4900 = DIRECTION('',(1.,0.,0.));
#4901 = PCURVE('',#2488,#4902);
#4902 = DEFINITIONAL_REPRESENTATION('',(#4903),#4907);
#4903 = LINE('',#4904,#4905);
#4904 = CARTESIAN_POINT('',(-6.28318530718,-2.3));
#4905 = VECTOR('',#4906,1.);
#4906 = DIRECTION('',(1.,-0.));
#4907 = ( GEOMETRIC_REPRESENTATION_CONTEXT(2) 
PARAMETRIC_REPRESENTATION_CONTEXT() REPRESENTATION_CONTEXT('2D SPACE',''
  ) );
#4908 = PCURVE('',#4853,#4909);
#4909 = DEFINITIONAL_REPRESENTATION('',(#4910),#4918);
#4910 = ( BOUNDED_CURVE() B_SPLINE_CURVE(2,(#4911,#4912,#4913,#4914,
#4915,#4916,#4917),.UNSPECIFIED.,.T.,.F.) B_SPLINE_CURVE_WITH_KNOTS((1,2
    ,2,2,2,1),(-2.094395102393,0.,2.094395102393,4.188790204786,
6.28318530718,8.377580409573),.UNSPECIFIED.) CURVE() 
GEOMETRIC_REPRESENTATION_ITEM() RATIONAL_B_SPLINE_CURVE((1.,0.5,1.,0.5,
1.,0.5,1.)) REPRESENTATION_ITEM('') );
#4911 = CARTESIAN_POINT('',(63.373702053557,33.5));
#4912 = CARTESIAN_POINT('',(63.373702053557,24.233528179506));
#4913 = CARTESIAN_POINT('',(55.348702053557,28.866764089753));
#4914 = CARTESIAN_POINT('',(47.323702053557,33.5));
#4915 = CARTESIAN_POINT('',(55.348702053557,38.133235910247));
#4916 = CARTESIAN_POINT('',(63.373702053557,42.766471820493));
#4917 = CARTESIAN_POINT('',(63.373702053557,33.5));
#4918 = ( GEOMETRIC_REPRESENTATION_CONTEXT(2) 
PARAMETRIC_REPRESENTATION_CONTEXT() REPRESENTATION_CONTEXT('2D SPACE',''
  ) );
#4919 = ORIENTED_EDGE('',*,*,#4920,.T.);
#4920 = EDGE_CURVE('',#4893,#2468,#4921,.T.);
#4921 = SURFACE_CURVE('',#4922,(#4926,#4932),.PCURVE_S1.);
#4922 = LINE('',#4923,#4924);
#4923 = CARTESIAN_POINT('',(56.867595294672,38.723592361781,3.));
#4924 = VECTOR('',#4925,1.);
#4925 = DIRECTION('',(-0.,-0.,-1.));
#4926 = PCURVE('',#2488,#4927);
#4927 = DEFINITIONAL_REPRESENTATION('',(#4928),#4931);
#4928 = B_SPLINE_CURVE_WITH_KNOTS('',1,(#4929,#4930),.UNSPECIFIED.,.F.,
  .F.,(2,2),(-2.2000006,5.999999999062E-07),.PIECEWISE_BEZIER_KNOTS.);
#4929 = CARTESIAN_POINT('',(-1.788609230642,-2.3000006));
#4930 = CARTESIAN_POINT('',(-1.788609230642,-9.99994E-02));
#4931 = ( GEOMETRIC_REPRESENTATION_CONTEXT(2) 
PARAMETRIC_REPRESENTATION_CONTEXT() REPRESENTATION_CONTEXT('2D SPACE',''
  ) );
#4932 = PCURVE('',#2517,#4933);
#4933 = DEFINITIONAL_REPRESENTATION('',(#4934),#4937);
#4934 = B_SPLINE_CURVE_WITH_KNOTS('',1,(#4935,#4936),.UNSPECIFIED.,.F.,
  .F.,(2,2),(-2.2000006,5.999999999062E-07),.PIECEWISE_BEZIER_KNOTS.);
#4935 = CARTESIAN_POINT('',(-6.881006530023,-2.2000006));
#4936 = CARTESIAN_POINT('',(-6.881006530023,5.999999999062E-07));
#4937 = ( GEOMETRIC_REPRESENTATION_CONTEXT(2) 
PARAMETRIC_REPRESENTATION_CONTEXT() REPRESENTATION_CONTEXT('2D SPACE',''
  ) );
#4938 = ORIENTED_EDGE('',*,*,#2467,.T.);
#4939 = ADVANCED_FACE('',(#4940),#2543,.T.);
#4940 = FACE_BOUND('',#4941,.T.);
#4941 = EDGE_LOOP('',(#4942,#4963,#4964,#4965));
#4942 = ORIENTED_EDGE('',*,*,#4943,.F.);
#4943 = EDGE_CURVE('',#4837,#4944,#4946,.T.);
#4944 = VERTEX_POINT('',#4945);
#4945 = CARTESIAN_POINT('',(34.54258241649,59.5,5.2));
#4946 = SURFACE_CURVE('',#4947,(#4951,#4957),.PCURVE_S1.);
#4947 = LINE('',#4948,#4949);
#4948 = CARTESIAN_POINT('',(-41.25,59.5,5.2));
#4949 = VECTOR('',#4950,1.);
#4950 = DIRECTION('',(-1.,0.,0.));
#4951 = PCURVE('',#2543,#4952);
#4952 = DEFINITIONAL_REPRESENTATION('',(#4953),#4956);
#4953 = B_SPLINE_CURVE_WITH_KNOTS('',1,(#4954,#4955),.UNSPECIFIED.,.F.,
  .F.,(2,2),(-111.9,29.4),.PIECEWISE_BEZIER_KNOTS.);
#4954 = CARTESIAN_POINT('',(6.2,153.15));
#4955 = CARTESIAN_POINT('',(6.2,11.85));
#4956 = ( GEOMETRIC_REPRESENTATION_CONTEXT(2) 
PARAMETRIC_REPRESENTATION_CONTEXT() REPRESENTATION_CONTEXT('2D SPACE',''
  ) );
#4957 = PCURVE('',#4853,#4958);
#4958 = DEFINITIONAL_REPRESENTATION('',(#4959),#4962);
#4959 = B_SPLINE_CURVE_WITH_KNOTS('',1,(#4960,#4961),.UNSPECIFIED.,.F.,
  .F.,(2,2),(-111.9,29.4),.PIECEWISE_BEZIER_KNOTS.);
#4960 = CARTESIAN_POINT('',(70.65,59.5));
#4961 = CARTESIAN_POINT('',(-70.65,59.5));
#4962 = ( GEOMETRIC_REPRESENTATION_CONTEXT(2) 
PARAMETRIC_REPRESENTATION_CONTEXT() REPRESENTATION_CONTEXT('2D SPACE',''
  ) );
#4963 = ORIENTED_EDGE('',*,*,#4869,.T.);
#4964 = ORIENTED_EDGE('',*,*,#2529,.T.);
#4965 = ORIENTED_EDGE('',*,*,#4966,.F.);
#4966 = EDGE_CURVE('',#4944,#2501,#4967,.T.);
#4967 = SURFACE_CURVE('',#4968,(#4972,#4978),.PCURVE_S1.);
#4968 = LINE('',#4969,#4970);
#4969 = CARTESIAN_POINT('',(34.54258241649,59.5,3.));
#4970 = VECTOR('',#4971,1.);
#4971 = DIRECTION('',(-0.,-0.,-1.));
#4972 = PCURVE('',#2543,#4973);
#4973 = DEFINITIONAL_REPRESENTATION('',(#4974),#4977);
#4974 = B_SPLINE_CURVE_WITH_KNOTS('',1,(#4975,#4976),.UNSPECIFIED.,.F.,
  .F.,(2,2),(-2.2000006,5.999999999062E-07),.PIECEWISE_BEZIER_KNOTS.);
#4975 = CARTESIAN_POINT('',(6.2000006,117.04258241649));
#4976 = CARTESIAN_POINT('',(3.9999994,117.04258241649));
#4977 = ( GEOMETRIC_REPRESENTATION_CONTEXT(2) 
PARAMETRIC_REPRESENTATION_CONTEXT() REPRESENTATION_CONTEXT('2D SPACE',''
  ) );
#4978 = PCURVE('',#2517,#4979);
#4979 = DEFINITIONAL_REPRESENTATION('',(#4980),#4983);
#4980 = B_SPLINE_CURVE_WITH_KNOTS('',1,(#4981,#4982),.UNSPECIFIED.,.F.,
  .F.,(2,2),(-2.2,0.),.PIECEWISE_BEZIER_KNOTS.);
#4981 = CARTESIAN_POINT('',(-7.327988177526,-2.2));
#4982 = CARTESIAN_POINT('',(-7.327988177526,0.));
#4983 = ( GEOMETRIC_REPRESENTATION_CONTEXT(2) 
PARAMETRIC_REPRESENTATION_CONTEXT() REPRESENTATION_CONTEXT('2D SPACE',''
  ) );
#4984 = ADVANCED_FACE('',(#4985),#2517,.F.);
#4985 = FACE_BOUND('',#4986,.T.);
#4986 = EDGE_LOOP('',(#4987,#5013,#5014,#5015));
#4987 = ORIENTED_EDGE('',*,*,#4988,.F.);
#4988 = EDGE_CURVE('',#4944,#4893,#4989,.T.);
#4989 = SURFACE_CURVE('',#4990,(#4995,#5002),.PCURVE_S1.);
#4990 = CIRCLE('',#4991,68.8);
#4991 = AXIS2_PLACEMENT_3D('',#4992,#4993,#4994);
#4992 = CARTESIAN_POINT('',(3.330951933245E-13,1.609155523307E-15,5.2));
#4993 = DIRECTION('',(0.,0.,-1.));
#4994 = DIRECTION('',(0.502072418844,0.864825581395,0.));
#4995 = PCURVE('',#2517,#4996);
#4996 = DEFINITIONAL_REPRESENTATION('',(#4997),#5001);
#4997 = LINE('',#4998,#4999);
#4998 = CARTESIAN_POINT('',(-7.327988177526,-2.2));
#4999 = VECTOR('',#5000,1.);
#5000 = DIRECTION('',(1.,-0.));
#5001 = ( GEOMETRIC_REPRESENTATION_CONTEXT(2) 
PARAMETRIC_REPRESENTATION_CONTEXT() REPRESENTATION_CONTEXT('2D SPACE',''
  ) );
#5002 = PCURVE('',#4853,#5003);
#5003 = DEFINITIONAL_REPRESENTATION('',(#5004),#5012);
#5004 = ( BOUNDED_CURVE() B_SPLINE_CURVE(2,(#5005,#5006,#5007,#5008,
#5009,#5010,#5011),.UNSPECIFIED.,.T.,.F.) B_SPLINE_CURVE_WITH_KNOTS((1,2
    ,2,2,2,1),(-2.094395102393,0.,2.094395102393,4.188790204786,
6.28318530718,8.377580409573),.UNSPECIFIED.) CURVE() 
GEOMETRIC_REPRESENTATION_ITEM() RATIONAL_B_SPLINE_CURVE((1.,0.5,1.,0.5,
1.,0.5,1.)) REPRESENTATION_ITEM('') );
#5005 = CARTESIAN_POINT('',(34.54258241649,59.5));
#5006 = CARTESIAN_POINT('',(137.59960546683,-0.329507769996));
#5007 = CARTESIAN_POINT('',(34.257220316929,-59.66475388499));
#5008 = CARTESIAN_POINT('',(-69.08516483298,-119.));
#5009 = CARTESIAN_POINT('',(-68.79980273341,0.164753884998));
#5010 = CARTESIAN_POINT('',(-68.51444063385,119.32950776999));
#5011 = CARTESIAN_POINT('',(34.54258241649,59.5));
#5012 = ( GEOMETRIC_REPRESENTATION_CONTEXT(2) 
PARAMETRIC_REPRESENTATION_CONTEXT() REPRESENTATION_CONTEXT('2D SPACE',''
  ) );
#5013 = ORIENTED_EDGE('',*,*,#4966,.T.);
#5014 = ORIENTED_EDGE('',*,*,#2500,.F.);
#5015 = ORIENTED_EDGE('',*,*,#4920,.F.);
#5016 = ADVANCED_FACE('',(#5017,#5020),#2920,.F.);
#5017 = FACE_BOUND('',#5018,.F.);
#5018 = EDGE_LOOP('',(#5019));
#5019 = ORIENTED_EDGE('',*,*,#2905,.T.);
#5020 = FACE_BOUND('',#5021,.F.);
#5021 = EDGE_LOOP('',(#5022));
#5022 = ORIENTED_EDGE('',*,*,#3588,.T.);
#5023 = ADVANCED_FACE('',(#5024,#5027),#3407,.F.);
#5024 = FACE_BOUND('',#5025,.F.);
#5025 = EDGE_LOOP('',(#5026));
#5026 = ORIENTED_EDGE('',*,*,#3392,.T.);
#5027 = FACE_BOUND('',#5028,.F.);
#5028 = EDGE_LOOP('',(#5029));
#5029 = ORIENTED_EDGE('',*,*,#3910,.T.);
#5030 = ADVANCED_FACE('',(#5031,#5034),#3462,.F.);
#5031 = FACE_BOUND('',#5032,.F.);
#5032 = EDGE_LOOP('',(#5033));
#5033 = ORIENTED_EDGE('',*,*,#3447,.T.);
#5034 = FACE_BOUND('',#5035,.F.);
#5035 = EDGE_LOOP('',(#5036));
#5036 = ORIENTED_EDGE('',*,*,#4177,.T.);
#5037 = ADVANCED_FACE('',(#5038,#5041),#3517,.F.);
#5038 = FACE_BOUND('',#5039,.F.);
#5039 = EDGE_LOOP('',(#5040));
#5040 = ORIENTED_EDGE('',*,*,#3502,.T.);
#5041 = FACE_BOUND('',#5042,.F.);
#5042 = EDGE_LOOP('',(#5043));
#5043 = ORIENTED_EDGE('',*,*,#4760,.T.);
#5044 = ADVANCED_FACE('',(#5045,#5048),#3571,.T.);
#5045 = FACE_BOUND('',#5046,.T.);
#5046 = EDGE_LOOP('',(#5047));
#5047 = ORIENTED_EDGE('',*,*,#3556,.T.);
#5048 = FACE_BOUND('',#5049,.T.);
#5049 = EDGE_LOOP('',(#5050));
#5050 = ORIENTED_EDGE('',*,*,#5051,.T.);
#5051 = EDGE_CURVE('',#5052,#5052,#5054,.T.);
#5052 = VERTEX_POINT('',#5053);
#5053 = CARTESIAN_POINT('',(-44.75,-41.,9.));
#5054 = SURFACE_CURVE('',#5055,(#5060,#5071),.PCURVE_S1.);
#5055 = CIRCLE('',#5056,1.25);
#5056 = AXIS2_PLACEMENT_3D('',#5057,#5058,#5059);
#5057 = CARTESIAN_POINT('',(-46.,-41.,9.));
#5058 = DIRECTION('',(0.,0.,-1.));
#5059 = DIRECTION('',(1.,0.,0.));
#5060 = PCURVE('',#3571,#5061);
#5061 = DEFINITIONAL_REPRESENTATION('',(#5062),#5070);
#5062 = ( BOUNDED_CURVE() B_SPLINE_CURVE(2,(#5063,#5064,#5065,#5066,
#5067,#5068,#5069),.UNSPECIFIED.,.T.,.F.) B_SPLINE_CURVE_WITH_KNOTS((1,2
    ,2,2,2,1),(-2.094395102393,0.,2.094395102393,4.188790204786,
6.28318530718,8.377580409573),.UNSPECIFIED.) CURVE() 
GEOMETRIC_REPRESENTATION_ITEM() RATIONAL_B_SPLINE_CURVE((1.,0.5,1.,0.5,
1.,0.5,1.)) REPRESENTATION_ITEM('') );
#5063 = CARTESIAN_POINT('',(1.25,0.));
#5064 = CARTESIAN_POINT('',(1.25,-2.165063509461));
#5065 = CARTESIAN_POINT('',(-0.625,-1.082531754731));
#5066 = CARTESIAN_POINT('',(-2.5,-3.061616997868E-16));
#5067 = CARTESIAN_POINT('',(-0.625,1.082531754731));
#5068 = CARTESIAN_POINT('',(1.25,2.165063509461));
#5069 = CARTESIAN_POINT('',(1.25,0.));
#5070 = ( GEOMETRIC_REPRESENTATION_CONTEXT(2) 
PARAMETRIC_REPRESENTATION_CONTEXT() REPRESENTATION_CONTEXT('2D SPACE',''
  ) );
#5071 = PCURVE('',#5072,#5077);
#5072 = CYLINDRICAL_SURFACE('',#5073,1.25);
#5073 = AXIS2_PLACEMENT_3D('',#5074,#5075,#5076);
#5074 = CARTESIAN_POINT('',(-46.,-41.,3.));
#5075 = DIRECTION('',(-0.,-0.,-1.));
#5076 = DIRECTION('',(1.,0.,0.));
#5077 = DEFINITIONAL_REPRESENTATION('',(#5078),#5082);
#5078 = LINE('',#5079,#5080);
#5079 = CARTESIAN_POINT('',(-6.28318530718,-6.));
#5080 = VECTOR('',#5081,1.);
#5081 = DIRECTION('',(1.,-0.));
#5082 = ( GEOMETRIC_REPRESENTATION_CONTEXT(2) 
PARAMETRIC_REPRESENTATION_CONTEXT() REPRESENTATION_CONTEXT('2D SPACE',''
  ) );
#5083 = ADVANCED_FACE('',(#5084),#3681,.T.);
#5084 = FACE_BOUND('',#5085,.T.);
#5085 = EDGE_LOOP('',(#5086,#5087,#5088,#5089));
#5086 = ORIENTED_EDGE('',*,*,#3664,.F.);
#5087 = ORIENTED_EDGE('',*,*,#3771,.T.);
#5088 = ORIENTED_EDGE('',*,*,#3823,.T.);
#5089 = ORIENTED_EDGE('',*,*,#3720,.T.);
#5090 = ADVANCED_FACE('',(#5091,#5094),#3893,.T.);
#5091 = FACE_BOUND('',#5092,.T.);
#5092 = EDGE_LOOP('',(#5093));
#5093 = ORIENTED_EDGE('',*,*,#3878,.T.);
#5094 = FACE_BOUND('',#5095,.T.);
#5095 = EDGE_LOOP('',(#5096));
#5096 = ORIENTED_EDGE('',*,*,#5097,.T.);
#5097 = EDGE_CURVE('',#5098,#5098,#5100,.T.);
#5098 = VERTEX_POINT('',#5099);
#5099 = CARTESIAN_POINT('',(47.25,-41.,9.));
#5100 = SURFACE_CURVE('',#5101,(#5106,#5117),.PCURVE_S1.);
#5101 = CIRCLE('',#5102,1.25);
#5102 = AXIS2_PLACEMENT_3D('',#5103,#5104,#5105);
#5103 = CARTESIAN_POINT('',(46.,-41.,9.));
#5104 = DIRECTION('',(0.,0.,-1.));
#5105 = DIRECTION('',(1.,0.,0.));
#5106 = PCURVE('',#3893,#5107);
#5107 = DEFINITIONAL_REPRESENTATION('',(#5108),#5116);
#5108 = ( BOUNDED_CURVE() B_SPLINE_CURVE(2,(#5109,#5110,#5111,#5112,
#5113,#5114,#5115),.UNSPECIFIED.,.T.,.F.) B_SPLINE_CURVE_WITH_KNOTS((1,2
    ,2,2,2,1),(-2.094395102393,0.,2.094395102393,4.188790204786,
6.28318530718,8.377580409573),.UNSPECIFIED.) CURVE() 
GEOMETRIC_REPRESENTATION_ITEM() RATIONAL_B_SPLINE_CURVE((1.,0.5,1.,0.5,
1.,0.5,1.)) REPRESENTATION_ITEM('') );
#5109 = CARTESIAN_POINT('',(1.25,0.));
#5110 = CARTESIAN_POINT('',(1.25,-2.165063509461));
#5111 = CARTESIAN_POINT('',(-0.625,-1.082531754731));
#5112 = CARTESIAN_POINT('',(-2.5,-3.061616997868E-16));
#5113 = CARTESIAN_POINT('',(-0.625,1.082531754731));
#5114 = CARTESIAN_POINT('',(1.25,2.165063509461));
#5115 = CARTESIAN_POINT('',(1.25,0.));
#5116 = ( GEOMETRIC_REPRESENTATION_CONTEXT(2) 
PARAMETRIC_REPRESENTATION_CONTEXT() REPRESENTATION_CONTEXT('2D SPACE',''
  ) );
#5117 = PCURVE('',#5118,#5123);
#5118 = CYLINDRICAL_SURFACE('',#5119,1.25);
#5119 = AXIS2_PLACEMENT_3D('',#5120,#5121,#5122);
#5120 = CARTESIAN_POINT('',(46.,-41.,3.));
#5121 = DIRECTION('',(-0.,-0.,-1.));
#5122 = DIRECTION('',(1.,0.,0.));
#5123 = DEFINITIONAL_REPRESENTATION('',(#5124),#5128);
#5124 = LINE('',#5125,#5126);
#5125 = CARTESIAN_POINT('',(-6.28318530718,-6.));
#5126 = VECTOR('',#5127,1.);
#5127 = DIRECTION('',(1.,-0.));
#5128 = ( GEOMETRIC_REPRESENTATION_CONTEXT(2) 
PARAMETRIC_REPRESENTATION_CONTEXT() REPRESENTATION_CONTEXT('2D SPACE',''
  ) );
#5129 = ADVANCED_FACE('',(#5130),#4003,.T.);
#5130 = FACE_BOUND('',#5131,.T.);
#5131 = EDGE_LOOP('',(#5132,#5133,#5134,#5135));
#5132 = ORIENTED_EDGE('',*,*,#3986,.F.);
#5133 = ORIENTED_EDGE('',*,*,#4093,.T.);
#5134 = ORIENTED_EDGE('',*,*,#4145,.T.);
#5135 = ORIENTED_EDGE('',*,*,#4042,.T.);
#5136 = ADVANCED_FACE('',(#5137,#5140),#4269,.T.);
#5137 = FACE_BOUND('',#5138,.T.);
#5138 = EDGE_LOOP('',(#5139));
#5139 = ORIENTED_EDGE('',*,*,#4254,.T.);
#5140 = FACE_BOUND('',#5141,.T.);
#5141 = EDGE_LOOP('',(#5142));
#5142 = ORIENTED_EDGE('',*,*,#5143,.T.);
#5143 = EDGE_CURVE('',#5144,#5144,#5146,.T.);
#5144 = VERTEX_POINT('',#5145);
#5145 = CARTESIAN_POINT('',(-44.75,41.,9.));
#5146 = SURFACE_CURVE('',#5147,(#5152,#5163),.PCURVE_S1.);
#5147 = CIRCLE('',#5148,1.25);
#5148 = AXIS2_PLACEMENT_3D('',#5149,#5150,#5151);
#5149 = CARTESIAN_POINT('',(-46.,41.,9.));
#5150 = DIRECTION('',(0.,0.,-1.));
#5151 = DIRECTION('',(1.,0.,0.));
#5152 = PCURVE('',#4269,#5153);
#5153 = DEFINITIONAL_REPRESENTATION('',(#5154),#5162);
#5154 = ( BOUNDED_CURVE() B_SPLINE_CURVE(2,(#5155,#5156,#5157,#5158,
#5159,#5160,#5161),.UNSPECIFIED.,.T.,.F.) B_SPLINE_CURVE_WITH_KNOTS((1,2
    ,2,2,2,1),(-2.094395102393,0.,2.094395102393,4.188790204786,
6.28318530718,8.377580409573),.UNSPECIFIED.) CURVE() 
GEOMETRIC_REPRESENTATION_ITEM() RATIONAL_B_SPLINE_CURVE((1.,0.5,1.,0.5,
1.,0.5,1.)) REPRESENTATION_ITEM('') );
#5155 = CARTESIAN_POINT('',(1.25,0.));
#5156 = CARTESIAN_POINT('',(1.25,-2.165063509461));
#5157 = CARTESIAN_POINT('',(-0.625,-1.082531754731));
#5158 = CARTESIAN_POINT('',(-2.5,-3.061616997868E-16));
#5159 = CARTESIAN_POINT('',(-0.625,1.082531754731));
#5160 = CARTESIAN_POINT('',(1.25,2.165063509461));
#5161 = CARTESIAN_POINT('',(1.25,0.));
#5162 = ( GEOMETRIC_REPRESENTATION_CONTEXT(2) 
PARAMETRIC_REPRESENTATION_CONTEXT() REPRESENTATION_CONTEXT('2D SPACE',''
  ) );
#5163 = PCURVE('',#5164,#5169);
#5164 = CYLINDRICAL_SURFACE('',#5165,1.25);
#5165 = AXIS2_PLACEMENT_3D('',#5166,#5167,#5168);
#5166 = CARTESIAN_POINT('',(-46.,41.,3.));
#5167 = DIRECTION('',(-0.,-0.,-1.));
#5168 = DIRECTION('',(1.,0.,0.));
#5169 = DEFINITIONAL_REPRESENTATION('',(#5170),#5174);
#5170 = LINE('',#5171,#5172);
#5171 = CARTESIAN_POINT('',(-6.28318530718,-6.));
#5172 = VECTOR('',#5173,1.);
#5173 = DIRECTION('',(1.,-0.));
#5174 = ( GEOMETRIC_REPRESENTATION_CONTEXT(2) 
PARAMETRIC_REPRESENTATION_CONTEXT() REPRESENTATION_CONTEXT('2D SPACE',''
  ) );
#5175 = ADVANCED_FACE('',(#5176),#4325,.T.);
#5176 = FACE_BOUND('',#5177,.T.);
#5177 = EDGE_LOOP('',(#5178,#5179,#5180,#5181));
#5178 = ORIENTED_EDGE('',*,*,#4408,.T.);
#5179 = ORIENTED_EDGE('',*,*,#4460,.T.);
#5180 = ORIENTED_EDGE('',*,*,#4364,.T.);
#5181 = ORIENTED_EDGE('',*,*,#4308,.F.);
#5182 = ADVANCED_FACE('',(#5183),#4531,.T.);
#5183 = FACE_BOUND('',#5184,.T.);
#5184 = EDGE_LOOP('',(#5185,#5186,#5187,#5188));
#5185 = ORIENTED_EDGE('',*,*,#4514,.F.);
#5186 = ORIENTED_EDGE('',*,*,#4621,.T.);
#5187 = ORIENTED_EDGE('',*,*,#4673,.T.);
#5188 = ORIENTED_EDGE('',*,*,#4570,.T.);
#5189 = ADVANCED_FACE('',(#5190,#5193),#4743,.T.);
#5190 = FACE_BOUND('',#5191,.T.);
#5191 = EDGE_LOOP('',(#5192));
#5192 = ORIENTED_EDGE('',*,*,#4728,.T.);
#5193 = FACE_BOUND('',#5194,.T.);
#5194 = EDGE_LOOP('',(#5195));
#5195 = ORIENTED_EDGE('',*,*,#5196,.T.);
#5196 = EDGE_CURVE('',#5197,#5197,#5199,.T.);
#5197 = VERTEX_POINT('',#5198);
#5198 = CARTESIAN_POINT('',(47.25,41.,9.));
#5199 = SURFACE_CURVE('',#5200,(#5205,#5216),.PCURVE_S1.);
#5200 = CIRCLE('',#5201,1.25);
#5201 = AXIS2_PLACEMENT_3D('',#5202,#5203,#5204);
#5202 = CARTESIAN_POINT('',(46.,41.,9.));
#5203 = DIRECTION('',(0.,0.,-1.));
#5204 = DIRECTION('',(1.,0.,0.));
#5205 = PCURVE('',#4743,#5206);
#5206 = DEFINITIONAL_REPRESENTATION('',(#5207),#5215);
#5207 = ( BOUNDED_CURVE() B_SPLINE_CURVE(2,(#5208,#5209,#5210,#5211,
#5212,#5213,#5214),.UNSPECIFIED.,.T.,.F.) B_SPLINE_CURVE_WITH_KNOTS((1,2
    ,2,2,2,1),(-2.094395102393,0.,2.094395102393,4.188790204786,
6.28318530718,8.377580409573),.UNSPECIFIED.) CURVE() 
GEOMETRIC_REPRESENTATION_ITEM() RATIONAL_B_SPLINE_CURVE((1.,0.5,1.,0.5,
1.,0.5,1.)) REPRESENTATION_ITEM('') );
#5208 = CARTESIAN_POINT('',(1.25,0.));
#5209 = CARTESIAN_POINT('',(1.25,-2.165063509461));
#5210 = CARTESIAN_POINT('',(-0.625,-1.082531754731));
#5211 = CARTESIAN_POINT('',(-2.5,-3.061616997868E-16));
#5212 = CARTESIAN_POINT('',(-0.625,1.082531754731));
#5213 = CARTESIAN_POINT('',(1.25,2.165063509461));
#5214 = CARTESIAN_POINT('',(1.25,0.));
#5215 = ( GEOMETRIC_REPRESENTATION_CONTEXT(2) 
PARAMETRIC_REPRESENTATION_CONTEXT() REPRESENTATION_CONTEXT('2D SPACE',''
  ) );
#5216 = PCURVE('',#5217,#5222);
#5217 = CYLINDRICAL_SURFACE('',#5218,1.25);
#5218 = AXIS2_PLACEMENT_3D('',#5219,#5220,#5221);
#5219 = CARTESIAN_POINT('',(46.,41.,3.));
#5220 = DIRECTION('',(-0.,-0.,-1.));
#5221 = DIRECTION('',(1.,0.,0.));
#5222 = DEFINITIONAL_REPRESENTATION('',(#5223),#5227);
#5223 = LINE('',#5224,#5225);
#5224 = CARTESIAN_POINT('',(-6.28318530718,-6.));
#5225 = VECTOR('',#5226,1.);
#5226 = DIRECTION('',(1.,-0.));
#5227 = ( GEOMETRIC_REPRESENTATION_CONTEXT(2) 
PARAMETRIC_REPRESENTATION_CONTEXT() REPRESENTATION_CONTEXT('2D SPACE',''
  ) );
#5228 = ADVANCED_FACE('',(#5229),#4853,.T.);
#5229 = FACE_BOUND('',#5230,.T.);
#5230 = EDGE_LOOP('',(#5231,#5232,#5233,#5234));
#5231 = ORIENTED_EDGE('',*,*,#4988,.T.);
#5232 = ORIENTED_EDGE('',*,*,#4892,.T.);
#5233 = ORIENTED_EDGE('',*,*,#4836,.F.);
#5234 = ORIENTED_EDGE('',*,*,#4943,.T.);
#5235 = ADVANCED_FACE('',(#5236),#5072,.F.);
#5236 = FACE_BOUND('',#5237,.T.);
#5237 = EDGE_LOOP('',(#5238,#5267,#5288,#5289));
#5238 = ORIENTED_EDGE('',*,*,#5239,.F.);
#5239 = EDGE_CURVE('',#5240,#5240,#5242,.T.);
#5240 = VERTEX_POINT('',#5241);
#5241 = CARTESIAN_POINT('',(-44.75,-41.,3.));
#5242 = SURFACE_CURVE('',#5243,(#5248,#5255),.PCURVE_S1.);
#5243 = CIRCLE('',#5244,1.25);
#5244 = AXIS2_PLACEMENT_3D('',#5245,#5246,#5247);
#5245 = CARTESIAN_POINT('',(-46.,-41.,3.));
#5246 = DIRECTION('',(0.,0.,1.));
#5247 = DIRECTION('',(1.,0.,0.));
#5248 = PCURVE('',#5072,#5249);
#5249 = DEFINITIONAL_REPRESENTATION('',(#5250),#5254);
#5250 = LINE('',#5251,#5252);
#5251 = CARTESIAN_POINT('',(-0.,0.));
#5252 = VECTOR('',#5253,1.);
#5253 = DIRECTION('',(-1.,0.));
#5254 = ( GEOMETRIC_REPRESENTATION_CONTEXT(2) 
PARAMETRIC_REPRESENTATION_CONTEXT() REPRESENTATION_CONTEXT('2D SPACE',''
  ) );
#5255 = PCURVE('',#5256,#5261);
#5256 = PLANE('',#5257);
#5257 = AXIS2_PLACEMENT_3D('',#5258,#5259,#5260);
#5258 = CARTESIAN_POINT('',(-46.,-41.,3.));
#5259 = DIRECTION('',(0.,0.,1.));
#5260 = DIRECTION('',(1.,0.,-0.));
#5261 = DEFINITIONAL_REPRESENTATION('',(#5262),#5266);
#5262 = CIRCLE('',#5263,1.25);
#5263 = AXIS2_PLACEMENT_2D('',#5264,#5265);
#5264 = CARTESIAN_POINT('',(0.,0.));
#5265 = DIRECTION('',(1.,0.));
#5266 = ( GEOMETRIC_REPRESENTATION_CONTEXT(2) 
PARAMETRIC_REPRESENTATION_CONTEXT() REPRESENTATION_CONTEXT('2D SPACE',''
  ) );
#5267 = ORIENTED_EDGE('',*,*,#5268,.T.);
#5268 = EDGE_CURVE('',#5240,#5052,#5269,.T.);
#5269 = SEAM_CURVE('',#5270,(#5274,#5281),.PCURVE_S1.);
#5270 = LINE('',#5271,#5272);
#5271 = CARTESIAN_POINT('',(-44.75,-41.,3.));
#5272 = VECTOR('',#5273,1.);
#5273 = DIRECTION('',(0.,0.,1.));
#5274 = PCURVE('',#5072,#5275);
#5275 = DEFINITIONAL_REPRESENTATION('',(#5276),#5280);
#5276 = LINE('',#5277,#5278);
#5277 = CARTESIAN_POINT('',(-6.28318530718,0.));
#5278 = VECTOR('',#5279,1.);
#5279 = DIRECTION('',(-0.,-1.));
#5280 = ( GEOMETRIC_REPRESENTATION_CONTEXT(2) 
PARAMETRIC_REPRESENTATION_CONTEXT() REPRESENTATION_CONTEXT('2D SPACE',''
  ) );
#5281 = PCURVE('',#5072,#5282);
#5282 = DEFINITIONAL_REPRESENTATION('',(#5283),#5287);
#5283 = LINE('',#5284,#5285);
#5284 = CARTESIAN_POINT('',(-0.,0.));
#5285 = VECTOR('',#5286,1.);
#5286 = DIRECTION('',(-0.,-1.));
#5287 = ( GEOMETRIC_REPRESENTATION_CONTEXT(2) 
PARAMETRIC_REPRESENTATION_CONTEXT() REPRESENTATION_CONTEXT('2D SPACE',''
  ) );
#5288 = ORIENTED_EDGE('',*,*,#5051,.F.);
#5289 = ORIENTED_EDGE('',*,*,#5268,.F.);
#5290 = ADVANCED_FACE('',(#5291),#5118,.F.);
#5291 = FACE_BOUND('',#5292,.T.);
#5292 = EDGE_LOOP('',(#5293,#5322,#5343,#5344));
#5293 = ORIENTED_EDGE('',*,*,#5294,.F.);
#5294 = EDGE_CURVE('',#5295,#5295,#5297,.T.);
#5295 = VERTEX_POINT('',#5296);
#5296 = CARTESIAN_POINT('',(47.25,-41.,3.));
#5297 = SURFACE_CURVE('',#5298,(#5303,#5310),.PCURVE_S1.);
#5298 = CIRCLE('',#5299,1.25);
#5299 = AXIS2_PLACEMENT_3D('',#5300,#5301,#5302);
#5300 = CARTESIAN_POINT('',(46.,-41.,3.));
#5301 = DIRECTION('',(0.,0.,1.));
#5302 = DIRECTION('',(1.,0.,0.));
#5303 = PCURVE('',#5118,#5304);
#5304 = DEFINITIONAL_REPRESENTATION('',(#5305),#5309);
#5305 = LINE('',#5306,#5307);
#5306 = CARTESIAN_POINT('',(-0.,0.));
#5307 = VECTOR('',#5308,1.);
#5308 = DIRECTION('',(-1.,0.));
#5309 = ( GEOMETRIC_REPRESENTATION_CONTEXT(2) 
PARAMETRIC_REPRESENTATION_CONTEXT() REPRESENTATION_CONTEXT('2D SPACE',''
  ) );
#5310 = PCURVE('',#5311,#5316);
#5311 = PLANE('',#5312);
#5312 = AXIS2_PLACEMENT_3D('',#5313,#5314,#5315);
#5313 = CARTESIAN_POINT('',(46.,-41.,3.));
#5314 = DIRECTION('',(0.,0.,1.));
#5315 = DIRECTION('',(1.,0.,-0.));
#5316 = DEFINITIONAL_REPRESENTATION('',(#5317),#5321);
#5317 = CIRCLE('',#5318,1.25);
#5318 = AXIS2_PLACEMENT_2D('',#5319,#5320);
#5319 = CARTESIAN_POINT('',(0.,0.));
#5320 = DIRECTION('',(1.,0.));
#5321 = ( GEOMETRIC_REPRESENTATION_CONTEXT(2) 
PARAMETRIC_REPRESENTATION_CONTEXT() REPRESENTATION_CONTEXT('2D SPACE',''
  ) );
#5322 = ORIENTED_EDGE('',*,*,#5323,.T.);
#5323 = EDGE_CURVE('',#5295,#5098,#5324,.T.);
#5324 = SEAM_CURVE('',#5325,(#5329,#5336),.PCURVE_S1.);
#5325 = LINE('',#5326,#5327);
#5326 = CARTESIAN_POINT('',(47.25,-41.,3.));
#5327 = VECTOR('',#5328,1.);
#5328 = DIRECTION('',(0.,0.,1.));
#5329 = PCURVE('',#5118,#5330);
#5330 = DEFINITIONAL_REPRESENTATION('',(#5331),#5335);
#5331 = LINE('',#5332,#5333);
#5332 = CARTESIAN_POINT('',(-6.28318530718,0.));
#5333 = VECTOR('',#5334,1.);
#5334 = DIRECTION('',(-0.,-1.));
#5335 = ( GEOMETRIC_REPRESENTATION_CONTEXT(2) 
PARAMETRIC_REPRESENTATION_CONTEXT() REPRESENTATION_CONTEXT('2D SPACE',''
  ) );
#5336 = PCURVE('',#5118,#5337);
#5337 = DEFINITIONAL_REPRESENTATION('',(#5338),#5342);
#5338 = LINE('',#5339,#5340);
#5339 = CARTESIAN_POINT('',(-0.,0.));
#5340 = VECTOR('',#5341,1.);
#5341 = DIRECTION('',(-0.,-1.));
#5342 = ( GEOMETRIC_REPRESENTATION_CONTEXT(2) 
PARAMETRIC_REPRESENTATION_CONTEXT() REPRESENTATION_CONTEXT('2D SPACE',''
  ) );
#5343 = ORIENTED_EDGE('',*,*,#5097,.F.);
#5344 = ORIENTED_EDGE('',*,*,#5323,.F.);
#5345 = ADVANCED_FACE('',(#5346),#5164,.F.);
#5346 = FACE_BOUND('',#5347,.T.);
#5347 = EDGE_LOOP('',(#5348,#5377,#5398,#5399));
#5348 = ORIENTED_EDGE('',*,*,#5349,.F.);
#5349 = EDGE_CURVE('',#5350,#5350,#5352,.T.);
#5350 = VERTEX_POINT('',#5351);
#5351 = CARTESIAN_POINT('',(-44.75,41.,3.));
#5352 = SURFACE_CURVE('',#5353,(#5358,#5365),.PCURVE_S1.);
#5353 = CIRCLE('',#5354,1.25);
#5354 = AXIS2_PLACEMENT_3D('',#5355,#5356,#5357);
#5355 = CARTESIAN_POINT('',(-46.,41.,3.));
#5356 = DIRECTION('',(0.,0.,1.));
#5357 = DIRECTION('',(1.,0.,0.));
#5358 = PCURVE('',#5164,#5359);
#5359 = DEFINITIONAL_REPRESENTATION('',(#5360),#5364);
#5360 = LINE('',#5361,#5362);
#5361 = CARTESIAN_POINT('',(-0.,0.));
#5362 = VECTOR('',#5363,1.);
#5363 = DIRECTION('',(-1.,0.));
#5364 = ( GEOMETRIC_REPRESENTATION_CONTEXT(2) 
PARAMETRIC_REPRESENTATION_CONTEXT() REPRESENTATION_CONTEXT('2D SPACE',''
  ) );
#5365 = PCURVE('',#5366,#5371);
#5366 = PLANE('',#5367);
#5367 = AXIS2_PLACEMENT_3D('',#5368,#5369,#5370);
#5368 = CARTESIAN_POINT('',(-46.,41.,3.));
#5369 = DIRECTION('',(0.,0.,1.));
#5370 = DIRECTION('',(1.,0.,-0.));
#5371 = DEFINITIONAL_REPRESENTATION('',(#5372),#5376);
#5372 = CIRCLE('',#5373,1.25);
#5373 = AXIS2_PLACEMENT_2D('',#5374,#5375);
#5374 = CARTESIAN_POINT('',(0.,0.));
#5375 = DIRECTION('',(1.,0.));
#5376 = ( GEOMETRIC_REPRESENTATION_CONTEXT(2) 
PARAMETRIC_REPRESENTATION_CONTEXT() REPRESENTATION_CONTEXT('2D SPACE',''
  ) );
#5377 = ORIENTED_EDGE('',*,*,#5378,.T.);
#5378 = EDGE_CURVE('',#5350,#5144,#5379,.T.);
#5379 = SEAM_CURVE('',#5380,(#5384,#5391),.PCURVE_S1.);
#5380 = LINE('',#5381,#5382);
#5381 = CARTESIAN_POINT('',(-44.75,41.,3.));
#5382 = VECTOR('',#5383,1.);
#5383 = DIRECTION('',(0.,0.,1.));
#5384 = PCURVE('',#5164,#5385);
#5385 = DEFINITIONAL_REPRESENTATION('',(#5386),#5390);
#5386 = LINE('',#5387,#5388);
#5387 = CARTESIAN_POINT('',(-6.28318530718,0.));
#5388 = VECTOR('',#5389,1.);
#5389 = DIRECTION('',(-0.,-1.));
#5390 = ( GEOMETRIC_REPRESENTATION_CONTEXT(2) 
PARAMETRIC_REPRESENTATION_CONTEXT() REPRESENTATION_CONTEXT('2D SPACE',''
  ) );
#5391 = PCURVE('',#5164,#5392);
#5392 = DEFINITIONAL_REPRESENTATION('',(#5393),#5397);
#5393 = LINE('',#5394,#5395);
#5394 = CARTESIAN_POINT('',(-0.,0.));
#5395 = VECTOR('',#5396,1.);
#5396 = DIRECTION('',(-0.,-1.));
#5397 = ( GEOMETRIC_REPRESENTATION_CONTEXT(2) 
PARAMETRIC_REPRESENTATION_CONTEXT() REPRESENTATION_CONTEXT('2D SPACE',''
  ) );
#5398 = ORIENTED_EDGE('',*,*,#5143,.F.);
#5399 = ORIENTED_EDGE('',*,*,#5378,.F.);
#5400 = ADVANCED_FACE('',(#5401),#5217,.F.);
#5401 = FACE_BOUND('',#5402,.T.);
#5402 = EDGE_LOOP('',(#5403,#5432,#5453,#5454));
#5403 = ORIENTED_EDGE('',*,*,#5404,.F.);
#5404 = EDGE_CURVE('',#5405,#5405,#5407,.T.);
#5405 = VERTEX_POINT('',#5406);
#5406 = CARTESIAN_POINT('',(47.25,41.,3.));
#5407 = SURFACE_CURVE('',#5408,(#5413,#5420),.PCURVE_S1.);
#5408 = CIRCLE('',#5409,1.25);
#5409 = AXIS2_PLACEMENT_3D('',#5410,#5411,#5412);
#5410 = CARTESIAN_POINT('',(46.,41.,3.));
#5411 = DIRECTION('',(0.,0.,1.));
#5412 = DIRECTION('',(1.,0.,0.));
#5413 = PCURVE('',#5217,#5414);
#5414 = DEFINITIONAL_REPRESENTATION('',(#5415),#5419);
#5415 = LINE('',#5416,#5417);
#5416 = CARTESIAN_POINT('',(-0.,0.));
#5417 = VECTOR('',#5418,1.);
#5418 = DIRECTION('',(-1.,0.));
#5419 = ( GEOMETRIC_REPRESENTATION_CONTEXT(2) 
PARAMETRIC_REPRESENTATION_CONTEXT() REPRESENTATION_CONTEXT('2D SPACE',''
  ) );
#5420 = PCURVE('',#5421,#5426);
#5421 = PLANE('',#5422);
#5422 = AXIS2_PLACEMENT_3D('',#5423,#5424,#5425);
#5423 = CARTESIAN_POINT('',(46.,41.,3.));
#5424 = DIRECTION('',(0.,0.,1.));
#5425 = DIRECTION('',(1.,0.,-0.));
#5426 = DEFINITIONAL_REPRESENTATION('',(#5427),#5431);
#5427 = CIRCLE('',#5428,1.25);
#5428 = AXIS2_PLACEMENT_2D('',#5429,#5430);
#5429 = CARTESIAN_POINT('',(0.,0.));
#5430 = DIRECTION('',(1.,0.));
#5431 = ( GEOMETRIC_REPRESENTATION_CONTEXT(2) 
PARAMETRIC_REPRESENTATION_CONTEXT() REPRESENTATION_CONTEXT('2D SPACE',''
  ) );
#5432 = ORIENTED_EDGE('',*,*,#5433,.T.);
#5433 = EDGE_CURVE('',#5405,#5197,#5434,.T.);
#5434 = SEAM_CURVE('',#5435,(#5439,#5446),.PCURVE_S1.);
#5435 = LINE('',#5436,#5437);
#5436 = CARTESIAN_POINT('',(47.25,41.,3.));
#5437 = VECTOR('',#5438,1.);
#5438 = DIRECTION('',(0.,0.,1.));
#5439 = PCURVE('',#5217,#5440);
#5440 = DEFINITIONAL_REPRESENTATION('',(#5441),#5445);
#5441 = LINE('',#5442,#5443);
#5442 = CARTESIAN_POINT('',(-6.28318530718,0.));
#5443 = VECTOR('',#5444,1.);
#5444 = DIRECTION('',(-0.,-1.));
#5445 = ( GEOMETRIC_REPRESENTATION_CONTEXT(2) 
PARAMETRIC_REPRESENTATION_CONTEXT() REPRESENTATION_CONTEXT('2D SPACE',''
  ) );
#5446 = PCURVE('',#5217,#5447);
#5447 = DEFINITIONAL_REPRESENTATION('',(#5448),#5452);
#5448 = LINE('',#5449,#5450);
#5449 = CARTESIAN_POINT('',(-0.,0.));
#5450 = VECTOR('',#5451,1.);
#5451 = DIRECTION('',(-0.,-1.));
#5452 = ( GEOMETRIC_REPRESENTATION_CONTEXT(2) 
PARAMETRIC_REPRESENTATION_CONTEXT() REPRESENTATION_CONTEXT('2D SPACE',''
  ) );
#5453 = ORIENTED_EDGE('',*,*,#5196,.F.);
#5454 = ORIENTED_EDGE('',*,*,#5433,.F.);
#5455 = ADVANCED_FACE('',(#5456),#5256,.T.);
#5456 = FACE_BOUND('',#5457,.T.);
#5457 = EDGE_LOOP('',(#5458));
#5458 = ORIENTED_EDGE('',*,*,#5239,.T.);
#5459 = ADVANCED_FACE('',(#5460),#5311,.T.);
#5460 = FACE_BOUND('',#5461,.T.);
#5461 = EDGE_LOOP('',(#5462));
#5462 = ORIENTED_EDGE('',*,*,#5294,.T.);
#5463 = ADVANCED_FACE('',(#5464),#5366,.T.);
#5464 = FACE_BOUND('',#5465,.T.);
#5465 = EDGE_LOOP('',(#5466));
#5466 = ORIENTED_EDGE('',*,*,#5349,.T.);
#5467 = ADVANCED_FACE('',(#5468),#5421,.T.);
#5468 = FACE_BOUND('',#5469,.T.);
#5469 = EDGE_LOOP('',(#5470));
#5470 = ORIENTED_EDGE('',*,*,#5404,.T.);
#5471 = ( GEOMETRIC_REPRESENTATION_CONTEXT(3) 
GLOBAL_UNCERTAINTY_ASSIGNED_CONTEXT((#5475)) 
GLOBAL_UNIT_ASSIGNED_CONTEXT((#5472,#5473,#5474)) REPRESENTATION_CONTEXT
('Context #1','3D Context with UNIT and UNCERTAINTY') );
#5472 = ( LENGTH_UNIT() NAMED_UNIT(*) SI_UNIT(.MILLI.,.METRE.) );
#5473 = ( NAMED_UNIT(*) PLANE_ANGLE_UNIT() SI_UNIT($,.RADIAN.) );
#5474 = ( NAMED_UNIT(*) SI_UNIT($,.STERADIAN.) SOLID_ANGLE_UNIT() );
#5475 = UNCERTAINTY_MEASURE_WITH_UNIT(LENGTH_MEASURE(1.E-07),#5472,
  'distance_accuracy_value','confusion accuracy');
#5476 = PRODUCT_RELATED_PRODUCT_CATEGORY('part',$,(#7));
ENDSEC;
END-ISO-10303-21;
